xkoord,ykoord,kinder
8.49785,47.43487,0
8.49965,47.43487,0
8.50145,47.43487,0
8.50324,47.43487,0
8.50504,47.43487,0
8.49426,47.43366,0
8.49606,47.43366,0
8.49785,47.43366,0
8.49965,47.43366,0
8.50145,47.43366,0
8.50324,47.43366,0
8.50504,47.43366,0
8.50684,47.43366,0.026900001
8.50863,47.43366,0.020199999
8.51043,47.43366,0.020199999
8.5266,47.43366,0
8.5284,47.43366,0
8.53019,47.43366,0
8.53199,47.43366,0.042800002
8.53379,47.43366,0.367500007
8.54457,47.43366,11.19929981
8.54636,47.43366,10.19909954
8.48707,47.43244,0
8.48887,47.43244,0
8.49067,47.43244,0
8.49246,47.43244,0
8.49426,47.43244,0
8.49606,47.43244,0
8.49785,47.43244,0
8.49965,47.43244,0.1708
8.50145,47.43244,0.063299999
8.50324,47.43244,0.036800001
8.50504,47.43244,0.087499999
8.50684,47.43244,0.172700003
8.50863,47.43244,0.164499998
8.51043,47.43244,0.141499996
8.51223,47.43244,0.086800002
8.51402,47.43244,0.0276
8.51582,47.43244,0
8.51762,47.43244,0
8.51941,47.43244,0
8.52121,47.43244,0
8.52301,47.43244,0
8.5248,47.43244,0
8.5266,47.43244,0
8.5284,47.43244,0
8.53019,47.43244,0.018999999
8.53199,47.43244,0.497000009
8.53379,47.43244,1.414999962
8.53558,47.43244,2.880899906
8.53738,47.43244,4.832499981
8.53918,47.43244,7.947800159
8.54097,47.43244,11.71030045
8.54277,47.43244,15.00139999
8.54457,47.43244,16.80369949
8.54636,47.43244,16.44739914
8.54816,47.43244,13.37139988
8.54996,47.43244,9.604200363
8.55175,47.43244,5.573900223
8.48528,47.43123,0
8.48707,47.43123,0
8.48887,47.43123,0
8.49067,47.43123,0
8.49246,47.43123,0
8.49426,47.43123,0
8.49606,47.43123,0.246900007
8.49785,47.43123,0.450700015
8.49965,47.43123,0.735000014
8.50145,47.43123,1.014600039
8.50324,47.43123,0.766799986
8.50504,47.43123,0.414400011
8.50684,47.43123,0.500899971
8.50863,47.43123,0.488499999
8.51043,47.43123,0.455000013
8.51223,47.43123,0.497799993
8.51402,47.43123,0.617399991
8.51582,47.43123,0.136600003
8.51762,47.43123,0
8.51941,47.43123,0.056600001
8.52121,47.43123,0.125699997
8.52301,47.43123,0.226300001
8.5248,47.43123,0.194800004
8.5266,47.43123,0
8.5284,47.43123,0
8.53019,47.43123,0.320100009
8.53199,47.43123,1.217599988
8.53379,47.43123,2.605900049
8.53558,47.43123,4.612100124
8.53738,47.43123,7.425899982
8.53918,47.43123,11.24940014
8.54097,47.43123,15.99339962
8.54277,47.43123,20.12919998
8.54457,47.43123,22.82690048
8.54636,47.43123,23.00530052
8.54816,47.43123,19.63100052
8.54996,47.43123,14.8448
8.55175,47.43123,10.05370045
8.55355,47.43123,6.645500183
8.55535,47.43123,4.097899914
8.48528,47.43001,0
8.48707,47.43001,0
8.48887,47.43001,0
8.49067,47.43001,0
8.49246,47.43001,0
8.49426,47.43001,0.246900007
8.49606,47.43001,1.137899995
8.49785,47.43001,1.978700042
8.49965,47.43001,2.849699974
8.50145,47.43001,3.404700041
8.50324,47.43001,3.712500095
8.50504,47.43001,2.271899939
8.50684,47.43001,1.537999988
8.50863,47.43001,1.321799994
8.51043,47.43001,2.00819993
8.51223,47.43001,2.436700106
8.51402,47.43001,2.113699913
8.51582,47.43001,2.145800114
8.51762,47.43001,1.188899994
8.51941,47.43001,0.919099987
8.52121,47.43001,1.303200006
8.52301,47.43001,1.504799962
8.5248,47.43001,1.24240005
8.5266,47.43001,0.760599971
8.5284,47.43001,0.283499986
8.53019,47.43001,0.541100025
8.53199,47.43001,1.854200006
8.53379,47.43001,4.299099922
8.53558,47.43001,7.015699863
8.53738,47.43001,10.6402998
8.53918,47.43001,14.35289955
8.54097,47.43001,19.05010033
8.54277,47.43001,23.20549965
8.54457,47.43001,26.41539955
8.54636,47.43001,26.67889977
8.54816,47.43001,23.95079994
8.54996,47.43001,19.85199928
8.55175,47.43001,14.6473999
8.55355,47.43001,10.31939983
8.55535,47.43001,7.110000134
8.48528,47.4288,0
8.48707,47.4288,0
8.48887,47.4288,0
8.49067,47.4288,0
8.49246,47.4288,0.43900001
8.49426,47.4288,1.420300007
8.49606,47.4288,3.083199978
8.49785,47.4288,5.113900185
8.49965,47.4288,7.536200047
8.50145,47.4288,8.700099945
8.50324,47.4288,8.50399971
8.50504,47.4288,6.916900158
8.50684,47.4288,5.547999859
8.50863,47.4288,4.105199814
8.51043,47.4288,4.342999935
8.51223,47.4288,5.393899918
8.51402,47.4288,5.420499802
8.51582,47.4288,5.306200027
8.51762,47.4288,4.184400082
8.51941,47.4288,3.908699989
8.52121,47.4288,3.353800058
8.52301,47.4288,3.538500071
8.5248,47.4288,3.102999926
8.5266,47.4288,2.145999908
8.5284,47.4288,1.283400059
8.53019,47.4288,1.208400011
8.53199,47.4288,2.911600113
8.53379,47.4288,6.298399925
8.53558,47.4288,9.585599899
8.53738,47.4288,13.17689991
8.53918,47.4288,17.25959969
8.54097,47.4288,21.66209984
8.54277,47.4288,25.2385006
8.54457,47.4288,27.84079933
8.54636,47.4288,28.44750023
8.54816,47.4288,26.13529968
8.54996,47.4288,22.30050087
8.55175,47.4288,17.4442997
8.55355,47.4288,13.20440006
8.55535,47.4288,9.842900276
8.55714,47.4288,6.141699791
8.48707,47.42758,0
8.48887,47.42758,0
8.49067,47.42758,0.521300018
8.49246,47.42758,1.36559999
8.49426,47.42758,2.883100033
8.49606,47.42758,5.673900127
8.49785,47.42758,10.09770012
8.49965,47.42758,14.34819984
8.50145,47.42758,15.89560032
8.50324,47.42758,16.27709961
8.50504,47.42758,14.54450035
8.50684,47.42758,11.5685997
8.50863,47.42758,9.664600372
8.51043,47.42758,9.055199623
8.51223,47.42758,9.700400352
8.51402,47.42758,9.975999832
8.51582,47.42758,9.236399651
8.51762,47.42758,8.123000145
8.51941,47.42758,7.023499966
8.52121,47.42758,5.970099926
8.52301,47.42758,5.604199886
8.5248,47.42758,4.991799831
8.5266,47.42758,3.534699917
8.5284,47.42758,1.924399972
8.53019,47.42758,1.421599984
8.53199,47.42758,3.72149992
8.53379,47.42758,7.387800217
8.53558,47.42758,11.63059998
8.53738,47.42758,15.68010044
8.53918,47.42758,19.34420013
8.54097,47.42758,22.34250069
8.54277,47.42758,25.07620049
8.54457,47.42758,26.90670013
8.54636,47.42758,27.39839935
8.54816,47.42758,26.40010071
8.54996,47.42758,23.13689995
8.55175,47.42758,18.53199959
8.55355,47.42758,14.47130013
8.55535,47.42758,11.01229954
8.55714,47.42758,6.972099781
8.49067,47.42637,0.966199994
8.49246,47.42637,2.202500105
8.49426,47.42637,4.554699898
8.49606,47.42637,9.557700157
8.49785,47.42637,15.94740009
8.49965,47.42637,21.56669998
8.50145,47.42637,26.08180046
8.50324,47.42637,26.13360023
8.50504,47.42637,23.39019966
8.50684,47.42637,19.91329956
8.50863,47.42637,15.95950031
8.51043,47.42637,14.73950005
8.51223,47.42637,14.95069981
8.51402,47.42637,14.11839962
8.51582,47.42637,13.25360012
8.51762,47.42637,11.68700027
8.51941,47.42637,9.545900345
8.52121,47.42637,8.597000122
8.52301,47.42637,7.095200062
8.5248,47.42637,6.236599922
8.5266,47.42637,4.465000153
8.5284,47.42637,2.617799997
8.53019,47.42637,1.98360002
8.53199,47.42637,4.128900051
8.53379,47.42637,7.817299843
8.53558,47.42637,12.40709972
8.53738,47.42637,16.84250069
8.53918,47.42637,20.04750061
8.54097,47.42637,22.53669929
8.54277,47.42637,24.02319908
8.54457,47.42637,25.39340019
8.54636,47.42637,25.78809929
8.54816,47.42637,24.3696003
8.54996,47.42637,21.73069954
8.55175,47.42637,18.38610077
8.55355,47.42637,14.25739956
8.55535,47.42637,10.60900021
8.55714,47.42637,6.74420023
8.49067,47.42515,1.256800056
8.49246,47.42515,2.625999928
8.49426,47.42515,6.261899948
8.49606,47.42515,12.81949997
8.49785,47.42515,20.7852993
8.49965,47.42515,27.88960075
8.50145,47.42515,33.66609955
8.50324,47.42515,35.08100128
8.50504,47.42515,31.70509911
8.50684,47.42515,26.01749992
8.50863,47.42515,21.92009926
8.51043,47.42515,19.41060066
8.51223,47.42515,18.05579948
8.51402,47.42515,16.62779999
8.51582,47.42515,14.89120007
8.51762,47.42515,12.93389988
8.51941,47.42515,10.53190041
8.52121,47.42515,8.45909977
8.52301,47.42515,7.380700111
8.5248,47.42515,6.160999775
8.5266,47.42515,4.41629982
8.5284,47.42515,2.500400066
8.53019,47.42515,1.666300058
8.53199,47.42515,3.401200056
8.53379,47.42515,7.457799912
8.53558,47.42515,12.6487999
8.53738,47.42515,17.35989952
8.53918,47.42515,19.95400047
8.54097,47.42515,21.73920059
8.54277,47.42515,22.52389908
8.54457,47.42515,22.97909927
8.54636,47.42515,23.0625
8.54816,47.42515,22.18309975
8.54996,47.42515,20.03739929
8.55175,47.42515,16.98340034
8.55355,47.42515,13.03549957
8.55535,47.42515,9.094900131
8.55714,47.42515,5.880400181
8.48168,47.42393,0
8.48348,47.42393,0
8.48887,47.42393,0.255100012
8.49067,47.42393,1.279199958
8.49246,47.42393,2.58769989
8.49426,47.42393,6.813199997
8.49606,47.42393,13.54829979
8.49785,47.42393,22.50650024
8.49965,47.42393,31.0746994
8.50145,47.42393,37.21369934
8.50324,47.42393,38.77500153
8.50504,47.42393,35.92679977
8.50684,47.42393,30.1345005
8.50863,47.42393,25.02230072
8.51043,47.42393,21.15690041
8.51223,47.42393,18.78930092
8.51402,47.42393,16.85300064
8.51582,47.42393,14.07089996
8.51762,47.42393,11.70540047
8.51941,47.42393,9.155500412
8.52121,47.42393,7.039500237
8.52301,47.42393,5.797999859
8.5248,47.42393,4.814499855
8.5266,47.42393,3.390899897
8.5284,47.42393,1.858899951
8.53019,47.42393,0.972299993
8.53199,47.42393,2.696799994
8.53379,47.42393,6.285099983
8.53558,47.42393,11.37619972
8.53738,47.42393,15.71140003
8.53918,47.42393,18.34869957
8.54097,47.42393,19.85960007
8.54277,47.42393,20.4864006
8.54457,47.42393,20.31080055
8.54636,47.42393,20.51939964
8.54816,47.42393,19.78849983
8.54996,47.42393,17.5807991
8.55175,47.42393,14.44859982
8.55355,47.42393,11.26939964
8.55535,47.42393,7.589700222
8.55714,47.42393,4.739600182
8.47809,47.42272,0.1131
8.47989,47.42272,0.0126
8.48168,47.42272,0.1131
8.48348,47.42272,0.150800005
8.48528,47.42272,0
8.48707,47.42272,0
8.48887,47.42272,0.119800001
8.49067,47.42272,0.94690001
8.49246,47.42272,2.78670001
8.49426,47.42272,5.873899937
8.49606,47.42272,12.1633997
8.49785,47.42272,20.82769966
8.49965,47.42272,28.96800041
8.50145,47.42272,35.33110046
8.50324,47.42272,37.23400116
8.50504,47.42272,35.27410126
8.50684,47.42272,31.14559937
8.50863,47.42272,24.98719978
8.51043,47.42272,21.72410011
8.51223,47.42272,18.85680008
8.51402,47.42272,15.17310047
8.51582,47.42272,11.93190002
8.51762,47.42272,8.860600472
8.51941,47.42272,5.986899853
8.52121,47.42272,4.817599773
8.52301,47.42272,3.364000082
8.5248,47.42272,2.931600094
8.5266,47.42272,2.006700039
8.5284,47.42272,1.066599965
8.53019,47.42272,0.431300014
8.53199,47.42272,2.328900099
8.53379,47.42272,6.243400097
8.53558,47.42272,10.2840004
8.53738,47.42272,14.22739983
8.53918,47.42272,16.29610062
8.54097,47.42272,17.04640007
8.54277,47.42272,17.53170013
8.54457,47.42272,17.35700035
8.54636,47.42272,18.05979919
8.54816,47.42272,17.31710052
8.54996,47.42272,16.04360008
8.55175,47.42272,12.8781004
8.55355,47.42272,9.140299797
8.55535,47.42272,6.230000019
8.47809,47.4215,0.639299989
8.47989,47.4215,1.064599991
8.48168,47.4215,1.027099967
8.48348,47.4215,0.619700015
8.48528,47.4215,0.483999997
8.48707,47.4215,0.219500005
8.48887,47.4215,0.0823
8.49067,47.4215,0.327499986
8.49246,47.4215,1.432700038
8.49426,47.4215,4.618100166
8.49606,47.4215,9.153100014
8.49785,47.4215,15.76539993
8.49965,47.4215,23.0788002
8.50145,47.4215,28.36840057
8.50324,47.4215,31.10969925
8.50504,47.4215,30.74609947
8.50684,47.4215,27.55069923
8.50863,47.4215,24.36800003
8.51043,47.4215,21.11849976
8.51223,47.4215,18.04929924
8.51402,47.4215,14.06890011
8.51582,47.4215,9.987000465
8.51762,47.4215,6.159800053
8.51941,47.4215,3.68569994
8.52121,47.4215,1.743399978
8.52301,47.4215,1.34739995
8.5248,47.4215,1.251199961
8.5266,47.4215,1.095399976
8.5284,47.4215,1.002900004
8.53019,47.4215,2.170799971
8.53199,47.4215,4.191800117
8.53379,47.4215,7.280600071
8.53558,47.4215,10.68120003
8.53738,47.4215,13.82129955
8.53918,47.4215,15.02499962
8.54097,47.4215,15.24989986
8.54277,47.4215,15.56879997
8.54457,47.4215,15.37059975
8.54636,47.4215,15.94050026
8.54816,47.4215,15.37950039
8.54996,47.4215,14.08650017
8.55175,47.4215,11.34939957
8.55355,47.4215,8.146800041
8.55535,47.4215,5.122499943
8.47629,47.42029,1.615300059
8.47809,47.42029,2.973999977
8.47989,47.42029,3.556999922
8.48168,47.42029,3.15109992
8.48348,47.42029,2.360699892
8.48528,47.42029,1.329399943
8.48707,47.42029,0.574699998
8.48887,47.42029,0.219500005
8.49067,47.42029,0.0823
8.49246,47.42029,0.345499992
8.49426,47.42029,2.351900101
8.49606,47.42029,5.830900192
8.49785,47.42029,10.27770042
8.49965,47.42029,15.28009987
8.50145,47.42029,19.26499939
8.50324,47.42029,22.88290024
8.50504,47.42029,23.90010071
8.50684,47.42029,23.48209953
8.50863,47.42029,23.25419998
8.51043,47.42029,21.37520027
8.51223,47.42029,18.45669937
8.51402,47.42029,14.45009995
8.51582,47.42029,10.50790024
8.51762,47.42029,5.938600063
8.51941,47.42029,2.90170002
8.52121,47.42029,0.690100014
8.52301,47.42029,0.707899988
8.5248,47.42029,0.940100014
8.5266,47.42029,1.905599952
8.5284,47.42029,3.282900095
8.53019,47.42029,5.12680006
8.53199,47.42029,7.218400002
8.53379,47.42029,10.12590027
8.53558,47.42029,12.72840023
8.53738,47.42029,15.17669964
8.53918,47.42029,15.72299957
8.54097,47.42029,15.53689957
8.54277,47.42029,15.26449966
8.54457,47.42029,15.04829979
8.54636,47.42029,15.03960037
8.54816,47.42029,14.32940006
8.54996,47.42029,12.84160042
8.55175,47.42029,9.822799683
8.55355,47.42029,7.022999763
8.55535,47.42029,4.780399799
8.55714,47.42029,3.519500017
8.55894,47.42029,2.740499973
8.56972,47.42029,3.067300081
8.57152,47.42029,3.180299997
8.57331,47.42029,2.473099947
8.4727,47.41907,0.651600003
8.4745,47.41907,2.16869998
8.47629,47.41907,4.738800049
8.47809,47.41907,6.920100212
8.47989,47.41907,7.60890007
8.48168,47.41907,7.262499809
8.48348,47.41907,5.438799858
8.48528,47.41907,3.073800087
8.48707,47.41907,1.382099986
8.48887,47.41907,0.392500013
8.49067,47.41907,0
8.49246,47.41907,0
8.49426,47.41907,0.453999996
8.49606,47.41907,2.927599907
8.49785,47.41907,5.586100101
8.49965,47.41907,8.723199844
8.50145,47.41907,12.0539999
8.50324,47.41907,14.76889992
8.50504,47.41907,16.97579956
8.50684,47.41907,20.17440033
8.50863,47.41907,21.22680092
8.51043,47.41907,21.6189003
8.51223,47.41907,20.08729935
8.51402,47.41907,16.73959923
8.51582,47.41907,12.46700001
8.51762,47.41907,7.734399796
8.51941,47.41907,4.144199848
8.52121,47.41907,2.417200089
8.52301,47.41907,1.971400023
8.5248,47.41907,3.011600018
8.5266,47.41907,4.338200092
8.5284,47.41907,6.732999802
8.53019,47.41907,8.854200363
8.53199,47.41907,10.8828001
8.53379,47.41907,13.53349972
8.53558,47.41907,15.45610046
8.53738,47.41907,17.69680023
8.53918,47.41907,18.20859909
8.54097,47.41907,18.11389923
8.54277,47.41907,17.35540009
8.54457,47.41907,16.29220009
8.54636,47.41907,15.35039997
8.54816,47.41907,14.02429962
8.54996,47.41907,11.49440002
8.55175,47.41907,8.78180027
8.55355,47.41907,6.267399788
8.55535,47.41907,5.202000141
8.55714,47.41907,4.70389986
8.55894,47.41907,4.171700001
8.56074,47.41907,3.768899918
8.56253,47.41907,2.469799995
8.56972,47.41907,6.563700199
8.57152,47.41907,6.914199829
8.57331,47.41907,5.757599831
8.46911,47.41786,0.0063
8.47091,47.41786,0.2588
8.4727,47.41786,1.651900053
8.4745,47.41786,4.797399998
8.47629,47.41786,8.413499832
8.47809,47.41786,11.41689968
8.47989,47.41786,12.86460018
8.48168,47.41786,12.04730034
8.48348,47.41786,9.181200027
8.48528,47.41786,5.792500019
8.48707,47.41786,2.639499903
8.48887,47.41786,0.95450002
8.49067,47.41786,0.251399994
8.49246,47.41786,0
8.49426,47.41786,0.0217
8.49606,47.41786,0.495900005
8.49785,47.41786,1.94509995
8.49965,47.41786,4.231200218
8.50145,47.41786,5.711699963
8.50324,47.41786,8.699000359
8.50504,47.41786,12.43120003
8.50684,47.41786,16.06459999
8.50863,47.41786,19.67350006
8.51043,47.41786,21.45089912
8.51223,47.41786,21.49329948
8.51402,47.41786,19.3567009
8.51582,47.41786,14.96319962
8.51762,47.41786,10.46350002
8.51941,47.41786,6.605500221
8.52121,47.41786,4.867099762
8.52301,47.41786,4.534999847
8.5248,47.41786,5.853600025
8.5266,47.41786,8.299599648
8.5284,47.41786,10.4921999
8.53019,47.41786,12.6566
8.53199,47.41786,14.7116003
8.53379,47.41786,16.38100052
8.53558,47.41786,17.74679947
8.53738,47.41786,19.44610023
8.53918,47.41786,20.43440056
8.54097,47.41786,20.88750076
8.54277,47.41786,20.3682003
8.54457,47.41786,18.75289917
8.54636,47.41786,16.55209923
8.54816,47.41786,14.24330044
8.54996,47.41786,10.79500008
8.55175,47.41786,8.011199951
8.55355,47.41786,6.385099888
8.55535,47.41786,5.556600094
8.55714,47.41786,6.271699905
8.55894,47.41786,6.87349987
8.56074,47.41786,6.890600204
8.56253,47.41786,5.477499962
8.56792,47.41786,8.437999725
8.56972,47.41786,10.17920017
8.57152,47.41786,10.47649956
8.57331,47.41786,8.739299774
8.47091,47.41664,0.573899984
8.4727,47.41664,2.885999918
8.4745,47.41664,6.60860014
8.47629,47.41664,11.05920029
8.47809,47.41664,15.1182003
8.47989,47.41664,16.9090004
8.48168,47.41664,15.82260036
8.48348,47.41664,12.36530018
8.48528,47.41664,7.96089983
8.48707,47.41664,4.170899868
8.48887,47.41664,1.807600021
8.49067,47.41664,0.493600011
8.49246,47.41664,0.0823
8.49426,47.41664,0
8.49606,47.41664,0.035799999
8.49785,47.41664,0.413899988
8.49965,47.41664,1.29489994
8.50145,47.41664,2.736000061
8.50324,47.41664,4.955599785
8.50504,47.41664,8.731300354
8.50684,47.41664,12.87709999
8.50863,47.41664,17.33869934
8.51043,47.41664,20.48320007
8.51223,47.41664,21.92569923
8.51402,47.41664,20.8614006
8.51582,47.41664,17.55820084
8.51762,47.41664,13.57730007
8.51941,47.41664,9.83259964
8.52121,47.41664,7.24630022
8.52301,47.41664,7.243199825
8.5248,47.41664,8.93999958
8.5266,47.41664,11.35200024
8.5284,47.41664,13.81750011
8.53019,47.41664,15.98950005
8.53199,47.41664,17.23489952
8.53379,47.41664,17.86219978
8.53558,47.41664,18.65859985
8.53738,47.41664,19.80010033
8.53918,47.41664,20.56550026
8.54097,47.41664,21.09460068
8.54277,47.41664,21.05750084
8.54457,47.41664,19.74489975
8.54636,47.41664,17.33569908
8.54816,47.41664,13.8100996
8.54996,47.41664,10.0927
8.55175,47.41664,7.211299896
8.55355,47.41664,6.040400028
8.55535,47.41664,6.373300076
8.55714,47.41664,8.43789959
8.55894,47.41664,10.26449966
8.56074,47.41664,10.96049976
8.56253,47.41664,10.15789986
8.56433,47.41664,9.913399696
8.56613,47.41664,10.25909996
8.56792,47.41664,12.22480011
8.56972,47.41664,13.51210022
8.57152,47.41664,13.22770023
8.57331,47.41664,10.66530037
8.46911,47.41542,0.044
8.47091,47.41542,0.872099996
8.4727,47.41542,3.399399996
8.4745,47.41542,7.177800179
8.47629,47.41542,12.09010029
8.47809,47.41542,16.32029915
8.47989,47.41542,18.27260017
8.48168,47.41542,17.43580055
8.48348,47.41542,14.24790001
8.48528,47.41542,9.62349987
8.48707,47.41542,5.734700203
8.48887,47.41542,2.675299883
8.49067,47.41542,1.103500009
8.49246,47.41542,0.302399993
8.49426,47.41542,0.054900002
8.49606,47.41542,0.018300001
8.49785,47.41542,0.0616
8.49965,47.41542,0.326700002
8.50145,47.41542,1.090299964
8.50324,47.41542,2.953700066
8.50504,47.41542,5.682899952
8.50684,47.41542,9.475600243
8.50863,47.41542,13.5635004
8.51043,47.41542,17.64279938
8.51223,47.41542,19.95689964
8.51402,47.41542,20.22629929
8.51582,47.41542,18.09199905
8.51762,47.41542,14.74950027
8.51941,47.41542,11.55990028
8.52121,47.41542,9.504599571
8.52301,47.41542,9.271400452
8.5248,47.41542,11.05280018
8.5266,47.41542,13.54829979
8.5284,47.41542,16.4885006
8.53019,47.41542,17.97789955
8.53199,47.41542,18.43120003
8.53379,47.41542,18.86669922
8.53558,47.41542,18.82900047
8.53738,47.41542,18.94449997
8.53918,47.41542,19.21789932
8.54097,47.41542,19.32690048
8.54277,47.41542,19.68650055
8.54457,47.41542,18.45739937
8.54636,47.41542,16.07509995
8.54816,47.41542,12.5770998
8.54996,47.41542,8.781399727
8.55175,47.41542,6.826700211
8.55355,47.41542,5.922699928
8.55535,47.41542,7.3895998
8.55714,47.41542,10.3980999
8.55894,47.41542,13.33059978
8.56074,47.41542,14.96220016
8.56253,47.41542,14.99069977
8.56433,47.41542,14.26749992
8.56613,47.41542,14.7031002
8.56792,47.41542,15.05799961
8.56972,47.41542,15.47039986
8.57152,47.41542,14.20670033
8.57331,47.41542,10.89850044
8.46911,47.41421,0.157100007
8.47091,47.41421,0.792400002
8.4727,47.41421,2.676399946
8.4745,47.41421,6.424499989
8.47629,47.41421,10.79699993
8.47809,47.41421,14.49400043
8.47989,47.41421,16.92210007
8.48168,47.41421,16.53680038
8.48348,47.41421,14.11750031
8.48528,47.41421,10.41740036
8.48707,47.41421,6.472300053
8.48887,47.41421,3.5552001
8.49067,47.41421,2.040199995
8.49246,47.41421,0.878700018
8.49426,47.41421,0.344999999
8.49606,47.41421,0.0189
8.49785,47.41421,0.018300001
8.49965,47.41421,0.0792
8.50145,47.41421,0.245800003
8.50324,47.41421,1.549200058
8.50504,47.41421,3.42140007
8.50684,47.41421,6.028800011
8.50863,47.41421,9.365400314
8.51043,47.41421,13.22710037
8.51223,47.41421,16.10339928
8.51402,47.41421,17.47590065
8.51582,47.41421,16.50819969
8.51762,47.41421,14.19610023
8.51941,47.41421,11.46800041
8.52121,47.41421,10.0927
8.52301,47.41421,9.947299957
8.5248,47.41421,11.66390038
8.5266,47.41421,14.48690033
8.5284,47.41421,16.92630005
8.53019,47.41421,18.76259995
8.53199,47.41421,19.96190071
8.53379,47.41421,18.84889984
8.53558,47.41421,18.63730049
8.53738,47.41421,17.99869919
8.53918,47.41421,17.31550026
8.54097,47.41421,16.77949905
8.54277,47.41421,17.12179947
8.54457,47.41421,15.94229984
8.54636,47.41421,13.86209965
8.54816,47.41421,10.9659996
8.54996,47.41421,8.624300003
8.55175,47.41421,6.909699917
8.55355,47.41421,6.680099964
8.55535,47.41421,8.887299538
8.55714,47.41421,12.9399004
8.55894,47.41421,16.69020081
8.56074,47.41421,18.84140015
8.56253,47.41421,18.94020081
8.56433,47.41421,18.07250023
8.56613,47.41421,17.4484005
8.56792,47.41421,17.1882
8.56972,47.41421,16.16150093
8.57152,47.41421,13.93929958
8.57331,47.41421,10.91639996
8.46911,47.41299,0
8.47091,47.41299,0.396699995
8.4727,47.41299,1.89349997
8.4745,47.41299,4.322899818
8.47629,47.41299,7.553999901
8.47809,47.41299,10.86410046
8.47989,47.41299,12.96500015
8.48168,47.41299,13.64780045
8.48348,47.41299,12.47350025
8.48528,47.41299,9.73690033
8.48707,47.41299,7.129799843
8.48887,47.41299,4.902599812
8.49067,47.41299,2.95720005
8.49246,47.41299,1.586799979
8.49426,47.41299,1.01030004
8.49606,47.41299,0.716499984
8.49785,47.41299,0.221699998
8.49965,47.41299,0.159400001
8.50145,47.41299,0.103500001
8.50324,47.41299,0.775699973
8.50504,47.41299,1.935500026
8.50684,47.41299,3.625
8.50863,47.41299,6.281300068
8.51043,47.41299,8.996399879
8.51223,47.41299,11.92440033
8.51402,47.41299,13.43789959
8.51582,47.41299,13.21710014
8.51762,47.41299,11.7823
8.51941,47.41299,10.02589989
8.52121,47.41299,8.645000458
8.52301,47.41299,9.476799965
8.5248,47.41299,11.19180012
8.5266,47.41299,13.62510014
8.5284,47.41299,16.66069984
8.53019,47.41299,18.8185997
8.53199,47.41299,19.81830025
8.53379,47.41299,19.76169968
8.53558,47.41299,18.38360023
8.53738,47.41299,16.55419922
8.53918,47.41299,15.4691
8.54097,47.41299,14.31620026
8.54277,47.41299,13.82909966
8.54457,47.41299,13.02210045
8.54636,47.41299,11.87320042
8.54816,47.41299,10.37950039
8.54996,47.41299,9.288900375
8.55175,47.41299,8.665300369
8.55355,47.41299,8.885299683
8.55535,47.41299,11.0607996
8.55714,47.41299,14.87950039
8.55894,47.41299,19.04879951
8.56074,47.41299,21.46780014
8.56253,47.41299,21.69210052
8.56433,47.41299,21.01099968
8.56613,47.41299,19.52969933
8.56792,47.41299,17.92560005
8.56972,47.41299,15.83889961
8.57152,47.41299,13.77130032
8.57331,47.41299,10.83399963
8.47091,47.41178,0.228599995
8.4727,47.41178,0.89349997
8.47629,47.41178,4.302800179
8.47809,47.41178,6.843400002
8.47989,47.41178,9.22329998
8.48168,47.41178,10.73200035
8.48348,47.41178,10.5862999
8.48528,47.41178,9.648799896
8.48707,47.41178,8.526900291
8.48887,47.41178,6.656099796
8.49067,47.41178,4.576200008
8.49246,47.41178,3.545200109
8.49426,47.41178,2.701999903
8.49606,47.41178,2.200099945
8.49785,47.41178,1.503299952
8.49965,47.41178,1.050199986
8.50145,47.41178,0.504000008
8.50324,47.41178,0.480800003
8.50504,47.41178,0.994099975
8.50684,47.41178,1.779099941
8.50863,47.41178,3.363699913
8.51043,47.41178,5.445000172
8.51223,47.41178,7.559800148
8.51402,47.41178,8.871199608
8.51582,47.41178,9.234900475
8.51762,47.41178,8.163000107
8.51941,47.41178,6.95720005
8.52121,47.41178,6.339799881
8.52301,47.41178,7.155200005
8.5248,47.41178,9.1729002
8.5266,47.41178,11.97700024
8.5284,47.41178,15.33839989
8.53019,47.41178,18.68250084
8.53199,47.41178,20.62649918
8.53379,47.41178,21.33839989
8.53558,47.41178,20.05979919
8.53738,47.41178,17.66230011
8.53918,47.41178,14.54419994
8.54097,47.41178,12.22900009
8.54277,47.41178,11.42640018
8.54457,47.41178,10.90620041
8.54636,47.41178,10.6633997
8.54816,47.41178,10.83790016
8.54996,47.41178,10.57320023
8.55175,47.41178,10.84819984
8.55355,47.41178,11.0600996
8.55535,47.41178,13.57820034
8.55714,47.41178,17.18350029
8.55894,47.41178,20.88190079
8.56074,47.41178,23.59560013
8.56253,47.41178,23.9965992
8.56433,47.41178,22.37949944
8.56613,47.41178,20.64310074
8.56792,47.41178,17.96310043
8.56972,47.41178,15.42870045
8.57152,47.41178,13.78499985
8.57331,47.41178,11.86450005
8.57511,47.41178,10.86849976
8.57691,47.41178,11.26010036
8.47629,47.41056,2.027100086
8.47809,47.41056,3.896300077
8.47989,47.41056,6.42840004
8.48168,47.41056,8.33259964
8.48348,47.41056,9.834799767
8.48528,47.41056,10.58419991
8.48707,47.41056,10.00549984
8.48887,47.41056,8.644399643
8.49067,47.41056,7.376200199
8.49246,47.41056,5.986299992
8.49426,47.41056,5.346600056
8.49606,47.41056,4.62319994
8.49785,47.41056,3.669399977
8.49965,47.41056,2.540600061
8.50145,47.41056,1.666700006
8.50324,47.41056,1.04279995
8.50504,47.41056,0.825299978
8.50684,47.41056,0.827000022
8.50863,47.41056,1.576500058
8.51043,47.41056,2.789700031
8.51223,47.41056,4.163799763
8.51402,47.41056,5.105000019
8.51582,47.41056,5.199699879
8.51762,47.41056,4.596300125
8.51941,47.41056,3.499700069
8.52121,47.41056,4.054999828
8.52301,47.41056,5.083199978
8.5248,47.41056,6.648799896
8.5266,47.41056,9.930600166
8.5284,47.41056,13.62870026
8.53019,47.41056,17.4571991
8.53199,47.41056,20.94939995
8.53379,47.41056,22.51600075
8.53558,47.41056,21.56979942
8.53738,47.41056,18.94319916
8.53918,47.41056,14.58230019
8.54097,47.41056,11.66919994
8.54277,47.41056,10.43780041
8.54457,47.41056,10.11800003
8.54636,47.41056,10.73379993
8.54816,47.41056,12.02950001
8.54996,47.41056,12.86970043
8.55175,47.41056,13.34570026
8.55355,47.41056,14.35109997
8.55535,47.41056,16.25729942
8.55714,47.41056,19.32449913
8.55894,47.41056,22.96509933
8.56074,47.41056,24.68330002
8.56253,47.41056,25.17910004
8.56433,47.41056,24.0659008
8.56613,47.41056,21.4185009
8.56792,47.41056,18.35829926
8.56972,47.41056,16.7208004
8.57152,47.41056,14.87709999
8.57331,47.41056,13.87349987
8.57511,47.41056,14.39169979
8.57691,47.41056,16.38299942
8.5787,47.41056,18.35569954
8.5805,47.41056,20.02860069
8.5823,47.41056,20.14859962
8.47809,47.40935,2.978699923
8.47989,47.40935,5.065499783
8.48168,47.40935,7.69810009
8.48348,47.40935,10.05729961
8.48528,47.40935,11.49300003
8.48707,47.40935,11.59249973
8.48887,47.40935,10.84090042
8.49067,47.40935,10.34549999
8.49246,47.40935,9.597299576
8.49426,47.40935,8.997900009
8.49606,47.40935,8.108400345
8.49785,47.40935,6.683000088
8.49965,47.40935,5.266499996
8.50145,47.40935,3.726099968
8.50324,47.40935,2.345799923
8.50504,47.40935,1.63409996
8.50684,47.40935,0.937699974
8.50863,47.40935,0.645399988
8.51043,47.40935,0.8125
8.51223,47.40935,1.438300014
8.51402,47.40935,2.318900108
8.51582,47.40935,2.225500107
8.51762,47.40935,1.852900028
8.51941,47.40935,1.572100043
8.52121,47.40935,1.888599992
8.52301,47.40935,3.011600018
8.5248,47.40935,5.036300182
8.5266,47.40935,7.290800095
8.5284,47.40935,10.92280006
8.53019,47.40935,15.81229973
8.53199,47.40935,19.68969917
8.53379,47.40935,21.92480087
8.53558,47.40935,21.11120033
8.53738,47.40935,18.74819946
8.53918,47.40935,14.5010004
8.54097,47.40935,11.45890045
8.54277,47.40935,9.895600319
8.54457,47.40935,10.37469959
8.54636,47.40935,11.5788002
8.54816,47.40935,13.20909977
8.54996,47.40935,14.67230034
8.55175,47.40935,15.84280014
8.55355,47.40935,16.26709938
8.55535,47.40935,18.33919907
8.55714,47.40935,21.20330048
8.55894,47.40935,23.67510033
8.56074,47.40935,25.40920067
8.56253,47.40935,25.2112999
8.56433,47.40935,23.40819931
8.56613,47.40935,21.18320084
8.56792,47.40935,18.36639977
8.56972,47.40935,17.04100037
8.57152,47.40935,16.05649948
8.57331,47.40935,16.02599907
8.57511,47.40935,17.24309921
8.57691,47.40935,19.60050011
8.5787,47.40935,23.05319977
8.5805,47.40935,25.34609985
8.5823,47.40935,26.28429985
8.58409,47.40935,25.14520073
8.58589,47.40935,22.06349945
8.58769,47.40935,17.86030006
8.47809,47.40813,2.800400019
8.47989,47.40813,4.855000019
8.48168,47.40813,7.672699928
8.48348,47.40813,10.26229954
8.48528,47.40813,12.03120041
8.48707,47.40813,12.96700001
8.48887,47.40813,13.5138998
8.49067,47.40813,13.19379997
8.49246,47.40813,13.18420029
8.49426,47.40813,12.6729002
8.49606,47.40813,12.02750015
8.49785,47.40813,10.49429989
8.49965,47.40813,8.575900078
8.50145,47.40813,6.594299793
8.50324,47.40813,4.96449995
8.50504,47.40813,3.446500063
8.50684,47.40813,2.210099936
8.50863,47.40813,1.131700039
8.51043,47.40813,0.458000004
8.51223,47.40813,0.090899996
8.51402,47.40813,0.213699996
8.51582,47.40813,0.377099991
8.51762,47.40813,0.282799989
8.51941,47.40813,0.117200002
8.52121,47.40813,0.879199982
8.52301,47.40813,1.838099957
8.5248,47.40813,3.209399939
8.5266,47.40813,5.476500034
8.5284,47.40813,8.570899963
8.53019,47.40813,12.83160019
8.53199,47.40813,16.66869926
8.53379,47.40813,19.46080017
8.53558,47.40813,19.30879974
8.53738,47.40813,17.61540031
8.53918,47.40813,14.31330013
8.54097,47.40813,11.68789959
8.54277,47.40813,10.92990017
8.54457,47.40813,11.61499977
8.54636,47.40813,12.95750046
8.54816,47.40813,14.79179955
8.54996,47.40813,16.3355999
8.55175,47.40813,17.32239914
8.55355,47.40813,18.11420059
8.55535,47.40813,19.7901001
8.55714,47.40813,22.02440071
8.55894,47.40813,23.72830009
8.56074,47.40813,24.61540031
8.56253,47.40813,23.82239914
8.56433,47.40813,22.1487999
8.56613,47.40813,20.16570091
8.56792,47.40813,18.12080002
8.56972,47.40813,16.80240059
8.57152,47.40813,16.39310074
8.57331,47.40813,16.15189934
8.57511,47.40813,17.94000053
8.57691,47.40813,21.09799957
8.5787,47.40813,24.94479942
8.5805,47.40813,28.70560074
8.5823,47.40813,30.91489983
8.58409,47.40813,30.90069962
8.58589,47.40813,28.93729973
8.58769,47.40813,24.24259949
8.58948,47.40813,18.71150017
8.59128,47.40813,12.80700016
8.59308,47.40813,7.806499958
8.59487,47.40813,4.390799999
8.47809,47.40691,2.345000029
8.47989,47.40691,4.399600029
8.48168,47.40691,6.988900185
8.48348,47.40691,9.367300034
8.48528,47.40691,11.83520031
8.48707,47.40691,13.29710007
8.48887,47.40691,14.31589985
8.49067,47.40691,15.26830006
8.49246,47.40691,15.83460045
8.49426,47.40691,15.64109993
8.49606,47.40691,15.03079987
8.49785,47.40691,13.58360004
8.49965,47.40691,11.91880035
8.50145,47.40691,9.686800003
8.50324,47.40691,7.719200134
8.50504,47.40691,5.908899784
8.50684,47.40691,4.00549984
8.50863,47.40691,2.609100103
8.51043,47.40691,1.162999988
8.51223,47.40691,0.291399986
8.51402,47.40691,0.0091
8.51582,47.40691,0
8.51762,47.40691,0
8.51941,47.40691,0
8.52121,47.40691,0.376599997
8.52301,47.40691,0.908100009
8.5248,47.40691,1.536800027
8.5266,47.40691,3.434600115
8.5284,47.40691,6.012800217
8.53019,47.40691,9.253100395
8.53199,47.40691,12.95829964
8.53379,47.40691,15.79889965
8.53558,47.40691,16.59210014
8.53738,47.40691,15.4708004
8.53918,47.40691,13.58769989
8.54097,47.40691,12.27639961
8.54277,47.40691,12.48330021
8.54457,47.40691,13.40820026
8.54636,47.40691,15.1104002
8.54816,47.40691,16.50919914
8.54996,47.40691,17.58539963
8.55175,47.40691,17.87010002
8.55355,47.40691,18.26309967
8.55535,47.40691,19.31710052
8.55714,47.40691,20.47890091
8.55894,47.40691,21.83300018
8.56074,47.40691,22.34860039
8.56253,47.40691,21.32040024
8.56433,47.40691,19.47579956
8.56613,47.40691,17.56879997
8.56792,47.40691,16.06290054
8.56972,47.40691,15.26780033
8.57152,47.40691,14.59640026
8.57331,47.40691,15.20069981
8.57511,47.40691,17.03890038
8.57691,47.40691,20.16799927
8.5787,47.40691,24.21990013
8.5805,47.40691,28.86160088
8.5823,47.40691,32.62680054
8.58409,47.40691,34.54719925
8.58589,47.40691,33.69039917
8.58769,47.40691,30.15539932
8.58948,47.40691,24.21369934
8.59128,47.40691,17.52300072
8.59308,47.40691,11.21689987
8.59487,47.40691,6.361899853
8.59667,47.40691,3.327899933
8.47809,47.4057,1.860100031
8.47989,47.4057,3.239500046
8.48168,47.4057,5.471399784
8.48348,47.4057,8.170700073
8.48528,47.4057,10.29850006
8.48707,47.4057,12.56110001
8.48887,47.4057,14.35369968
8.49067,47.4057,16.18470001
8.49246,47.4057,17.09110069
8.49426,47.4057,17.42420006
8.49606,47.4057,16.7784996
8.49785,47.4057,15.5394001
8.49965,47.4057,13.89509964
8.50145,47.4057,12.49129963
8.50324,47.4057,10.29829979
8.50504,47.4057,8.725099564
8.50684,47.4057,6.72300005
8.50863,47.4057,4.683599949
8.51043,47.4057,3.078200102
8.51223,47.4057,1.360999942
8.51402,47.4057,0.2236
8.51582,47.4057,0
8.51762,47.4057,0
8.51941,47.4057,0
8.52121,47.4057,0.064000003
8.52301,47.4057,0.384799987
8.5248,47.4057,0.611800015
8.5266,47.4057,1.381100059
8.5284,47.4057,3.506299973
8.53019,47.4057,6.421599865
8.53199,47.4057,9.932800293
8.53379,47.4057,12.95849991
8.53558,47.4057,15.10200024
8.53738,47.4057,14.64560032
8.53918,47.4057,14.11559963
8.54097,47.4057,13.74919987
8.54277,47.4057,14.52029991
8.54457,47.4057,15.35750008
8.54636,47.4057,17.09420013
8.54816,47.4057,18.23150063
8.54996,47.4057,18.25989914
8.55175,47.4057,17.71459961
8.55355,47.4057,16.90679932
8.55535,47.4057,16.99440002
8.55714,47.4057,17.15029907
8.55894,47.4057,17.57229996
8.56074,47.4057,17.56990051
8.56253,47.4057,16.35810089
8.56433,47.4057,14.91419983
8.56613,47.4057,13.84790039
8.56792,47.4057,12.57989979
8.56972,47.4057,12.35540009
8.57152,47.4057,12.03009987
8.57331,47.4057,12.25109959
8.57511,47.4057,13.63399982
8.57691,47.4057,16.5394001
8.5787,47.4057,21.22830009
8.5805,47.4057,25.98089981
8.5823,47.4057,30.58289909
8.58409,47.4057,34.58280182
8.58589,47.4057,34.93519974
8.58769,47.4057,32.67309952
8.58948,47.4057,27.48310089
8.59128,47.4057,20.15040016
8.59308,47.4057,13.31070042
8.59487,47.4057,7.69990015
8.59667,47.4057,3.720799923
8.47091,47.40448,0
8.4727,47.40448,0.0063
8.4745,47.40448,0.090599999
8.47629,47.40448,0.503600001
8.47809,47.40448,1.166599989
8.47989,47.40448,2.119199991
8.48168,47.40448,3.741100073
8.48348,47.40448,5.983799934
8.48528,47.40448,8.326600075
8.48707,47.40448,10.67210007
8.48887,47.40448,12.88589954
8.49067,47.40448,14.9907999
8.49246,47.40448,16.56189919
8.49426,47.40448,17.02820015
8.49606,47.40448,16.51619911
8.49785,47.40448,16.09410095
8.49965,47.40448,15.01449966
8.50145,47.40448,13.71100044
8.50324,47.40448,12.81690025
8.50504,47.40448,11.42280006
8.50684,47.40448,9.906299591
8.50863,47.40448,7.775499821
8.51043,47.40448,5.497700214
8.51223,47.40448,3.345799923
8.51402,47.40448,1.661399961
8.51582,47.40448,0.343499988
8.51762,47.40448,0.062899999
8.51941,47.40448,0.050299998
8.52121,47.40448,0
8.52301,47.40448,0.070299998
8.5248,47.40448,0.189700007
8.5266,47.40448,0.374000013
8.5284,47.40448,1.612599969
8.53019,47.40448,4.350299835
8.53199,47.40448,8.446700096
8.53379,47.40448,11.62979984
8.53558,47.40448,14.1875
8.53738,47.40448,15.39579964
8.53918,47.40448,15.9382
8.54097,47.40448,15.63249969
8.54277,47.40448,16.28219986
8.54457,47.40448,17.22290039
8.54636,47.40448,18.05590057
8.54816,47.40448,18.24110031
8.54996,47.40448,17.59530067
8.55175,47.40448,16.4022007
8.55355,47.40448,14.86989975
8.55535,47.40448,13.65089989
8.55714,47.40448,13.13379955
8.55894,47.40448,12.63640022
8.56074,47.40448,12.24810028
8.56253,47.40448,11.27190018
8.56433,47.40448,10.22539997
8.56613,47.40448,9.229399681
8.56792,47.40448,9.227100372
8.56972,47.40448,8.964699745
8.57152,47.40448,9.092900276
8.57331,47.40448,9.577899933
8.57511,47.40448,10.86190033
8.57691,47.40448,13.00860023
8.5787,47.40448,16.55660057
8.5805,47.40448,21.73060036
8.5823,47.40448,26.64570045
8.58409,47.40448,31.41390038
8.58589,47.40448,33.86050034
8.58769,47.40448,32.95830154
8.58948,47.40448,28.73360062
8.59128,47.40448,21.90449905
8.59308,47.40448,14.24510002
8.59487,47.40448,8.585599899
8.46731,47.40327,0
8.46911,47.40327,0.0091
8.47091,47.40327,0.0133
8.4727,47.40327,0.0151
8.4745,47.40327,0.031599998
8.47629,47.40327,0.198799998
8.47809,47.40327,0.560599983
8.47989,47.40327,1.047199965
8.48168,47.40327,2.158400059
8.48348,47.40327,3.921600103
8.48528,47.40327,6.095200062
8.48707,47.40327,7.938499928
8.48887,47.40327,10.45880032
8.49067,47.40327,13.21150017
8.49246,47.40327,14.67210007
8.49426,47.40327,14.90999985
8.49606,47.40327,15.23890018
8.49785,47.40327,14.64579964
8.49965,47.40327,14.19769955
8.50145,47.40327,13.83530045
8.50324,47.40327,14.03439999
8.50504,47.40327,13.89449978
8.50684,47.40327,12.97119999
8.50863,47.40327,10.93389988
8.51043,47.40327,8.511899948
8.51223,47.40327,5.810100079
8.51402,47.40327,3.473099947
8.51582,47.40327,1.625800014
8.51762,47.40327,0.683499992
8.51941,47.40327,0.517700016
8.52121,47.40327,0.418599993
8.52301,47.40327,0.320899993
8.5248,47.40327,0.416099995
8.5266,47.40327,0.342500001
8.5284,47.40327,1.064499974
8.53019,47.40327,3.671000004
8.53199,47.40327,7.489200115
8.53379,47.40327,11.11690044
8.53558,47.40327,14.39220047
8.53738,47.40327,16.21619987
8.53918,47.40327,16.66530037
8.54097,47.40327,16.60989952
8.54277,47.40327,16.63220024
8.54457,47.40327,17.0135994
8.54636,47.40327,16.89529991
8.54816,47.40327,16.17160034
8.54996,47.40327,15.16180038
8.55175,47.40327,13.61849976
8.55355,47.40327,11.78629971
8.55535,47.40327,10.10009956
8.55714,47.40327,9.039299965
8.55894,47.40327,7.817599773
8.56074,47.40327,6.947100163
8.56253,47.40327,5.647299767
8.56433,47.40327,5.597599983
8.56613,47.40327,5.134600163
8.56792,47.40327,5.36289978
8.56972,47.40327,5.549099922
8.57152,47.40327,5.63929987
8.57331,47.40327,5.960700035
8.57511,47.40327,6.98029995
8.57691,47.40327,8.827599525
8.5787,47.40327,11.77369976
8.5805,47.40327,16.3409996
8.5823,47.40327,21.51479912
8.58409,47.40327,26.55369949
8.58589,47.40327,29.65640068
8.58769,47.40327,30.14209938
8.58948,47.40327,26.68460083
8.59128,47.40327,21.28969955
8.59308,47.40327,14.67249966
8.59487,47.40327,8.510399818
8.46731,47.40205,0.0091
8.46911,47.40205,0.017100001
8.47091,47.40205,0.024900001
8.4727,47.40205,0.028200001
8.4745,47.40205,0.024900001
8.47629,47.40205,0.062799998
8.47809,47.40205,0.178499997
8.47989,47.40205,0.839600027
8.48168,47.40205,2.183599949
8.48348,47.40205,3.65199995
8.48528,47.40205,5.292200089
8.48707,47.40205,7.46999979
8.48887,47.40205,10.00489998
8.49067,47.40205,11.58360004
8.49246,47.40205,12.95170021
8.49426,47.40205,13.20740032
8.49606,47.40205,12.82139969
8.49785,47.40205,12.41119957
8.49965,47.40205,12.61170006
8.50145,47.40205,13.47669983
8.50324,47.40205,14.47879982
8.50504,47.40205,15.73989964
8.50684,47.40205,15.67870045
8.50863,47.40205,14.12709999
8.51043,47.40205,11.92319965
8.51223,47.40205,9.014399529
8.51402,47.40205,6.132100105
8.51582,47.40205,4.136799812
8.51762,47.40205,2.549099922
8.51941,47.40205,1.932399988
8.52121,47.40205,1.925699949
8.52301,47.40205,1.622499943
8.5248,47.40205,1.398300052
8.5266,47.40205,1.777199984
8.5284,47.40205,2.792299986
8.53019,47.40205,5.050199986
8.53199,47.40205,8.532899857
8.53379,47.40205,12.62629986
8.53558,47.40205,15.48639965
8.53738,47.40205,17.23360062
8.53918,47.40205,17.35429955
8.54097,47.40205,17.21190071
8.54277,47.40205,15.8512001
8.54457,47.40205,14.91769981
8.54636,47.40205,13.94900036
8.54816,47.40205,12.5994997
8.54996,47.40205,11.25360012
8.55175,47.40205,9.906100273
8.55355,47.40205,8.209600449
8.55535,47.40205,6.916100025
8.55714,47.40205,5.493299961
8.55894,47.40205,4.06799984
8.56074,47.40205,3.397200108
8.56253,47.40205,2.424999952
8.56433,47.40205,2.163800001
8.56613,47.40205,2.376699924
8.56792,47.40205,2.785099983
8.56972,47.40205,2.959800005
8.57152,47.40205,2.888700008
8.57331,47.40205,3.172699928
8.57511,47.40205,3.704099894
8.57691,47.40205,4.82889986
8.5787,47.40205,7.252900124
8.5805,47.40205,10.5007
8.5823,47.40205,15.17479992
8.58409,47.40205,20.0489006
8.58589,47.40205,23.49099922
8.58769,47.40205,24.88809967
8.58948,47.40205,23.62739944
8.59128,47.40205,18.9321003
8.59308,47.40205,13.5965004
8.59487,47.40205,8.258500099
8.59667,47.40205,4.047800064
8.46731,47.40083,0.0133
8.46911,47.40083,0.024900001
8.47091,47.40083,0.036200002
8.4727,47.40083,0.078699999
8.4745,47.40083,0.036200002
8.47629,47.40083,0.064800002
8.47809,47.40083,0.517700016
8.47989,47.40083,1.555099964
8.48168,47.40083,2.926300049
8.48348,47.40083,4.771699905
8.48528,47.40083,7.221099854
8.48707,47.40083,10.02610016
8.48887,47.40083,12.27400017
8.49067,47.40083,13.09029961
8.49246,47.40083,12.79539967
8.49426,47.40083,11.88899994
8.49606,47.40083,10.53479958
8.49785,47.40083,10.01519966
8.49965,47.40083,10.22819996
8.50145,47.40083,11.92669964
8.50324,47.40083,14.46370029
8.50504,47.40083,16.40749931
8.50684,47.40083,17.29969978
8.50863,47.40083,16.95859909
8.51043,47.40083,14.67129993
8.51223,47.40083,12.22270012
8.51402,47.40083,9.661000252
8.51582,47.40083,7.28249979
8.51762,47.40083,5.81099987
8.51941,47.40083,4.958799839
8.52121,47.40083,4.416200161
8.52301,47.40083,4.069300175
8.5248,47.40083,3.976500034
8.5266,47.40083,4.116000175
8.5284,47.40083,5.331299782
8.53019,47.40083,7.74669981
8.53199,47.40083,11.02400017
8.53379,47.40083,14.74250031
8.53558,47.40083,17.24819946
8.53738,47.40083,18.56459999
8.53918,47.40083,18.19529915
8.54097,47.40083,16.71360016
8.54277,47.40083,14.71500015
8.54457,47.40083,12.74240017
8.54636,47.40083,10.46749973
8.54816,47.40083,8.657500267
8.54996,47.40083,7.145599842
8.55175,47.40083,5.88740015
8.55355,47.40083,5.164500237
8.55535,47.40083,4.129499912
8.55714,47.40083,3.064699888
8.55894,47.40083,2.181099892
8.56074,47.40083,1.270900011
8.56253,47.40083,0.625199974
8.56433,47.40083,0.607800007
8.56613,47.40083,0.938000023
8.56792,47.40083,1.137799978
8.56972,47.40083,1.308500052
8.57152,47.40083,1.312999964
8.57331,47.40083,1.04519999
8.57511,47.40083,1.27670002
8.57691,47.40083,2.007999897
8.5787,47.40083,3.518100023
8.5805,47.40083,6.359200001
8.5823,47.40083,9.636899948
8.58409,47.40083,13.3579998
8.58589,47.40083,17.27549934
8.58769,47.40083,19.05179977
8.58948,47.40083,18.7140007
8.59128,47.40083,16.09379959
8.59308,47.40083,12.04629993
8.59487,47.40083,7.919000149
8.46552,47.39962,0.0063
8.46731,47.39962,0.0151
8.46911,47.39962,0.082999997
8.47091,47.39962,0.215100005
8.4727,47.39962,0.25
8.4745,47.39962,0.296799988
8.47629,47.39962,0.178599998
8.47809,47.39962,0.725000024
8.47989,47.39962,2.568900108
8.48168,47.39962,4.430300236
8.48348,47.39962,7.143300056
8.48528,47.39962,10.59780025
8.48707,47.39962,13.83769989
8.48887,47.39962,15.49339962
8.49067,47.39962,15.52859974
8.49246,47.39962,13.89859962
8.49426,47.39962,11.23960018
8.49606,47.39962,8.866399765
8.49785,47.39962,7.497600079
8.49965,47.39962,7.997000217
8.50145,47.39962,10.07390022
8.50324,47.39962,12.86219978
8.50504,47.39962,15.80200005
8.50684,47.39962,17.4204998
8.50863,47.39962,17.98259926
8.51043,47.39962,16.5489006
8.51223,47.39962,14.54969978
8.51402,47.39962,12.52770042
8.51582,47.39962,10.84080029
8.51762,47.39962,9.200900078
8.51941,47.39962,8.755599976
8.52121,47.39962,8.149800301
8.52301,47.39962,7.597400188
8.5248,47.39962,7.528900146
8.5266,47.39962,7.769299984
8.5284,47.39962,9.047699928
8.53019,47.39962,11.23050022
8.53199,47.39962,14.41329956
8.53379,47.39962,16.97920036
8.53558,47.39962,19.10280037
8.53738,47.39962,19.56649971
8.53918,47.39962,18.96069908
8.54097,47.39962,17.4409008
8.54277,47.39962,14.375
8.54457,47.39962,11.43500042
8.54636,47.39962,8.84679985
8.54816,47.39962,5.843299866
8.54996,47.39962,4.20720005
8.55175,47.39962,3.509399891
8.55355,47.39962,3.048799992
8.55535,47.39962,2.528199911
8.55714,47.39962,1.866700053
8.55894,47.39962,1.141299963
8.56074,47.39962,0.666199982
8.56253,47.39962,0.181099996
8.56433,47.39962,0
8.56613,47.39962,0.112000003
8.56792,47.39962,0.212099999
8.56972,47.39962,0.353100002
8.57152,47.39962,0.190300003
8.57331,47.39962,0.207900003
8.57511,47.39962,0.251899987
8.57691,47.39962,0.293000013
8.5787,47.39962,1.126799941
8.5805,47.39962,2.357800007
8.5823,47.39962,4.96420002
8.58409,47.39962,7.93200016
8.58589,47.39962,10.66020012
8.58769,47.39962,12.82610035
8.58948,47.39962,13.47490025
8.59128,47.39962,12.07890034
8.59308,47.39962,9.879699707
8.59487,47.39962,7.052800179
8.59667,47.39962,4.444200039
8.46731,47.3984,0.205400005
8.46911,47.3984,0.491600007
8.47091,47.3984,0.992699981
8.4727,47.3984,1.124500036
8.4745,47.3984,1.372200012
8.47629,47.3984,1.334300041
8.47809,47.3984,1.884699941
8.47989,47.3984,3.498600006
8.48168,47.3984,5.628600121
8.48348,47.3984,9.520199776
8.48528,47.3984,13.44999981
8.48707,47.3984,16.59989929
8.48887,47.3984,18.54739952
8.49067,47.3984,17.92970085
8.49246,47.3984,15.17529964
8.49426,47.3984,11.02250004
8.49606,47.3984,7.283400059
8.49785,47.3984,5.443799973
8.49965,47.3984,6.150100231
8.50145,47.3984,7.995299816
8.50324,47.3984,10.88980007
8.50504,47.3984,14.52110004
8.50684,47.3984,16.96990013
8.50863,47.3984,17.57629967
8.51043,47.3984,17.30389977
8.51223,47.3984,16.36199951
8.51402,47.3984,14.50459957
8.51582,47.3984,13.61699963
8.51762,47.3984,12.97399998
8.51941,47.3984,12.31820011
8.52121,47.3984,11.71650028
8.52301,47.3984,11.50459957
8.5248,47.3984,12.24600029
8.5266,47.3984,13.23480034
8.5284,47.3984,14.35000038
8.53019,47.3984,16.46509933
8.53199,47.3984,18.53420067
8.53379,47.3984,19.83049965
8.53558,47.3984,21.28619957
8.53738,47.3984,21.66500092
8.53918,47.3984,20.97830009
8.54097,47.3984,19.31040001
8.54277,47.3984,16.5692997
8.54457,47.3984,12.91919994
8.54636,47.3984,9.002900124
8.54816,47.3984,5.333399773
8.54996,47.3984,3.268699884
8.55175,47.3984,2.303299904
8.55355,47.3984,1.83130002
8.55535,47.3984,1.640400052
8.55714,47.3984,1.303500056
8.55894,47.3984,0.82980001
8.56074,47.3984,0.329400003
8.56253,47.3984,0
8.56433,47.3984,0
8.56613,47.3984,0
8.56792,47.3984,0
8.56972,47.3984,0.0251
8.57152,47.3984,0.031399999
8.57331,47.3984,0.018300001
8.57511,47.3984,0.0392
8.57691,47.3984,0.0427
8.5787,47.3984,0.298700005
8.5805,47.3984,0.950800002
8.5823,47.3984,2.505899906
8.58409,47.3984,4.293300152
8.58589,47.3984,6.242499828
8.58769,47.3984,7.740699768
8.58948,47.3984,8.606399536
8.59128,47.3984,8.495599747
8.59308,47.3984,7.453400135
8.59487,47.3984,5.638700008
8.59667,47.3984,3.882100105
8.47091,47.39719,2.614900112
8.4727,47.39719,3.217499971
8.4745,47.39719,3.529000044
8.47629,47.39719,3.569499969
8.47809,47.39719,4.238800049
8.47989,47.39719,5.377999783
8.48168,47.39719,7.770800114
8.48348,47.39719,10.97130013
8.48528,47.39719,14.49489975
8.48707,47.39719,17.65509987
8.48887,47.39719,19.20879936
8.49067,47.39719,17.80509949
8.49246,47.39719,14.31340027
8.49426,47.39719,10.11060047
8.49606,47.39719,6.158500195
8.49785,47.39719,4.085400105
8.49965,47.39719,4.143199921
8.50145,47.39719,6.006100178
8.50324,47.39719,9.136799812
8.50504,47.39719,11.8501997
8.50684,47.39719,14.27630043
8.50863,47.39719,15.99769974
8.51043,47.39719,16.03440094
8.51223,47.39719,15.65480042
8.51402,47.39719,15.16559982
8.51582,47.39719,14.55980015
8.51762,47.39719,14.50739956
8.51941,47.39719,14.59689999
8.52121,47.39719,14.21210003
8.52301,47.39719,14.89900017
8.5248,47.39719,15.98560047
8.5266,47.39719,18.18260002
8.5284,47.39719,20.15089989
8.53019,47.39719,21.74679947
8.53199,47.39719,22.3621006
8.53379,47.39719,23.24909973
8.53558,47.39719,23.13389969
8.53738,47.39719,23.44919968
8.53918,47.39719,23.09690094
8.54097,47.39719,22.19210052
8.54277,47.39719,20.19370079
8.54457,47.39719,16.15810013
8.54636,47.39719,11.39890003
8.54816,47.39719,7.152599812
8.54996,47.39719,3.873800039
8.55175,47.39719,2.41779995
8.55355,47.39719,1.589400053
8.55535,47.39719,1.255200028
8.55714,47.39719,0.885200024
8.55894,47.39719,0.528400004
8.56074,47.39719,0.180000007
8.56253,47.39719,0
8.56433,47.39719,0
8.56613,47.39719,0
8.56792,47.39719,0
8.56972,47.39719,0
8.57152,47.39719,0
8.57331,47.39719,0
8.57511,47.39719,0
8.57691,47.39719,0.0126
8.5787,47.39719,0.072300002
8.5805,47.39719,0.391200006
8.5823,47.39719,0.960200012
8.58409,47.39719,2.221299887
8.58589,47.39719,3.134000063
8.58769,47.39719,4.123099804
8.58948,47.39719,5.04460001
8.59128,47.39719,5.113800049
8.59308,47.39719,4.717000008
8.59487,47.39719,3.877799988
8.59667,47.39719,2.549499989
8.46552,47.39597,0.42019999
8.46731,47.39597,1.404500008
8.46911,47.39597,3.163300037
8.4727,47.39597,6.4520998
8.4745,47.39597,7.531599998
8.47629,47.39597,7.675700188
8.47809,47.39597,8.050600052
8.47989,47.39597,8.746700287
8.48168,47.39597,9.765999794
8.48348,47.39597,11.87860012
8.48528,47.39597,14.99409962
8.48707,47.39597,17.05240059
8.48887,47.39597,17.77630043
8.49067,47.39597,16.12639999
8.49246,47.39597,12.13739967
8.49426,47.39597,8.184499741
8.49606,47.39597,4.361299992
8.49785,47.39597,2.411000013
8.49965,47.39597,2.50909996
8.50145,47.39597,4.178899765
8.50324,47.39597,6.623099804
8.50504,47.39597,9.136699677
8.50684,47.39597,11.27569962
8.50863,47.39597,12.6807003
8.51043,47.39597,13.64080048
8.51223,47.39597,13.4513998
8.51402,47.39597,13.66160011
8.51582,47.39597,13.76490021
8.51762,47.39597,14.03409958
8.51941,47.39597,14.21759987
8.52121,47.39597,14.60350037
8.52301,47.39597,16.0659008
8.5248,47.39597,18.57589912
8.5266,47.39597,21.69729996
8.5284,47.39597,24.23559952
8.53019,47.39597,26.06830025
8.53199,47.39597,26.47540092
8.53379,47.39597,25.52470016
8.53558,47.39597,25.58440018
8.53738,47.39597,25.65110016
8.53918,47.39597,25.98060036
8.54097,47.39597,25.75390053
8.54277,47.39597,23.98520088
8.54457,47.39597,20.09869957
8.54636,47.39597,15.28789997
8.54816,47.39597,9.675200462
8.54996,47.39597,5.719799995
8.55175,47.39597,3.458699942
8.55355,47.39597,2.07249999
8.55535,47.39597,1.354500055
8.55714,47.39597,0.707499981
8.55894,47.39597,0.349000007
8.56074,47.39597,0.037700001
8.56253,47.39597,0
8.56433,47.39597,0
8.56613,47.39597,0
8.56792,47.39597,0
8.56972,47.39597,0
8.57152,47.39597,0
8.57331,47.39597,0
8.57511,47.39597,0
8.57691,47.39597,0
8.5787,47.39597,0.018300001
8.5805,47.39597,0.079899997
8.5823,47.39597,0.271699995
8.58409,47.39597,0.638300002
8.58589,47.39597,0.979200006
8.58769,47.39597,1.674000025
8.58948,47.39597,1.896000028
8.46552,47.39475,1.116799951
8.46731,47.39475,2.609999895
8.46911,47.39475,5.414299965
8.47091,47.39475,8.193300247
8.4727,47.39475,10.34939957
8.4745,47.39475,12.10719967
8.47629,47.39475,13.27449989
8.47809,47.39475,13.04139996
8.47989,47.39475,13.0383997
8.48168,47.39475,13.17010021
8.48348,47.39475,13.93729973
8.48528,47.39475,15.10669994
8.48707,47.39475,15.77099991
8.48887,47.39475,15.47799969
8.49067,47.39475,13.69069958
8.49246,47.39475,10.24699974
8.49426,47.39475,6.794400215
8.49606,47.39475,2.994999886
8.49785,47.39475,1.646399975
8.49965,47.39475,1.815500021
8.50145,47.39475,2.942699909
8.50324,47.39475,4.65320015
8.50504,47.39475,6.405900002
8.50684,47.39475,8.287099838
8.50863,47.39475,9.65680027
8.51043,47.39475,10.31140041
8.51223,47.39475,10.4829998
8.51402,47.39475,10.76799965
8.51582,47.39475,11.36919975
8.51762,47.39475,11.66720009
8.51941,47.39475,12.04380035
8.52121,47.39475,13.49090004
8.52301,47.39475,15.56210041
8.5248,47.39475,18.57019997
8.5266,47.39475,22.40080071
8.5284,47.39475,25.74570084
8.53019,47.39475,27.61440086
8.53199,47.39475,28.51720047
8.53379,47.39475,28.12890053
8.53558,47.39475,27.59300041
8.53738,47.39475,27.69309998
8.53918,47.39475,28.60300064
8.54097,47.39475,28.17020035
8.54277,47.39475,26.92410088
8.54457,47.39475,23.34309959
8.54636,47.39475,18.75460052
8.54816,47.39475,13.04380035
8.54996,47.39475,8.072099686
8.55175,47.39475,4.761700153
8.55355,47.39475,2.858700037
8.55535,47.39475,1.574300051
8.55714,47.39475,0.68870002
8.55894,47.39475,0.171000004
8.56074,47.39475,0.0251
8.56253,47.39475,0
8.56433,47.39475,0
8.56613,47.39475,0
8.56792,47.39475,0
8.56972,47.39475,0
8.57152,47.39475,0
8.57331,47.39475,0
8.57511,47.39475,0
8.57691,47.39475,0
8.5787,47.39475,0
8.5805,47.39475,0.018300001
8.5823,47.39475,0.0266
8.58409,47.39475,0.070699997
8.58589,47.39475,0.231900007
8.58769,47.39475,0.241799995
8.58948,47.39475,0.425799996
8.46731,47.39354,4.084199905
8.46911,47.39354,7.357299805
8.47091,47.39354,10.60830021
8.4727,47.39354,14.33539963
8.4745,47.39354,16.6977005
8.47629,47.39354,18.14480019
8.47809,47.39354,18.45289993
8.47989,47.39354,17.74340057
8.48168,47.39354,16.85770035
8.48348,47.39354,16.26569939
8.48528,47.39354,16.11199951
8.48707,47.39354,15.50090027
8.48887,47.39354,14.62250042
8.49067,47.39354,12.87549973
8.49246,47.39354,9.597399712
8.49426,47.39354,5.743199825
8.49606,47.39354,3.107500076
8.49785,47.39354,1.965999961
8.49965,47.39354,1.601099968
8.50145,47.39354,1.702999949
8.50324,47.39354,2.876399994
8.50504,47.39354,3.954299927
8.50684,47.39354,5.292600155
8.50863,47.39354,6.106800079
8.51043,47.39354,6.701399803
8.51223,47.39354,7.006100178
8.51402,47.39354,7.495500088
8.51582,47.39354,7.495999813
8.51762,47.39354,8.180700302
8.51941,47.39354,9.241900444
8.52121,47.39354,10.51010036
8.52301,47.39354,13.47550011
8.5248,47.39354,17.22249985
8.5266,47.39354,20.70149994
8.5284,47.39354,23.91069984
8.53019,47.39354,26.24990082
8.53199,47.39354,27.13540077
8.53379,47.39354,27.93959999
8.53558,47.39354,27.61230087
8.53738,47.39354,28.83950043
8.53918,47.39354,29.38069916
8.54097,47.39354,29.29059982
8.54277,47.39354,28.04459953
8.54457,47.39354,25.41480064
8.54636,47.39354,21.14539909
8.54816,47.39354,16.24920082
8.54996,47.39354,10.90159988
8.55175,47.39354,6.939700127
8.55355,47.39354,4.097300053
8.55535,47.39354,2.299400091
8.55714,47.39354,1.039999962
8.55894,47.39354,0.244800001
8.56074,47.39354,0
8.56253,47.39354,0
8.56433,47.39354,0
8.56613,47.39354,0
8.56792,47.39354,0
8.56972,47.39354,0
8.57152,47.39354,0
8.57331,47.39354,0
8.57511,47.39354,0
8.57691,47.39354,0
8.5787,47.39354,0
8.5805,47.39354,0
8.5823,47.39354,0
8.58409,47.39354,0.0126
8.58589,47.39354,0
8.58769,47.39354,0.0063
8.46552,47.39232,2.122600079
8.46731,47.39232,4.581299782
8.46911,47.39232,8.496399879
8.47091,47.39232,12.87030029
8.4727,47.39232,16.76510048
8.4745,47.39232,20.22550011
8.47629,47.39232,22.6935997
8.47809,47.39232,23.27289963
8.47989,47.39232,23.0387001
8.48168,47.39232,21.71290016
8.48348,47.39232,19.72340012
8.48528,47.39232,18.47369957
8.48707,47.39232,16.85580063
8.48887,47.39232,15.83950043
8.49067,47.39232,13.85350037
8.49246,47.39232,10.57050037
8.49426,47.39232,7.252900124
8.49606,47.39232,4.779900074
8.49785,47.39232,2.941600084
8.49965,47.39232,2.113199949
8.50145,47.39232,1.402999997
8.50324,47.39232,1.781399965
8.50504,47.39232,2.433099985
8.50684,47.39232,2.766000032
8.50863,47.39232,3.395999908
8.51043,47.39232,3.923199892
8.51223,47.39232,4.349899769
8.51402,47.39232,4.726900101
8.51582,47.39232,4.960299969
8.51762,47.39232,5.707499981
8.51941,47.39232,6.607500076
8.52121,47.39232,8.529399872
8.52301,47.39232,11.35719967
8.5248,47.39232,14.48190022
8.5266,47.39232,18.19260025
8.5284,47.39232,21.14389992
8.53019,47.39232,23.48469925
8.53199,47.39232,24.65819931
8.53379,47.39232,25.87669945
8.53558,47.39232,26.86230087
8.53738,47.39232,28.03549957
8.53918,47.39232,28.50889969
8.54097,47.39232,29.06170082
8.54277,47.39232,28.41939926
8.54457,47.39232,26.68540001
8.54636,47.39232,23.34840012
8.54816,47.39232,19.07959938
8.54996,47.39232,14.32219982
8.55175,47.39232,9.589599609
8.55355,47.39232,5.814199924
8.55535,47.39232,3.259900093
8.55714,47.39232,1.629999995
8.55894,47.39232,0.593699992
8.56074,47.39232,0.0429
8.56253,47.39232,0
8.56433,47.39232,0
8.56613,47.39232,0
8.56792,47.39232,0
8.56972,47.39232,0
8.57152,47.39232,0
8.57331,47.39232,0
8.57511,47.39232,0
8.57691,47.39232,0.062899999
8.5787,47.39232,0
8.5805,47.39232,0
8.5823,47.39232,0
8.58409,47.39232,0
8.46372,47.3911,0.677900016
8.46552,47.3911,2.252799988
8.46731,47.3911,4.754199982
8.46911,47.3911,8.459699631
8.47091,47.3911,13.32279968
8.4727,47.3911,18.24510002
8.4745,47.3911,22.13459969
8.47629,47.3911,25.40780067
8.47809,47.3911,26.86779976
8.47989,47.3911,26.41930008
8.48168,47.3911,24.84390068
8.48348,47.3911,23.04100037
8.48528,47.3911,21.1446991
8.48707,47.3911,19.7553997
8.48887,47.3911,18.44199944
8.49067,47.3911,16.25720024
8.49246,47.3911,13.30389977
8.49426,47.3911,10.12139988
8.49606,47.3911,6.787199974
8.49785,47.3911,4.472400188
8.49965,47.3911,3.377599955
8.50145,47.3911,2.293600082
8.50324,47.3911,1.540500045
8.50504,47.3911,1.660699964
8.50684,47.3911,1.695500016
8.50863,47.3911,1.80309999
8.51043,47.3911,2.256500006
8.51223,47.3911,2.693099976
8.51402,47.3911,2.78760004
8.51582,47.3911,3.346100092
8.51762,47.3911,4.130700111
8.51941,47.3911,5.22480011
8.52121,47.3911,6.924499989
8.52301,47.3911,9.817500114
8.5248,47.3911,13.42389965
8.5266,47.3911,16.30719948
8.5284,47.3911,18.91629982
8.53019,47.3911,20.42519951
8.53199,47.3911,21.71590042
8.53379,47.3911,22.68449974
8.53558,47.3911,24.14999962
8.53738,47.3911,25.43540001
8.53918,47.3911,26.66530037
8.54097,47.3911,27.02709961
8.54277,47.3911,27.64119911
8.54457,47.3911,26.6840992
8.54636,47.3911,24.59980011
8.54816,47.3911,21.21479988
8.54996,47.3911,16.89439964
8.55175,47.3911,12.1267004
8.55355,47.3911,7.724299908
8.55535,47.3911,4.413300037
8.55714,47.3911,2.420099974
8.55894,47.3911,0.982800007
8.56074,47.3911,0.477200001
8.56253,47.3911,0.0823
8.56433,47.3911,0
8.56613,47.3911,0
8.56792,47.3911,0
8.56972,47.3911,0
8.57152,47.3911,0
8.57331,47.3911,0.091399997
8.57511,47.3911,0.133100003
8.57691,47.3911,0.257600009
8.5787,47.3911,0.164499998
8.5805,47.3911,0.091399997
8.5823,47.3911,0
8.58409,47.3911,0
8.58589,47.3911,0
8.58769,47.3911,0
8.46192,47.38989,0.157499999
8.46372,47.38989,0.631900012
8.46552,47.38989,1.674399972
8.46731,47.38989,4.019199848
8.46911,47.38989,7.52699995
8.47091,47.38989,12.38449955
8.4727,47.38989,17.49300003
8.4745,47.38989,22.14069939
8.47629,47.38989,26.13780022
8.47809,47.38989,28.22179985
8.47989,47.38989,28.08429909
8.48168,47.38989,26.62269974
8.48348,47.38989,24.49970055
8.48528,47.38989,22.96910095
8.48707,47.38989,21.8939991
8.48887,47.38989,20.11989975
8.49067,47.38989,18.59390068
8.49246,47.38989,15.99530029
8.49426,47.38989,12.16590023
8.49606,47.38989,9.057600021
8.49785,47.38989,6.935900211
8.49965,47.38989,5.649199963
8.50145,47.38989,4.415599823
8.50324,47.38989,3.04369998
8.50504,47.38989,1.781700015
8.50684,47.38989,1.289199948
8.50863,47.38989,1.615200043
8.51043,47.38989,1.847200036
8.51223,47.38989,1.929100037
8.51402,47.38989,2.543299913
8.51582,47.38989,2.884599924
8.51762,47.38989,3.413599968
8.51941,47.38989,4.960800171
8.52121,47.38989,6.932499886
8.52301,47.38989,9.821200371
8.5248,47.38989,13.68889999
8.5266,47.38989,17.0230999
8.5284,47.38989,19.06459999
8.53019,47.38989,19.25959969
8.53199,47.38989,19.49160004
8.53379,47.38989,20.11370087
8.53558,47.38989,20.79409981
8.53738,47.38989,21.4666996
8.53918,47.38989,23.09250069
8.54097,47.38989,24.63710022
8.54277,47.38989,25.86599922
8.54457,47.38989,26.23719978
8.54636,47.38989,25.53199959
8.54816,47.38989,23.15259933
8.54996,47.38989,19.01079941
8.55175,47.38989,14.40709972
8.55355,47.38989,9.753299713
8.55535,47.38989,6.103099823
8.55714,47.38989,3.676700115
8.55894,47.38989,2.04489994
8.56074,47.38989,1.059000015
8.56253,47.38989,0.545400023
8.56433,47.38989,0.1646
8.56613,47.38989,0
8.56792,47.38989,0
8.56972,47.38989,0
8.57152,47.38989,0.091399997
8.57331,47.38989,0.351500005
8.57511,47.38989,0.533100009
8.57691,47.38989,0.604499996
8.5787,47.38989,0.550199986
8.5805,47.38989,0.392800003
8.5823,47.38989,0.137199998
8.58409,47.38989,0
8.58589,47.38989,0.0063
8.58769,47.38989,0.031399999
8.46192,47.38867,0.0823
8.46372,47.38867,0.361600012
8.46552,47.38867,1.245300055
8.46731,47.38867,3.086299896
8.46911,47.38867,5.802400112
8.47091,47.38867,10.4059
8.4727,47.38867,15.68780041
8.4745,47.38867,21.04780006
8.47629,47.38867,24.90279961
8.47809,47.38867,27.36569977
8.47989,47.38867,28.19210052
8.48168,47.38867,26.74090004
8.48348,47.38867,24.40850067
8.48528,47.38867,23.34480095
8.48707,47.38867,22.38290024
8.48887,47.38867,21.0583992
8.49067,47.38867,19.11689949
8.49246,47.38867,16.29120064
8.49426,47.38867,13.3135004
8.49606,47.38867,10.97659969
8.49785,47.38867,9.432100296
8.49965,47.38867,8.61289978
8.50145,47.38867,6.921500206
8.50324,47.38867,5.225399971
8.50504,47.38867,3.851700068
8.50684,47.38867,3.125400066
8.50863,47.38867,3.031300068
8.51043,47.38867,3.578299999
8.51223,47.38867,3.966300011
8.51402,47.38867,3.891299963
8.51582,47.38867,3.140700102
8.51762,47.38867,3.377799988
8.51941,47.38867,4.623700142
8.52121,47.38867,7.350500107
8.52301,47.38867,11.4041996
8.5248,47.38867,16.30620003
8.5266,47.38867,20.00219917
8.5284,47.38867,21.40189934
8.53019,47.38867,21.00819969
8.53199,47.38867,19.1984005
8.53379,47.38867,17.91309929
8.53558,47.38867,17.54540062
8.53738,47.38867,17.48789978
8.53918,47.38867,18.82839966
8.54097,47.38867,21.20739937
8.54277,47.38867,23.27869987
8.54457,47.38867,24.98590088
8.54636,47.38867,25.28300095
8.54816,47.38867,24.09490013
8.54996,47.38867,20.63369942
8.55175,47.38867,16.18790054
8.55355,47.38867,11.86229992
8.55535,47.38867,8.399100304
8.55714,47.38867,5.613500118
8.55894,47.38867,3.450599909
8.56074,47.38867,2.003099918
8.56253,47.38867,1.259500027
8.56433,47.38867,0.629899979
8.56613,47.38867,0.238299996
8.56792,47.38867,0
8.56972,47.38867,0.036600001
8.57152,47.38867,0.360000014
8.57331,47.38867,0.671700001
8.57511,47.38867,0.953100026
8.57691,47.38867,1.076200008
8.5787,47.38867,0.943400025
8.5805,47.38867,0.663299978
8.5823,47.38867,0.383100003
8.58409,47.38867,0.104800001
8.58589,47.38867,0.108999997
8.58769,47.38867,0.178900003
8.58948,47.38867,0.120899998
8.46013,47.38746,0
8.46192,47.38746,0
8.46372,47.38746,0.137199998
8.46552,47.38746,0.514900029
8.46731,47.38746,1.658699989
8.46911,47.38746,3.985699892
8.47091,47.38746,7.827300072
8.4727,47.38746,12.7737999
8.4745,47.38746,17.58930016
8.47629,47.38746,22.09119987
8.47809,47.38746,25.17900085
8.47989,47.38746,25.9314003
8.48168,47.38746,25.2628994
8.48348,47.38746,23.64310074
8.48528,47.38746,22.28860092
8.48707,47.38746,21.32279968
8.48887,47.38746,19.73520088
8.49067,47.38746,17.67860031
8.49246,47.38746,15.12080002
8.49426,47.38746,13.59669971
8.49606,47.38746,12.78569984
8.49785,47.38746,12.6232996
8.49965,47.38746,12.06159973
8.50145,47.38746,10.51119995
8.50324,47.38746,7.988200188
8.50504,47.38746,6.204199791
8.50684,47.38746,5.303100109
8.50863,47.38746,5.518599987
8.51043,47.38746,6.826000214
8.51223,47.38746,7.315400124
8.51402,47.38746,6.938399792
8.51582,47.38746,5.730999947
8.51762,47.38746,4.476699829
8.51941,47.38746,4.923500061
8.52121,47.38746,7.671800137
8.52301,47.38746,12.5316
8.5248,47.38746,18.07570076
8.5266,47.38746,22.71330071
8.5284,47.38746,24.82550049
8.53019,47.38746,23.44659996
8.53199,47.38746,20.14850044
8.53379,47.38746,16.80120087
8.53558,47.38746,14.44569969
8.53738,47.38746,13.43369961
8.53918,47.38746,14.1541996
8.54097,47.38746,16.83979988
8.54277,47.38746,20.26499939
8.54457,47.38746,22.62649918
8.54636,47.38746,24.32979965
8.54816,47.38746,23.70350075
8.54996,47.38746,21.46940041
8.55175,47.38746,18.13129997
8.55355,47.38746,14.1026001
8.55535,47.38746,10.96290016
8.55714,47.38746,8.335000038
8.55894,47.38746,5.51210022
8.56074,47.38746,3.795000076
8.56253,47.38746,2.279500008
8.56433,47.38746,1.409399986
8.56613,47.38746,0.755400002
8.56792,47.38746,0.277700007
8.56972,47.38746,0.176899999
8.57152,47.38746,0.516900003
8.57331,47.38746,0.964600027
8.57511,47.38746,1.304800034
8.57691,47.38746,1.460100055
8.5787,47.38746,1.300400019
8.5805,47.38746,0.912599981
8.5823,47.38746,0.564100027
8.58409,47.38746,0.340299994
8.58589,47.38746,0.310200006
8.58769,47.38746,0.360900015
8.58948,47.38746,0.332300007
8.59128,47.38746,0.242300004
8.59308,47.38746,0.097000003
8.46013,47.38624,0
8.46192,47.38624,0
8.46372,47.38624,0
8.46552,47.38624,0.054900002
8.46731,47.38624,0.621100008
8.46911,47.38624,2.025599957
8.47091,47.38624,4.892399788
8.4727,47.38624,9.181699753
8.4745,47.38624,13.55270004
8.47629,47.38624,17.79899979
8.47809,47.38624,21.4307003
8.47989,47.38624,22.69039917
8.48168,47.38624,22.82449913
8.48348,47.38624,22.13730049
8.48528,47.38624,21.33340073
8.48707,47.38624,19.67420006
8.48887,47.38624,17.75760078
8.49067,47.38624,15.39089966
8.49246,47.38624,13.56449985
8.49426,47.38624,13.45580006
8.49606,47.38624,14.20660019
8.49785,47.38624,15.33230019
8.49965,47.38624,15.78470039
8.50145,47.38624,14.11509991
8.50324,47.38624,11.06470013
8.50504,47.38624,8.772800446
8.50684,47.38624,8.220999718
8.50863,47.38624,9.242400169
8.51043,47.38624,11.09819984
8.51223,47.38624,11.82569981
8.51402,47.38624,11.31589985
8.51582,47.38624,9.262499809
8.51762,47.38624,7.293399811
8.51941,47.38624,6.286099911
8.52121,47.38624,8.077699661
8.52301,47.38624,12.09000015
8.5248,47.38624,18.62730026
8.5266,47.38624,23.91990089
8.5284,47.38624,26.16950035
8.53019,47.38624,24.89719963
8.53199,47.38624,20.99920082
8.53379,47.38624,16.03230095
8.53558,47.38624,12.63189983
8.53738,47.38624,10.38809967
8.53918,47.38624,10.92679977
8.54097,47.38624,13.27149963
8.54277,47.38624,17.18009949
8.54457,47.38624,20.85440063
8.54636,47.38624,23.15099907
8.54816,47.38624,23.64049912
8.54996,47.38624,22.3416996
8.55175,47.38624,19.79080009
8.55355,47.38624,16.78440094
8.55535,47.38624,13.93550015
8.55714,47.38624,11.10690022
8.55894,47.38624,8.250599861
8.56074,47.38624,5.855800152
8.56253,47.38624,3.922199965
8.56433,47.38624,2.37229991
8.56613,47.38624,1.479300022
8.56792,47.38624,0.877600014
8.56972,47.38624,0.499199986
8.57152,47.38624,0.81220001
8.57331,47.38624,1.127799988
8.57511,47.38624,1.501600027
8.57691,47.38624,1.621799946
8.5787,47.38624,1.393599987
8.5805,47.38624,0.972299993
8.5823,47.38624,0.694800019
8.58409,47.38624,0.519299984
8.58589,47.38624,0.52670002
8.58769,47.38624,0.574899971
8.58948,47.38624,0.527499974
8.59128,47.38624,0.382800013
8.59308,47.38624,0.214300007
8.45833,47.38502,0
8.46013,47.38502,0
8.46192,47.38502,0
8.46372,47.38502,0
8.46552,47.38502,0
8.46731,47.38502,0.0189
8.46911,47.38502,0.778199971
8.47091,47.38502,2.602799892
8.4727,47.38502,5.612699986
8.4745,47.38502,9.002900124
8.47629,47.38502,12.74419975
8.47809,47.38502,15.94799995
8.47989,47.38502,18.14529991
8.48168,47.38502,19.43260002
8.48348,47.38502,19.59720039
8.48528,47.38502,19.02820015
8.48707,47.38502,17.35910034
8.48887,47.38502,14.98589993
8.49067,47.38502,12.53960037
8.49246,47.38502,11.76169968
8.49426,47.38502,12.78100014
8.49606,47.38502,15.05879974
8.49785,47.38502,17.66830063
8.49965,47.38502,18.5807991
8.50145,47.38502,16.70549965
8.50324,47.38502,13.40439987
8.50504,47.38502,11.11670017
8.50684,47.38502,10.66250038
8.50863,47.38502,13.19089985
8.51043,47.38502,15.79269981
8.51223,47.38502,17.50489998
8.51402,47.38502,17.34029961
8.51582,47.38502,15.25809956
8.51762,47.38502,12.04629993
8.51941,47.38502,9.473400116
8.52121,47.38502,9.559900284
8.52301,47.38502,12.24499989
8.5248,47.38502,17.26440048
8.5266,47.38502,22.57939911
8.5284,47.38502,25.12509918
8.53019,47.38502,24.23839951
8.53199,47.38502,20.09930038
8.53379,47.38502,15.07530022
8.53558,47.38502,10.66460037
8.53738,47.38502,8.399399757
8.53918,47.38502,8.436200142
8.54097,47.38502,10.7553997
8.54277,47.38502,14.30720043
8.54457,47.38502,18.10239983
8.54636,47.38502,21.10199928
8.54816,47.38502,22.59189987
8.54996,47.38502,22.20829964
8.55175,47.38502,21.11330032
8.55355,47.38502,19.05380058
8.55535,47.38502,17.00979996
8.55714,47.38502,14.06299973
8.55894,47.38502,10.98779964
8.56074,47.38502,8.08880043
8.56253,47.38502,5.809500217
8.56433,47.38502,3.773900032
8.56613,47.38502,2.66899991
8.56792,47.38502,1.82980001
8.56972,47.38502,1.277899981
8.57152,47.38502,1.185899973
8.57331,47.38502,1.307100058
8.57511,47.38502,1.514000058
8.57691,47.38502,1.448500037
8.5787,47.38502,1.236999989
8.5805,47.38502,0.876100004
8.5823,47.38502,0.683399975
8.58409,47.38502,0.492500007
8.58589,47.38502,0.625199974
8.58769,47.38502,0.723999977
8.58948,47.38502,0.661800027
8.59128,47.38502,0.477699995
8.59308,47.38502,0.272599995
8.45833,47.38381,0
8.46013,47.38381,0
8.46192,47.38381,0
8.46372,47.38381,0
8.46552,47.38381,0
8.46731,47.38381,0.031399999
8.46911,47.38381,0.1153
8.47091,47.38381,0.677299976
8.4727,47.38381,2.782399893
8.4745,47.38381,4.928999901
8.47629,47.38381,7.584199905
8.47809,47.38381,10.38990021
8.47989,47.38381,13.02630043
8.48168,47.38381,15.27149963
8.48348,47.38381,16.28650093
8.48528,47.38381,15.95740032
8.48707,47.38381,15.12779999
8.48887,47.38381,13.40970039
8.49067,47.38381,11.12240028
8.49246,47.38381,10.77680016
8.49426,47.38381,12.33150005
8.49606,47.38381,15.34710026
8.49785,47.38381,18.47109985
8.49965,47.38381,19.75869942
8.50145,47.38381,18.27820015
8.50324,47.38381,15.64089966
8.50504,47.38381,14.31599998
8.50684,47.38381,14.84150028
8.50863,47.38381,17.3553009
8.51043,47.38381,20.53140068
8.51223,47.38381,22.9734993
8.51402,47.38381,23.25909996
8.51582,47.38381,21.57629967
8.51762,47.38381,17.63509941
8.51941,47.38381,14.04629993
8.52121,47.38381,12.6906004
8.52301,47.38381,13.6243
8.5248,47.38381,15.87489986
8.5266,47.38381,19.92919922
8.5284,47.38381,21.91379929
8.53019,47.38381,21.49259949
8.53199,47.38381,18.05340004
8.53379,47.38381,13.28929996
8.53558,47.38381,8.951100349
8.53738,47.38381,6.886099815
8.53918,47.38381,6.329199791
8.54097,47.38381,8.470100403
8.54277,47.38381,11.5333004
8.54457,47.38381,14.99849987
8.54636,47.38381,18.69790077
8.54816,47.38381,20.60580063
8.54996,47.38381,21.23539925
8.55175,47.38381,21.19120026
8.55355,47.38381,20.00690079
8.55535,47.38381,18.80419922
8.55714,47.38381,16.53709984
8.55894,47.38381,13.16660023
8.56074,47.38381,10.17269993
8.56253,47.38381,7.71269989
8.56433,47.38381,5.606299877
8.56613,47.38381,4.165999889
8.56792,47.38381,3.077500105
8.56972,47.38381,2.303600073
8.57152,47.38381,1.860900044
8.57331,47.38381,1.588099957
8.57511,47.38381,1.358299971
8.57691,47.38381,1.191300035
8.5787,47.38381,0.865999997
8.5805,47.38381,0.596400023
8.5823,47.38381,0.452899992
8.58409,47.38381,0.471500009
8.58589,47.38381,0.624300003
8.58769,47.38381,0.721099973
8.58948,47.38381,0.656499982
8.59128,47.38381,0.471500009
8.59308,47.38381,0.261700004
8.45653,47.38259,0
8.45833,47.38259,0
8.46013,47.38259,0
8.46192,47.38259,0
8.46372,47.38259,0
8.46552,47.38259,0
8.46731,47.38259,0
8.46911,47.38259,0.093999997
8.47091,47.38259,0.212099999
8.4727,47.38259,0.648599982
8.4745,47.38259,2.269900084
8.47629,47.38259,4.020500183
8.47809,47.38259,6.440999985
8.47989,47.38259,9.434900284
8.48168,47.38259,11.99580002
8.48348,47.38259,13.53009987
8.48528,47.38259,14.87390041
8.48707,47.38259,14.57250023
8.48887,47.38259,13.16749954
8.49067,47.38259,11.87759972
8.49246,47.38259,11.64140034
8.49426,47.38259,12.74870014
8.49606,47.38259,15.92039967
8.49785,47.38259,18.62240028
8.49965,47.38259,20.34869957
8.50145,47.38259,19.52230072
8.50324,47.38259,17.98920059
8.50504,47.38259,16.65099907
8.50684,47.38259,18.26530075
8.50863,47.38259,21.54170036
8.51043,47.38259,25.10969925
8.51223,47.38259,27.67340088
8.51402,47.38259,29.05669975
8.51582,47.38259,27.28910065
8.51762,47.38259,24.01600075
8.51941,47.38259,20.19420052
8.52121,47.38259,16.6678009
8.52301,47.38259,15.49520016
8.5248,47.38259,15.7677002
8.5266,47.38259,17.25489998
8.5284,47.38259,17.99449921
8.53019,47.38259,17.61569977
8.53199,47.38259,14.53559971
8.53379,47.38259,10.80930042
8.53558,47.38259,7.803299904
8.53738,47.38259,5.518700123
8.53918,47.38259,4.975500107
8.54097,47.38259,6.28910017
8.54277,47.38259,9.018400192
8.54457,47.38259,12.03380013
8.54636,47.38259,15.26780033
8.54816,47.38259,17.58329964
8.54996,47.38259,18.98690033
8.55175,47.38259,19.71990013
8.55355,47.38259,19.57869911
8.55535,47.38259,18.65570068
8.55714,47.38259,17.09869957
8.55894,47.38259,14.29629993
8.56074,47.38259,11.38829994
8.56253,47.38259,9.206800461
8.56433,47.38259,7.078100204
8.56613,47.38259,5.714900017
8.56792,47.38259,4.6395998
8.56972,47.38259,3.561100006
8.57152,47.38259,2.588500023
8.57331,47.38259,1.845700026
8.57511,47.38259,1.241700053
8.57691,47.38259,0.891700029
8.5787,47.38259,0.453999996
8.5805,47.38259,0.280900002
8.5823,47.38259,0.215000004
8.58409,47.38259,0.336600006
8.58589,47.38259,0.493099988
8.58769,47.38259,0.568199992
8.58948,47.38259,0.515200019
8.59128,47.38259,0.368000001
8.59308,47.38259,0.203400001
8.44935,47.38137,0
8.45114,47.38137,0
8.45294,47.38137,0
8.45474,47.38137,0
8.45653,47.38137,0
8.45833,47.38137,0
8.46013,47.38137,0
8.46192,47.38137,0
8.46372,47.38137,0
8.46552,47.38137,0
8.46731,47.38137,0
8.46911,47.38137,0.045699999
8.47091,47.38137,0.112899996
8.4727,47.38137,0.209900007
8.4745,47.38137,0.67869997
8.47629,47.38137,2.066999912
8.47809,47.38137,4.620500088
8.47989,47.38137,6.957399845
8.48168,47.38137,9.904399872
8.48348,47.38137,12.93190002
8.48528,47.38137,14.6267004
8.48707,47.38137,15.55210018
8.48887,47.38137,15.29529953
8.49067,47.38137,14.06159973
8.49246,47.38137,13.90120029
8.49426,47.38137,14.52840042
8.49606,47.38137,15.88869953
8.49785,47.38137,18.39949989
8.49965,47.38137,19.28079987
8.50145,47.38137,19.2378006
8.50324,47.38137,19.03100014
8.50504,47.38137,18.98480034
8.50684,47.38137,20.72489929
8.50863,47.38137,23.84339905
8.51043,47.38137,27.35610008
8.51223,47.38137,30.32579994
8.51402,47.38137,32.14599991
8.51582,47.38137,31.66320038
8.51762,47.38137,29.6093998
8.51941,47.38137,26.07049942
8.52121,47.38137,21.64609909
8.52301,47.38137,18.73220062
8.5248,47.38137,16.73110008
8.5266,47.38137,16.4734993
8.5284,47.38137,15.46389961
8.53019,47.38137,14.10480022
8.53199,47.38137,11.37590027
8.53379,47.38137,8.52630043
8.53558,47.38137,6.125599861
8.53738,47.38137,4.052999973
8.53918,47.38137,3.175499916
8.54097,47.38137,4.030900002
8.54277,47.38137,6.16079998
8.54457,47.38137,8.854000092
8.54636,47.38137,11.47249985
8.54816,47.38137,13.47630024
8.54996,47.38137,14.91250038
8.55175,47.38137,16.07970047
8.55355,47.38137,16.57999992
8.55535,47.38137,16.78490067
8.55714,47.38137,15.75450039
8.55894,47.38137,14.06820011
8.56074,47.38137,12.13160038
8.56253,47.38137,10.00300026
8.56433,47.38137,8.568699837
8.56613,47.38137,7.365300179
8.56792,47.38137,6.074699879
8.56972,47.38137,4.779900074
8.57152,47.38137,3.456599951
8.57331,47.38137,2.144900084
8.57511,47.38137,1.182899952
8.57691,47.38137,0.670300007
8.5787,47.38137,0.231700003
8.5805,47.38137,0
8.5823,47.38137,0.0823
8.58409,47.38137,0.220899999
8.58589,47.38137,0.307900012
8.58769,47.38137,0.354000002
8.58948,47.38137,0.319799989
8.59128,47.38137,0.222299993
8.59308,47.38137,0.100599997
8.59487,47.38137,0
8.44935,47.38016,0
8.45114,47.38016,0
8.45294,47.38016,0
8.45474,47.38016,0
8.45653,47.38016,0
8.45833,47.38016,0
8.46013,47.38016,0
8.46192,47.38016,0
8.46372,47.38016,0
8.46552,47.38016,0
8.46731,47.38016,0
8.46911,47.38016,0
8.47091,47.38016,0.045699999
8.4727,47.38016,0.066500001
8.4745,47.38016,0.1708
8.47629,47.38016,1.401499987
8.47809,47.38016,3.51880002
8.47989,47.38016,6.236499786
8.48168,47.38016,9.340299606
8.48348,47.38016,12.99779987
8.48528,47.38016,15.84430027
8.48707,47.38016,17.80579948
8.48887,47.38016,18.41480064
8.49067,47.38016,18.12929916
8.49246,47.38016,17.44589996
8.49426,47.38016,17.92000008
8.49606,47.38016,18.13199997
8.49785,47.38016,19.0746994
8.49965,47.38016,19.46559906
8.50145,47.38016,19.53380013
8.50324,47.38016,18.66220093
8.50504,47.38016,19.33090019
8.50684,47.38016,20.86949921
8.50863,47.38016,23.45299912
8.51043,47.38016,26.7602005
8.51223,47.38016,30.2105999
8.51402,47.38016,33.09009933
8.51582,47.38016,34.15169907
8.51762,47.38016,32.41139984
8.51941,47.38016,29.20770073
8.52121,47.38016,25.28039932
8.52301,47.38016,21.29949951
8.5248,47.38016,17.98320007
8.5266,47.38016,16.55999947
8.5284,47.38016,14.55200005
8.53019,47.38016,12.2191
8.53199,47.38016,9.758199692
8.53379,47.38016,6.81099987
8.53558,47.38016,4.352799892
8.53738,47.38016,2.928200006
8.53918,47.38016,2.124599934
8.54097,47.38016,2.747400045
8.54277,47.38016,4.08769989
8.54457,47.38016,5.74450016
8.54636,47.38016,7.846700192
8.54816,47.38016,9.093099594
8.54996,47.38016,10.17870045
8.55175,47.38016,11.65400028
8.55355,47.38016,12.87759972
8.55535,47.38016,13.82199955
8.55714,47.38016,13.99499989
8.55894,47.38016,12.94769955
8.56074,47.38016,11.63449955
8.56253,47.38016,10.50080013
8.56433,47.38016,9.380900383
8.56613,47.38016,8.482700348
8.56792,47.38016,7.275599957
8.56972,47.38016,5.57859993
8.57152,47.38016,3.917099953
8.57331,47.38016,2.346299887
8.57511,47.38016,1.152799964
8.57691,47.38016,0.50940001
8.5787,47.38016,0.098200001
8.5805,47.38016,0.036600001
8.5823,47.38016,0.053199999
8.58409,47.38016,0.133499995
8.58589,47.38016,0.165999994
8.58769,47.38016,0.188600004
8.58948,47.38016,0.125300005
8.59128,47.38016,0.073200002
8.59308,47.38016,0
8.59487,47.38016,0
8.59667,47.38016,0
8.45114,47.37894,0
8.45294,47.37894,0
8.45474,47.37894,0
8.45653,47.37894,0
8.45833,47.37894,0
8.46013,47.37894,0
8.46192,47.37894,0
8.46372,47.37894,0
8.46552,47.37894,0
8.46731,47.37894,0
8.46911,47.37894,0
8.47091,47.37894,0
8.4727,47.37894,0
8.4745,47.37894,0.259900004
8.47629,47.37894,1.088600039
8.47809,47.37894,3.057800055
8.47989,47.37894,5.968299866
8.48168,47.37894,9.685199738
8.48348,47.37894,13.70860004
8.48528,47.37894,17.40679932
8.48707,47.37894,20.24469948
8.48887,47.37894,21.78499985
8.49067,47.37894,21.94459915
8.49246,47.37894,21.43650055
8.49426,47.37894,20.85490036
8.49606,47.37894,19.9192009
8.49785,47.37894,19.46920013
8.49965,47.37894,19.22229958
8.50145,47.37894,18.45369911
8.50324,47.37894,18.33519936
8.50504,47.37894,18.70750046
8.50684,47.37894,19.1583004
8.50863,47.37894,21.08670044
8.51043,47.37894,23.93549919
8.51223,47.37894,27.2859993
8.51402,47.37894,31.52490044
8.51582,47.37894,33.14429855
8.51762,47.37894,33.32260132
8.51941,47.37894,30.94070053
8.52121,47.37894,27.18939972
8.52301,47.37894,22.94260025
8.5248,47.37894,19.84359932
8.5266,47.37894,16.73010063
8.5284,47.37894,14.67889977
8.53019,47.37894,11.63609982
8.53199,47.37894,8.689200401
8.53379,47.37894,5.820000172
8.53558,47.37894,3.610500097
8.53738,47.37894,1.690799952
8.53918,47.37894,1.456200004
8.54097,47.37894,1.839699984
8.54277,47.37894,3.102699995
8.54457,47.37894,4.245299816
8.54636,47.37894,5.320700169
8.54816,47.37894,5.825099945
8.54996,47.37894,6.54820013
8.55175,47.37894,7.473499775
8.55355,47.37894,9.310400009
8.55535,47.37894,10.92549992
8.55714,47.37894,12.08100033
8.55894,47.37894,11.72980022
8.56074,47.37894,11.17300034
8.56253,47.37894,10.41189957
8.56433,47.37894,9.674799919
8.56613,47.37894,8.869299889
8.56792,47.37894,7.580500126
8.56972,47.37894,5.881299973
8.57152,47.37894,4.005199909
8.57331,47.37894,2.222199917
8.57511,47.37894,0.992399991
8.57691,47.37894,0.394199997
8.5787,47.37894,0.119499996
8.5805,47.37894,0.087200001
8.5823,47.37894,0.099399999
8.58409,47.37894,0.1127
8.58589,47.37894,0.099399999
8.58769,47.37894,0.118600003
8.58948,47.37894,0.036600001
8.59128,47.37894,0
8.59308,47.37894,0
8.59487,47.37894,0
8.59667,47.37894,0
8.46192,47.37772,0
8.46372,47.37772,0
8.46552,47.37772,0
8.46731,47.37772,0
8.46911,47.37772,0
8.47091,47.37772,0
8.4727,47.37772,0.0189
8.4745,47.37772,0.164700001
8.47629,47.37772,0.962599993
8.47809,47.37772,2.815700054
8.47989,47.37772,5.525599957
8.48168,47.37772,9.403900146
8.48348,47.37772,13.82839966
8.48528,47.37772,17.67550087
8.48707,47.37772,21.42749977
8.48887,47.37772,23.18519974
8.49067,47.37772,23.28039932
8.49246,47.37772,23.38260078
8.49426,47.37772,22.74920082
8.49606,47.37772,20.86790085
8.49785,47.37772,20.13999939
8.49965,47.37772,18.83720016
8.50145,47.37772,18.45030022
8.50324,47.37772,17.62689972
8.50504,47.37772,16.5571003
8.50684,47.37772,16.65320015
8.50863,47.37772,17.96699905
8.51043,47.37772,20.66799927
8.51223,47.37772,24.79809952
8.51402,47.37772,29.35379982
8.51582,47.37772,32.33150101
8.51762,47.37772,32.88470078
8.51941,47.37772,30.73670006
8.52121,47.37772,27.15119934
8.52301,47.37772,22.88500023
8.5248,47.37772,19.96689987
8.5266,47.37772,17.57369995
8.5284,47.37772,14.76239967
8.53019,47.37772,11.69209957
8.53199,47.37772,8.288900375
8.53379,47.37772,5.176000118
8.53558,47.37772,3.139199972
8.53738,47.37772,1.462599993
8.53918,47.37772,1.301900029
8.54097,47.37772,2.075700045
8.54277,47.37772,3.137900114
8.54457,47.37772,4.086200237
8.54636,47.37772,4.368100166
8.54816,47.37772,3.968400002
8.54996,47.37772,4.349699974
8.55175,47.37772,5.271299839
8.55355,47.37772,7.072400093
8.55535,47.37772,9.347900391
8.55714,47.37772,10.65970039
8.55894,47.37772,11.00129986
8.56074,47.37772,10.72099972
8.56253,47.37772,10.00570011
8.56433,47.37772,9.628399849
8.56613,47.37772,8.664600372
8.56792,47.37772,7.337299824
8.56972,47.37772,5.697199821
8.57152,47.37772,3.642400026
8.57331,47.37772,1.842800021
8.57511,47.37772,0.779100001
8.57691,47.37772,0.238399997
8.5787,47.37772,0.093099996
8.5805,47.37772,0.099399999
8.5823,47.37772,0.144700006
8.58409,47.37772,0.163900003
8.58589,47.37772,0.144700006
8.58769,47.37772,0.099399999
8.58948,47.37772,0.053199999
8.59128,47.37772,0
8.59308,47.37772,0
8.59487,47.37772,0
8.59667,47.37772,0
8.59847,47.37772,0
8.46372,47.37651,0
8.46552,47.37651,0
8.46731,47.37651,0
8.46911,47.37651,0
8.47091,47.37651,0
8.4727,47.37651,0
8.4745,47.37651,0.058800001
8.47629,47.37651,0.743499994
8.47809,47.37651,2.097199917
8.47989,47.37651,4.949399948
8.48168,47.37651,8.608200073
8.48348,47.37651,12.85099983
8.48528,47.37651,17.0394001
8.48707,47.37651,20.38409996
8.48887,47.37651,22.3859005
8.49067,47.37651,23.54400063
8.49246,47.37651,23.41640091
8.49426,47.37651,22.82570076
8.49606,47.37651,21.63710022
8.49785,47.37651,20.71369934
8.49965,47.37651,19.66220093
8.50145,47.37651,18.76720047
8.50324,47.37651,17.67110062
8.50504,47.37651,16.87630081
8.50684,47.37651,16.15780067
8.50863,47.37651,17.3404007
8.51043,47.37651,19.95940018
8.51223,47.37651,24.08659935
8.51402,47.37651,28.40080071
8.51582,47.37651,31.27610016
8.51762,47.37651,32.61700058
8.51941,47.37651,31.07239914
8.52121,47.37651,27.43190002
8.52301,47.37651,23.60919952
8.5248,47.37651,20.28170013
8.5266,47.37651,17.8743
8.5284,47.37651,14.40950012
8.53019,47.37651,11.33390045
8.53199,47.37651,8.341300011
8.53379,47.37651,5.361700058
8.53558,47.37651,2.86500001
8.53738,47.37651,1.863800049
8.53918,47.37651,1.801800013
8.54097,47.37651,2.982000113
8.54277,47.37651,4.291500092
8.54457,47.37651,5.137800217
8.54636,47.37651,5.277699947
8.54816,47.37651,4.471300125
8.54996,47.37651,3.82220006
8.55175,47.37651,4.757900238
8.55355,47.37651,6.394100189
8.55535,47.37651,8.438599586
8.55714,47.37651,10.34770012
8.55894,47.37651,10.91549969
8.56074,47.37651,10.43410015
8.56253,47.37651,9.995200157
8.56433,47.37651,9.111800194
8.56613,47.37651,8.237799644
8.56792,47.37651,6.936999798
8.56972,47.37651,4.886499882
8.57152,47.37651,3.121099949
8.57331,47.37651,1.540699959
8.57511,47.37651,0.574199975
8.57691,47.37651,0.166600004
8.5787,47.37651,0.096900001
8.5805,47.37651,0.1127
8.5823,47.37651,0.163900003
8.58409,47.37651,0.185800001
8.58589,47.37651,0.163900003
8.58769,47.37651,0.1127
8.58948,47.37651,0.0603
8.59128,47.37651,0.0251
8.59308,47.37651,0
8.59487,47.37651,0
8.59667,47.37651,0
8.59847,47.37651,0
8.46552,47.37529,0
8.46731,47.37529,0
8.46911,47.37529,0
8.47091,47.37529,0
8.4727,47.37529,0
8.4745,47.37529,0.046300001
8.47629,47.37529,0.372999996
8.47809,47.37529,1.459499955
8.47989,47.37529,3.970700026
8.48168,47.37529,7.179299831
8.48348,47.37529,10.87889957
8.48528,47.37529,14.71510029
8.48707,47.37529,17.33760071
8.48887,47.37529,19.38689995
8.49067,47.37529,20.80179977
8.49246,47.37529,21.53689957
8.49426,47.37529,21.16670036
8.49606,47.37529,21.02560043
8.49785,47.37529,20.39909935
8.49965,47.37529,19.84819984
8.50145,47.37529,19.19720078
8.50324,47.37529,17.99670029
8.50504,47.37529,17.22489929
8.50684,47.37529,16.55550003
8.50863,47.37529,18.12610054
8.51043,47.37529,21.02899933
8.51223,47.37529,25.45999908
8.51402,47.37529,29.90449905
8.51582,47.37529,32.8689003
8.51762,47.37529,33.28770065
8.51941,47.37529,32.11199951
8.52121,47.37529,28.52260017
8.52301,47.37529,25.93330002
8.5248,47.37529,24.07719994
8.5266,47.37529,20.75779915
8.5284,47.37529,17.36730003
8.53019,47.37529,13.55020046
8.53199,47.37529,8.998600006
8.53379,47.37529,5.454500198
8.53558,47.37529,3.301599979
8.53738,47.37529,1.875699997
8.53918,47.37529,2.36439991
8.54097,47.37529,3.795799971
8.54277,47.37529,5.582399845
8.54457,47.37529,6.615699768
8.54636,47.37529,6.620800018
8.54816,47.37529,5.649499893
8.54996,47.37529,4.917699814
8.55175,47.37529,5.157100201
8.55355,47.37529,6.657400131
8.55535,47.37529,9.077500343
8.55714,47.37529,10.62100029
8.55894,47.37529,11.48620033
8.56074,47.37529,11.17510033
8.56253,47.37529,10.51379967
8.56433,47.37529,9.311100006
8.56613,47.37529,8.131699562
8.56792,47.37529,6.436299801
8.56972,47.37529,4.486000061
8.57152,47.37529,2.537100077
8.57331,47.37529,1.32130003
8.57511,47.37529,0.534699976
8.57691,47.37529,0.170399994
8.5787,47.37529,0.066500001
8.5805,47.37529,0.099399999
8.5823,47.37529,0.144700006
8.58409,47.37529,0.163900003
8.58589,47.37529,0.144700006
8.58769,47.37529,0.099399999
8.58948,47.37529,0.053199999
8.59128,47.37529,0
8.59308,47.37529,0
8.59487,47.37529,0
8.59667,47.37529,0
8.59847,47.37529,0
8.60026,47.37529,0
8.46731,47.37407,0
8.47091,47.37407,0
8.4727,47.37407,0
8.4745,47.37407,0
8.47629,47.37407,0.1074
8.47809,47.37407,0.985400021
8.47989,47.37407,2.674299955
8.48168,47.37407,5.594500065
8.48348,47.37407,8.734199524
8.48528,47.37407,11.54930019
8.48707,47.37407,14.09819984
8.48887,47.37407,16.53899956
8.49067,47.37407,17.80270004
8.49246,47.37407,19.36660004
8.49426,47.37407,20.58919907
8.49606,47.37407,20.04630089
8.49785,47.37407,20.12700081
8.49965,47.37407,19.84589958
8.50145,47.37407,19.1072998
8.50324,47.37407,19.0951004
8.50504,47.37407,18.93630028
8.50684,47.37407,19.45439911
8.50863,47.37407,21.46610069
8.51043,47.37407,24.80089951
8.51223,47.37407,28.39480019
8.51402,47.37407,31.1779995
8.51582,47.37407,34.12900162
8.51762,47.37407,33.92110062
8.51941,47.37407,32.8307991
8.52121,47.37407,32.1004982
8.52301,47.37407,30.27300072
8.5248,47.37407,28.2215004
8.5266,47.37407,25.07920074
8.5284,47.37407,20.62730026
8.53019,47.37407,15.67920017
8.53199,47.37407,11.10439968
8.53379,47.37407,6.206699848
8.53558,47.37407,3.631999969
8.53738,47.37407,2.318000078
8.53918,47.37407,2.710700035
8.54097,47.37407,4.386000156
8.54277,47.37407,6.26940012
8.54457,47.37407,7.491499901
8.54636,47.37407,7.641799927
8.54816,47.37407,6.683300018
8.54996,47.37407,5.882999897
8.55175,47.37407,6.019899845
8.55355,47.37407,7.700799942
8.55535,47.37407,10.13589954
8.55714,47.37407,11.69169998
8.55894,47.37407,12.54290009
8.56074,47.37407,12.49170017
8.56253,47.37407,11.51790047
8.56433,47.37407,10.3494997
8.56613,47.37407,8.592599869
8.56792,47.37407,6.37169981
8.56972,47.37407,4.34070015
8.57152,47.37407,2.462500095
8.57331,47.37407,1.244099975
8.57511,47.37407,0.516700029
8.57691,47.37407,0.203999996
8.5787,47.37407,0.064199999
8.5805,47.37407,0.074600004
8.5823,47.37407,0.099399999
8.58409,47.37407,0.1127
8.58589,47.37407,0.099399999
8.58769,47.37407,0.068300001
8.58948,47.37407,0.036600001
8.59128,47.37407,0
8.59308,47.37407,0
8.59487,47.37407,0
8.59667,47.37407,0
8.59847,47.37407,0
8.60026,47.37407,0
8.60206,47.37407,0
8.47091,47.37286,0
8.4727,47.37286,0
8.4745,47.37286,0
8.47629,47.37286,0.065099999
8.47809,47.37286,0.420399994
8.47989,47.37286,1.929299951
8.48168,47.37286,4.019100189
8.48348,47.37286,6.413400173
8.48528,47.37286,9.126199722
8.48707,47.37286,11.66670036
8.48887,47.37286,14.27659988
8.49067,47.37286,17.27000046
8.49246,47.37286,19.04640007
8.49426,47.37286,20.64139938
8.49606,47.37286,21.49200058
8.49785,47.37286,19.90640068
8.49965,47.37286,19.29339981
8.50145,47.37286,19.52879906
8.50324,47.37286,19.69029999
8.50504,47.37286,19.82530022
8.50684,47.37286,21.82060051
8.50863,47.37286,23.55940056
8.51043,47.37286,26.91469955
8.51223,47.37286,30.03339958
8.51402,47.37286,33.1908989
8.51582,47.37286,34.11500168
8.51762,47.37286,33.84360123
8.51941,47.37286,32.77270126
8.52121,47.37286,33.5583992
8.52301,47.37286,33.85309982
8.5248,47.37286,32.20569992
8.5266,47.37286,29.51939964
8.5284,47.37286,24.8022995
8.53019,47.37286,18.08729935
8.53199,47.37286,12.05589962
8.53379,47.37286,6.829199791
8.53558,47.37286,3.610599995
8.53738,47.37286,2.590399981
8.53918,47.37286,2.410399914
8.54097,47.37286,4.110099792
8.54277,47.37286,6.040699959
8.54457,47.37286,7.322999954
8.54636,47.37286,7.634600163
8.54816,47.37286,7.052599907
8.54996,47.37286,6.236599922
8.55175,47.37286,6.875400066
8.55355,47.37286,8.766799927
8.55535,47.37286,11.10350037
8.55714,47.37286,13.33870029
8.55894,47.37286,14.20880032
8.56074,47.37286,14.06369972
8.56253,47.37286,13.69929981
8.56433,47.37286,12.22480011
8.56613,47.37286,9.979599953
8.56792,47.37286,7.469299793
8.56972,47.37286,4.471300125
8.57152,47.37286,2.434499979
8.57331,47.37286,1.244400024
8.57511,47.37286,0.536000013
8.57691,47.37286,0.227400005
8.5787,47.37286,0.076200001
8.5805,47.37286,0.036600001
8.5823,47.37286,0.053199999
8.58409,47.37286,0.0603
8.58589,47.37286,0.053199999
8.58769,47.37286,0.036600001
8.58948,47.37286,0
8.59128,47.37286,0
8.59308,47.37286,0
8.59487,47.37286,0
8.59667,47.37286,0
8.59847,47.37286,0
8.60026,47.37286,0
8.60206,47.37286,0
8.60386,47.37286,0
8.46731,47.37164,0
8.46911,47.37164,0
8.47091,47.37164,0
8.4727,47.37164,0
8.4745,47.37164,0
8.47629,47.37164,0
8.47809,47.37164,0.218700007
8.47989,47.37164,1.23300004
8.48168,47.37164,2.740600109
8.48348,47.37164,4.589099884
8.48528,47.37164,6.843200207
8.48707,47.37164,9.463000298
8.48887,47.37164,13.36760044
8.49067,47.37164,16.84550095
8.49246,47.37164,19.87310028
8.49426,47.37164,21.62960052
8.49606,47.37164,21.48110008
8.49785,47.37164,20.33950043
8.49965,47.37164,18.94300079
8.50145,47.37164,17.77840042
8.50324,47.37164,18.44729996
8.50504,47.37164,19.71199989
8.50684,47.37164,21.70840073
8.50863,47.37164,24.56399918
8.51043,47.37164,27.99850082
8.51223,47.37164,30.53339958
8.51402,47.37164,32.27669907
8.51582,47.37164,33.20100021
8.51762,47.37164,32.06909943
8.51941,47.37164,32.78549957
8.52121,47.37164,34.14310074
8.52301,47.37164,35.05160141
8.5248,47.37164,34.62929916
8.5266,47.37164,31.46920013
8.5284,47.37164,25.9314003
8.53019,47.37164,19.78149986
8.53199,47.37164,12.6882
8.53379,47.37164,7.806200027
8.53558,47.37164,4.200300217
8.53738,47.37164,2.645699978
8.53918,47.37164,2.411799908
8.54097,47.37164,3.446099997
8.54277,47.37164,4.892099857
8.54457,47.37164,6.184000015
8.54636,47.37164,6.724899769
8.54816,47.37164,6.371399879
8.54996,47.37164,6.560299873
8.55175,47.37164,7.565599918
8.55355,47.37164,9.67650032
8.55535,47.37164,12.57250023
8.55714,47.37164,15.00969982
8.55894,47.37164,16.4326992
8.56074,47.37164,17.13030052
8.56253,47.37164,16.41209984
8.56433,47.37164,14.93200016
8.56613,47.37164,12.14050007
8.56792,47.37164,9.045499802
8.56972,47.37164,5.491099834
8.57152,47.37164,2.765799999
8.57331,47.37164,1.275300026
8.57511,47.37164,0.602900028
8.57691,47.37164,0.180999994
8.5787,47.37164,0.0091
8.5805,47.37164,0
8.5823,47.37164,0
8.58409,47.37164,0.0251
8.58589,47.37164,0
8.58769,47.37164,0
8.58948,47.37164,0
8.59128,47.37164,0
8.59308,47.37164,0.0126
8.59487,47.37164,0.056600001
8.59667,47.37164,0.037700001
8.59847,47.37164,0.075400002
8.60026,47.37164,0
8.60206,47.37164,0
8.60386,47.37164,0
8.46552,47.37042,0
8.46731,47.37042,0
8.46911,47.37042,0
8.47091,47.37042,0
8.4727,47.37042,0
8.4745,47.37042,0
8.47629,47.37042,0.044
8.47809,47.37042,0.210700005
8.47989,47.37042,0.539200008
8.48168,47.37042,1.617499948
8.48348,47.37042,3.039299965
8.48528,47.37042,4.945199966
8.48707,47.37042,7.378600121
8.48887,47.37042,11.82569981
8.49067,47.37042,16.41600037
8.49246,47.37042,20.23590088
8.49426,47.37042,22.36630058
8.49606,47.37042,22.19039917
8.49785,47.37042,20.83449936
8.49965,47.37042,18.65110016
8.50145,47.37042,17.0177002
8.50324,47.37042,17.52809906
8.50504,47.37042,19.60300064
8.50684,47.37042,21.52000046
8.50863,47.37042,24.45509911
8.51043,47.37042,27.8484993
8.51223,47.37042,31.49600029
8.51402,47.37042,32.31610107
8.51582,47.37042,32.42850113
8.51762,47.37042,31.58029938
8.51941,47.37042,30.48550034
8.52121,47.37042,31.76869965
8.52301,47.37042,33.31930161
8.5248,47.37042,32.89720154
8.5266,47.37042,30.08720016
8.5284,47.37042,24.61809921
8.53019,47.37042,18.24780083
8.53199,47.37042,12.08100033
8.53379,47.37042,7.296899796
8.53558,47.37042,4.373899937
8.53738,47.37042,2.804399967
8.53918,47.37042,1.942399979
8.54097,47.37042,2.387700081
8.54277,47.37042,3.479199886
8.54457,47.37042,4.48390007
8.54636,47.37042,5.209799767
8.54816,47.37042,5.488299847
8.54996,47.37042,6.21600008
8.55175,47.37042,7.989799976
8.55355,47.37042,11.03670025
8.55535,47.37042,13.99199963
8.55714,47.37042,16.82620049
8.55894,47.37042,18.86840057
8.56074,47.37042,19.84309959
8.56253,47.37042,19.35059929
8.56433,47.37042,18.06579971
8.56613,47.37042,15.07970047
8.56792,47.37042,11.11260033
8.56972,47.37042,7.001699924
8.57152,47.37042,3.55279994
8.57331,47.37042,1.295799971
8.57511,47.37042,0.574100018
8.57691,47.37042,0.165700004
8.5787,47.37042,0
8.5805,47.37042,0
8.5823,47.37042,0
8.58409,47.37042,0
8.58589,47.37042,0
8.58769,47.37042,0
8.58948,47.37042,0.018300001
8.59128,47.37042,0.134100005
8.59308,47.37042,0.2236
8.59487,47.37042,0.408499986
8.59667,47.37042,0.400700003
8.59847,47.37042,0.500199974
8.60026,47.37042,0.214499995
8.60206,47.37042,0.109700002
8.60386,47.37042,0.0126
8.60565,47.37042,0
8.46552,47.36921,0
8.46731,47.36921,0
8.46911,47.36921,0
8.47091,47.36921,0
8.4727,47.36921,0
8.4745,47.36921,0
8.47629,47.36921,0
8.47809,47.36921,0.093099996
8.47989,47.36921,0.341600001
8.48168,47.36921,0.728100002
8.48348,47.36921,1.498399973
8.48528,47.36921,3.101000071
8.48707,47.36921,5.754300117
8.48887,47.36921,9.467300415
8.49067,47.36921,14.41119957
8.49246,47.36921,18.78639984
8.49426,47.36921,21.28219986
8.49606,47.36921,21.74469948
8.49785,47.36921,20.35300064
8.49965,47.36921,18.21870041
8.50145,47.36921,17.13470078
8.50324,47.36921,17.34989929
8.50504,47.36921,18.04649925
8.50684,47.36921,21.34230042
8.50863,47.36921,24.55139923
8.51043,47.36921,27.8647995
8.51223,47.36921,30.86949921
8.51402,47.36921,32.69380188
8.51582,47.36921,31.75040054
8.51762,47.36921,31.70879936
8.51941,47.36921,30.84079933
8.52121,47.36921,30.81949997
8.52301,47.36921,30.75550079
8.5248,47.36921,29.50009918
8.5266,47.36921,25.6147995
8.5284,47.36921,20.57780075
8.53019,47.36921,15.26819992
8.53199,47.36921,10.76669979
8.53379,47.36921,6.958600044
8.53558,47.36921,4.273499966
8.53738,47.36921,3.032999992
8.53918,47.36921,1.805199981
8.54097,47.36921,1.675799966
8.54277,47.36921,2.102299929
8.54457,47.36921,2.686199903
8.54636,47.36921,3.63470006
8.54816,47.36921,4.562900066
8.54996,47.36921,5.971300125
8.55175,47.36921,8.651000023
8.55355,47.36921,12.2507
8.55535,47.36921,15.79399967
8.55714,47.36921,18.98629951
8.55894,47.36921,21.21579933
8.56074,47.36921,22.21190071
8.56253,47.36921,22.1868
8.56433,47.36921,20.26580048
8.56613,47.36921,17.23320007
8.56792,47.36921,13.34899998
8.56972,47.36921,8.624899864
8.57152,47.36921,4.782899857
8.57331,47.36921,2.503200054
8.57511,47.36921,0.99970001
8.57691,47.36921,0.317900002
8.5787,47.36921,0.045699999
8.5805,47.36921,0
8.5823,47.36921,0
8.58409,47.36921,0
8.58589,47.36921,0
8.58769,47.36921,0.054900002
8.58948,47.36921,0.197099999
8.59128,47.36921,0.440899998
8.59308,47.36921,0.728799999
8.59487,47.36921,1.156299949
8.59667,47.36921,1.279199958
8.59847,47.36921,1.145099998
8.60026,47.36921,0.852299988
8.60206,47.36921,0.515100002
8.60386,47.36921,0.139899999
8.60565,47.36921,0.0266
8.60745,47.36921,0.018300001
8.61464,47.36921,0
8.61643,47.36921,0
8.46552,47.36799,0
8.46731,47.36799,0
8.46911,47.36799,0
8.47091,47.36799,0
8.4727,47.36799,0
8.4745,47.36799,0
8.47629,47.36799,0
8.47809,47.36799,0.064000003
8.47989,47.36799,0.1928
8.48168,47.36799,0.336600006
8.48348,47.36799,0.66140002
8.48528,47.36799,1.548699975
8.48707,47.36799,3.180999994
8.48887,47.36799,7.118999958
8.49067,47.36799,10.98950005
8.49246,47.36799,14.85690022
8.49426,47.36799,18.05699921
8.49606,47.36799,18.87109947
8.49785,47.36799,18.33819962
8.49965,47.36799,18.43610001
8.50145,47.36799,18.16580009
8.50324,47.36799,20.09329987
8.50504,47.36799,21.38120079
8.50684,47.36799,23.8803997
8.50863,47.36799,25.25889969
8.51043,47.36799,28.62450027
8.51223,47.36799,30.76950073
8.51402,47.36799,32.03760147
8.51582,47.36799,32.43510056
8.51762,47.36799,31.64100075
8.51941,47.36799,30.82799912
8.52121,47.36799,29.56389999
8.52301,47.36799,27.53030014
8.5248,47.36799,24.77980042
8.5266,47.36799,21.13699913
8.5284,47.36799,16.45210075
8.53019,47.36799,12.13969994
8.53199,47.36799,7.960299969
8.53379,47.36799,6.335499763
8.53558,47.36799,4.777100086
8.53738,47.36799,3.131000042
8.53918,47.36799,1.796800017
8.54097,47.36799,1.174200058
8.54277,47.36799,1.225600004
8.54457,47.36799,1.696799994
8.54636,47.36799,2.551700115
8.54816,47.36799,3.935499907
8.54996,47.36799,6.131700039
8.55175,47.36799,9.625
8.55355,47.36799,13.46879959
8.55535,47.36799,17.46730042
8.55714,47.36799,20.14940071
8.55894,47.36799,22.50370026
8.56074,47.36799,23.50650024
8.56253,47.36799,23.43289948
8.56433,47.36799,21.78960037
8.56613,47.36799,19.16469955
8.56792,47.36799,15.26299953
8.56972,47.36799,10.76690006
8.57152,47.36799,6.346600056
8.57331,47.36799,3.47420001
8.57511,47.36799,1.716500044
8.57691,47.36799,0.689400017
8.5787,47.36799,0.279199988
8.5805,47.36799,0.0583
8.5823,47.36799,0
8.58409,47.36799,0.044
8.58589,47.36799,0.049199998
8.58769,47.36799,0.122400001
8.58948,47.36799,0.427599996
8.59128,47.36799,0.881500006
8.59308,47.36799,1.536200047
8.59487,47.36799,1.998299956
8.59667,47.36799,2.216599941
8.59847,47.36799,2.063999891
8.60026,47.36799,1.539100051
8.60206,47.36799,0.986400008
8.60386,47.36799,0.450899988
8.60565,47.36799,0.049699999
8.60745,47.36799,0.034200002
8.60925,47.36799,0.018300001
8.61104,47.36799,0
8.61284,47.36799,0
8.61464,47.36799,0
8.61643,47.36799,0
8.61823,47.36799,0
8.46552,47.36677,0
8.46731,47.36677,0
8.46911,47.36677,0
8.47091,47.36677,0
8.4727,47.36677,0
8.4745,47.36677,0
8.47629,47.36677,0
8.47809,47.36677,0
8.47989,47.36677,0.064000003
8.48168,47.36677,0.175400004
8.48348,47.36677,0.319700003
8.48528,47.36677,0.640699983
8.48707,47.36677,1.610999942
8.48887,47.36677,4.214300156
8.49067,47.36677,7.127299786
8.49246,47.36677,10.22109985
8.49426,47.36677,13.16289997
8.49606,47.36677,14.6480999
8.49785,47.36677,16.16320038
8.49965,47.36677,17.79630089
8.50145,47.36677,20.14010048
8.50324,47.36677,23.41830063
8.50504,47.36677,26.19890022
8.50684,47.36677,27.28700066
8.50863,47.36677,28.48010063
8.51043,47.36677,28.69249916
8.51223,47.36677,29.86849976
8.51402,47.36677,30.51160049
8.51582,47.36677,31.58110046
8.51762,47.36677,31.40509987
8.51941,47.36677,30.56360054
8.52121,47.36677,28.45779991
8.52301,47.36677,25.41959953
8.5248,47.36677,20.43510056
8.5266,47.36677,17.2010994
8.5284,47.36677,12.57619953
8.53019,47.36677,8.927599907
8.53199,47.36677,7.540299892
8.53379,47.36677,6.361999989
8.53558,47.36677,4.755099773
8.53738,47.36677,3.28550005
8.53918,47.36677,1.92110002
8.54097,47.36677,0.86650002
8.54277,47.36677,0.73360002
8.54457,47.36677,0.993799984
8.54636,47.36677,2.101300001
8.54816,47.36677,3.79279995
8.54996,47.36677,6.494400024
8.55175,47.36677,10.4048996
8.55355,47.36677,14.37380028
8.55535,47.36677,17.85020065
8.55714,47.36677,20.52549934
8.55894,47.36677,22.50810051
8.56074,47.36677,23.63209915
8.56253,47.36677,23.68659973
8.56433,47.36677,22.22960091
8.56613,47.36677,19.8302002
8.56792,47.36677,16.65810013
8.56972,47.36677,12.40139961
8.57152,47.36677,8.551600456
8.57331,47.36677,5.221899986
8.57511,47.36677,2.963099957
8.57691,47.36677,1.370100021
8.5787,47.36677,0.629000008
8.5805,47.36677,0.30340001
8.5823,47.36677,0.287200004
8.58409,47.36677,0.194399998
8.58589,47.36677,0.288500011
8.58769,47.36677,0.59799999
8.58948,47.36677,1.090499997
8.59128,47.36677,1.558300018
8.59308,47.36677,2.476599932
8.59487,47.36677,2.955600023
8.59667,47.36677,3.035900116
8.59847,47.36677,2.978600025
8.60026,47.36677,2.467400074
8.60206,47.36677,1.691900015
8.60386,47.36677,0.89410001
8.60565,47.36677,0.325700015
8.60745,47.36677,0.058899999
8.60925,47.36677,0.0266
8.61104,47.36677,0
8.61284,47.36677,0
8.61464,47.36677,0
8.61643,47.36677,0
8.61823,47.36677,0
8.46911,47.36556,0
8.47091,47.36556,0
8.4727,47.36556,0
8.4745,47.36556,0
8.47629,47.36556,0
8.47809,47.36556,0
8.47989,47.36556,0
8.48168,47.36556,0
8.48348,47.36556,0.071400002
8.48528,47.36556,0.170900002
8.48707,47.36556,0.50819999
8.48887,47.36556,1.327600002
8.49067,47.36556,3.988199949
8.49246,47.36556,6.107900143
8.49426,47.36556,7.91050005
8.49606,47.36556,9.982500076
8.49785,47.36556,13.38899994
8.49965,47.36556,15.8355999
8.50145,47.36556,20.86860085
8.50324,47.36556,25.73329926
8.50504,47.36556,28.65629959
8.50684,47.36556,29.38629913
8.50863,47.36556,28.36630058
8.51043,47.36556,26.97380066
8.51223,47.36556,26.9218998
8.51402,47.36556,26.39769936
8.51582,47.36556,27.60919952
8.51762,47.36556,29.26510048
8.51941,47.36556,29.06509972
8.52121,47.36556,27.0189991
8.52301,47.36556,24.19540024
8.5248,47.36556,20.51009941
8.5266,47.36556,15.92450047
8.5284,47.36556,12.4612999
8.53019,47.36556,9.461799622
8.53199,47.36556,8.773200035
8.53379,47.36556,7.51060009
8.53558,47.36556,5.602399826
8.53738,47.36556,3.829900026
8.53918,47.36556,2.157099962
8.54097,47.36556,0.78549999
8.54277,47.36556,0.38319999
8.54457,47.36556,0.708800018
8.54636,47.36556,2.096600056
8.54816,47.36556,4.248899937
8.54996,47.36556,7.282999992
8.55175,47.36556,11.26710033
8.55355,47.36556,14.93910027
8.55535,47.36556,17.70299912
8.55714,47.36556,19.86860085
8.55894,47.36556,21.58270073
8.56074,47.36556,22.34049988
8.56253,47.36556,22.86849976
8.56433,47.36556,22.41270065
8.56613,47.36556,20.7262001
8.56792,47.36556,18.04529953
8.56972,47.36556,14.34140015
8.57152,47.36556,10.53219986
8.57331,47.36556,7.086699963
8.57511,47.36556,4.142399788
8.57691,47.36556,2.292500019
8.5787,47.36556,1.439399958
8.5805,47.36556,1.214900017
8.5823,47.36556,1.163100004
8.58409,47.36556,1.146700025
8.58589,47.36556,1.413100004
8.58769,47.36556,1.672399998
8.58948,47.36556,2.354099989
8.59128,47.36556,3.077899933
8.59308,47.36556,3.708499908
8.59487,47.36556,4.170300007
8.59667,47.36556,4.39440012
8.59847,47.36556,4.025400162
8.60026,47.36556,3.393300056
8.60206,47.36556,2.489099979
8.60386,47.36556,1.541000009
8.60565,47.36556,0.758599997
8.60745,47.36556,0.247199997
8.60925,47.36556,0.039299998
8.61104,47.36556,0.0126
8.61284,47.36556,0
8.61464,47.36556,0
8.61643,47.36556,0
8.47091,47.36434,0
8.4727,47.36434,0
8.4745,47.36434,0
8.47629,47.36434,0
8.47809,47.36434,0
8.47989,47.36434,0
8.48168,47.36434,0
8.48348,47.36434,0
8.48528,47.36434,0.018300001
8.48707,47.36434,0.041999999
8.48887,47.36434,0.391799986
8.49067,47.36434,0.851400018
8.49246,47.36434,2.349299908
8.49426,47.36434,4.789599895
8.49606,47.36434,6.246600151
8.49785,47.36434,9.620200157
8.49965,47.36434,14.56389999
8.50145,47.36434,19.66290092
8.50324,47.36434,25.29509926
8.50504,47.36434,28.38080025
8.50684,47.36434,28.94319916
8.50863,47.36434,26.84970093
8.51043,47.36434,23.82579994
8.51223,47.36434,21.82369995
8.51402,47.36434,20.52230072
8.51582,47.36434,22.04490089
8.51762,47.36434,24.56089973
8.51941,47.36434,25.61389923
8.52121,47.36434,24.73649979
8.52301,47.36434,22.38150024
8.5248,47.36434,19.96809959
8.5266,47.36434,16.81119919
8.5284,47.36434,13.87199974
8.53019,47.36434,12.05659962
8.53199,47.36434,10.92599964
8.53379,47.36434,9.024000168
8.53558,47.36434,6.74119997
8.53738,47.36434,4.59800005
8.53918,47.36434,2.49729991
8.54097,47.36434,0.85650003
8.54277,47.36434,0.205200002
8.54457,47.36434,0.719500005
8.54636,47.36434,2.399300098
8.54816,47.36434,5.013400078
8.54996,47.36434,8.275699615
8.55175,47.36434,11.76130009
8.55355,47.36434,14.77499962
8.55535,47.36434,17.07139969
8.55714,47.36434,18.69370079
8.55894,47.36434,19.8859005
8.56074,47.36434,20.54150009
8.56253,47.36434,21.14080048
8.56433,47.36434,21.07250023
8.56613,47.36434,20.45210075
8.56792,47.36434,18.69680023
8.56972,47.36434,16.00469971
8.57152,47.36434,12.47970009
8.57331,47.36434,9.16989994
8.57511,47.36434,5.861400127
8.57691,47.36434,3.549999952
8.5787,47.36434,2.778199911
8.5805,47.36434,2.732300043
8.5823,47.36434,2.94569993
8.58409,47.36434,3.09010005
8.58589,47.36434,3.323899984
8.58769,47.36434,3.700200081
8.58948,47.36434,4.386899948
8.59128,47.36434,4.89470005
8.59308,47.36434,5.588699818
8.59487,47.36434,5.72300005
8.59667,47.36434,5.756199837
8.59847,47.36434,5.231900215
8.60026,47.36434,4.252399921
8.60206,47.36434,3.131599903
8.60386,47.36434,2.148499966
8.60565,47.36434,1.051800013
8.60745,47.36434,0.504899979
8.60925,47.36434,0.0491
8.61104,47.36434,0
8.61284,47.36434,0
8.61464,47.36434,0
8.61643,47.36434,0
8.47091,47.36312,0
8.4727,47.36312,0
8.4745,47.36312,0
8.47629,47.36312,0
8.47809,47.36312,0
8.47989,47.36312,0
8.48168,47.36312,0
8.48348,47.36312,0
8.48528,47.36312,0
8.48707,47.36312,0
8.48887,47.36312,0.0583
8.49067,47.36312,0.210600004
8.49246,47.36312,0.936800003
8.49426,47.36312,2.08859992
8.49606,47.36312,4.116099834
8.49785,47.36312,7.087900162
8.49965,47.36312,11.36629963
8.50145,47.36312,16.4612999
8.50324,47.36312,21.87929916
8.50504,47.36312,25.54030037
8.50684,47.36312,26.31220055
8.50863,47.36312,24.25049973
8.51043,47.36312,20.35899925
8.51223,47.36312,17.73209953
8.51402,47.36312,15.78849983
8.51582,47.36312,16.55690002
8.51762,47.36312,19.41880035
8.51941,47.36312,21.19079971
8.52121,47.36312,21.54089928
8.52301,47.36312,21.49650002
8.5248,47.36312,19.95809937
8.5266,47.36312,18.57959938
8.5284,47.36312,17.27510071
8.53019,47.36312,14.93659973
8.53199,47.36312,13.08920002
8.53379,47.36312,10.63449955
8.53558,47.36312,7.506800175
8.53738,47.36312,5.08589983
8.53918,47.36312,2.796900034
8.54097,47.36312,0.936699986
8.54277,47.36312,0.174199998
8.54457,47.36312,0.595499992
8.54636,47.36312,2.608099937
8.54816,47.36312,5.471199989
8.54996,47.36312,8.699899673
8.55175,47.36312,11.7816
8.55355,47.36312,14.83110046
8.55535,47.36312,16.4382
8.55714,47.36312,17.43519974
8.55894,47.36312,17.89480019
8.56074,47.36312,18.3635006
8.56253,47.36312,18.77869987
8.56433,47.36312,19.19459915
8.56613,47.36312,19.15360069
8.56792,47.36312,18.50390053
8.56972,47.36312,16.3647995
8.57152,47.36312,13.57750034
8.57331,47.36312,10.12069988
8.57511,47.36312,7.097199917
8.57691,47.36312,5.378900051
8.5787,47.36312,4.862400055
8.5805,47.36312,5.27159977
8.5823,47.36312,5.621500015
8.58409,47.36312,5.920400143
8.58589,47.36312,6.020199776
8.58769,47.36312,6.160099983
8.58948,47.36312,6.77699995
8.59128,47.36312,7.139200211
8.59308,47.36312,7.39470005
8.59487,47.36312,7.318200111
8.59667,47.36312,7.003200054
8.59847,47.36312,6.484700203
8.60026,47.36312,5.48029995
8.60206,47.36312,3.924200058
8.60386,47.36312,2.497999907
8.60565,47.36312,1.362900019
8.60745,47.36312,0.620500028
8.60925,47.36312,0.159799993
8.61104,47.36312,0.0063
8.61284,47.36312,0
8.61464,47.36312,0
8.4727,47.36191,0
8.4745,47.36191,0
8.47629,47.36191,0
8.47809,47.36191,0
8.47989,47.36191,0
8.48168,47.36191,0
8.48348,47.36191,0
8.48528,47.36191,0
8.48707,47.36191,0
8.48887,47.36191,0
8.49067,47.36191,0.045699999
8.49246,47.36191,0.159700006
8.49426,47.36191,1.163300037
8.49606,47.36191,2.397599936
8.49785,47.36191,4.90749979
8.49965,47.36191,7.585199833
8.50145,47.36191,12.01809978
8.50324,47.36191,16.8057003
8.50504,47.36191,20.40870094
8.50684,47.36191,22.77429962
8.50863,47.36191,22.80970001
8.51043,47.36191,18.82690048
8.51223,47.36191,15.95100021
8.51402,47.36191,13.91549969
8.51582,47.36191,13.72249985
8.51762,47.36191,15.30189991
8.51941,47.36191,17.29700088
8.52121,47.36191,18.90390015
8.52301,47.36191,19.61429977
8.5248,47.36191,20.46910095
8.5266,47.36191,19.99979973
8.5284,47.36191,19.53619957
8.53019,47.36191,17.62490082
8.53199,47.36191,15.05550003
8.53379,47.36191,11.32839966
8.53558,47.36191,7.772799969
8.53738,47.36191,4.949500084
8.53918,47.36191,2.59980011
8.54097,47.36191,0.950699985
8.54277,47.36191,0.285100013
8.54457,47.36191,0.649500012
8.54636,47.36191,2.381200075
8.54816,47.36191,5.229400158
8.54996,47.36191,8.600700378
8.55175,47.36191,11.72159958
8.55355,47.36191,14.35980034
8.55535,47.36191,16.11450005
8.55714,47.36191,17.10390091
8.55894,47.36191,16.72470093
8.56074,47.36191,16.54859924
8.56253,47.36191,16.71870041
8.56433,47.36191,16.66620064
8.56613,47.36191,16.53179932
8.56792,47.36191,16.53289986
8.56972,47.36191,15.49880028
8.57152,47.36191,13.26509953
8.57331,47.36191,10.94810009
8.57511,47.36191,8.200200081
8.57691,47.36191,7.01970005
8.5787,47.36191,6.976399899
8.5805,47.36191,8.092599869
8.5823,47.36191,8.717100143
8.58409,47.36191,9.008299828
8.58589,47.36191,8.969200134
8.58769,47.36191,8.962200165
8.58948,47.36191,9.015199661
8.59128,47.36191,9.240599632
8.59308,47.36191,9.152700424
8.59487,47.36191,8.884599686
8.59667,47.36191,8.629099846
8.59847,47.36191,7.892300129
8.60026,47.36191,6.972099781
8.60206,47.36191,5.284599781
8.60386,47.36191,3.210099936
8.60565,47.36191,1.691499949
8.60745,47.36191,0.713999987
8.60925,47.36191,0.147799999
8.61104,47.36191,0.0063
8.61284,47.36191,0
8.61464,47.36191,0
8.61643,47.36191,0
8.61823,47.36191,0
8.62003,47.36191,0
8.62182,47.36191,0
8.48168,47.36069,0
8.48348,47.36069,0
8.48528,47.36069,0
8.48707,47.36069,0
8.48887,47.36069,0
8.49067,47.36069,0.044
8.49246,47.36069,0.105499998
8.49426,47.36069,0.494700015
8.49606,47.36069,1.003499985
8.49785,47.36069,2.461100101
8.49965,47.36069,4.547299862
8.50145,47.36069,7.418000221
8.50324,47.36069,11.7354002
8.50504,47.36069,16.4810009
8.50684,47.36069,20.09560013
8.50863,47.36069,21.69420052
8.51043,47.36069,21.05290031
8.51223,47.36069,18.49500084
8.51402,47.36069,14.65400028
8.51582,47.36069,13.37660027
8.51762,47.36069,13.71479988
8.51941,47.36069,13.53349972
8.52121,47.36069,15.24349976
8.52301,47.36069,17.43079948
8.5248,47.36069,19.14069939
8.5266,47.36069,20.22999954
8.5284,47.36069,20.41080093
8.53019,47.36069,18.56469917
8.53199,47.36069,15.3118
8.53379,47.36069,10.93039989
8.53558,47.36069,6.836200237
8.53738,47.36069,4.149099827
8.53918,47.36069,2.251600027
8.54097,47.36069,0.844799995
8.54277,47.36069,0.106799997
8.54457,47.36069,0.504499972
8.54636,47.36069,1.888599992
8.54816,47.36069,4.452000141
8.54996,47.36069,7.639699936
8.55175,47.36069,10.92249966
8.55355,47.36069,13.90600014
8.55535,47.36069,15.8465004
8.55714,47.36069,16.94619942
8.55894,47.36069,16.82259941
8.56074,47.36069,15.54920006
8.56253,47.36069,14.6487999
8.56433,47.36069,13.94099998
8.56613,47.36069,13.51860046
8.56792,47.36069,13.37909985
8.56972,47.36069,13.24750042
8.57152,47.36069,12.0557003
8.57331,47.36069,10.51299953
8.57511,47.36069,8.971599579
8.57691,47.36069,8.64070034
8.5787,47.36069,9.029800415
8.5805,47.36069,10.2173996
8.5823,47.36069,11.11310005
8.58409,47.36069,11.63459969
8.58589,47.36069,11.20689964
8.58769,47.36069,10.87320042
8.58948,47.36069,10.59720039
8.59128,47.36069,10.36590004
8.59308,47.36069,10.22119999
8.59487,47.36069,10.09819984
8.59667,47.36069,9.914999962
8.59847,47.36069,9.878800392
8.60026,47.36069,8.475000381
8.60206,47.36069,7.006800175
8.60386,47.36069,4.493800163
8.60565,47.36069,2.322099924
8.60745,47.36069,0.74970001
8.60925,47.36069,0.074500002
8.61104,47.36069,0
8.61284,47.36069,0
8.61464,47.36069,0
8.61643,47.36069,0
8.61823,47.36069,0
8.62003,47.36069,0
8.62182,47.36069,0
8.48348,47.35947,0
8.48528,47.35947,0
8.48707,47.35947,0
8.48887,47.35947,0
8.49067,47.35947,0
8.49246,47.35947,0.218799993
8.49426,47.35947,0.475600004
8.49606,47.35947,0.816600025
8.49785,47.35947,1.170600057
8.49965,47.35947,2.296499968
8.50145,47.35947,3.768599987
8.50324,47.35947,7.943799973
8.50504,47.35947,12.39669991
8.50684,47.35947,18.01259995
8.50863,47.35947,21.92099953
8.51043,47.35947,22.91959953
8.51223,47.35947,20.87010002
8.51402,47.35947,17.8465004
8.51582,47.35947,14.49050045
8.51762,47.35947,12.58100033
8.51941,47.35947,11.92350006
8.52121,47.35947,12.54500008
8.52301,47.35947,14.83189964
8.5248,47.35947,17.21579933
8.5266,47.35947,19.30430031
8.5284,47.35947,20.08250046
8.53019,47.35947,18.15069962
8.53199,47.35947,14.47270012
8.53379,47.35947,9.547800064
8.53558,47.35947,5.318600178
8.53738,47.35947,3.079799891
8.53918,47.35947,1.539100051
8.54097,47.35947,0.448599994
8.54277,47.35947,0
8.54457,47.35947,0.158800006
8.54636,47.35947,1.237200022
8.54816,47.35947,3.315099955
8.54996,47.35947,6.179699898
8.55175,47.35947,9.829099655
8.55355,47.35947,13.49720001
8.55535,47.35947,16.38339996
8.55714,47.35947,17.84250069
8.55894,47.35947,17.75580025
8.56074,47.35947,15.90699959
8.56253,47.35947,13.2869997
8.56433,47.35947,11.06620026
8.56613,47.35947,9.831100464
8.56792,47.35947,10.03369999
8.56972,47.35947,10.20160007
8.57152,47.35947,10.31729984
8.57331,47.35947,9.791399956
8.57511,47.35947,9.224499702
8.57691,47.35947,9.372900009
8.5787,47.35947,10.29740047
8.5805,47.35947,11.12779999
8.5823,47.35947,12.08740044
8.58409,47.35947,12.38160038
8.58589,47.35947,11.92910004
8.58769,47.35947,11.19519997
8.58948,47.35947,10.70559978
8.59128,47.35947,10.32050037
8.59308,47.35947,10.15219975
8.59487,47.35947,10.82349968
8.59667,47.35947,11.20940018
8.59847,47.35947,11.91539955
8.60026,47.35947,11.2524004
8.60206,47.35947,9.406200409
8.60386,47.35947,6.362199783
8.60565,47.35947,3.624799967
8.60745,47.35947,1.115300059
8.60925,47.35947,0.247199997
8.61104,47.35947,0.045699999
8.61284,47.35947,0
8.61464,47.35947,0
8.61643,47.35947,0
8.61823,47.35947,0
8.62003,47.35947,0
8.62182,47.35947,0
8.48528,47.35825,0
8.48707,47.35825,0
8.48887,47.35825,0
8.49067,47.35825,0
8.49246,47.35825,0.064000003
8.49426,47.35825,0.385699987
8.49606,47.35825,0.671199977
8.49785,47.35825,0.920599997
8.49965,47.35825,1.221199989
8.50145,47.35825,2.203399897
8.50324,47.35825,5.481500149
8.50504,47.35825,9.808300018
8.50684,47.35825,16.40800095
8.50863,47.35825,21.13459969
8.51043,47.35825,23.29369926
8.51223,47.35825,22.24169922
8.51402,47.35825,18.76269913
8.51582,47.35825,13.89050007
8.51762,47.35825,10.94849968
8.51941,47.35825,8.825200081
8.52121,47.35825,9.189100266
8.52301,47.35825,11.50049973
8.5248,47.35825,14.66170025
8.5266,47.35825,17.25469971
8.5284,47.35825,18.4571991
8.53019,47.35825,16.7628994
8.53199,47.35825,12.94620037
8.53379,47.35825,7.840499878
8.53558,47.35825,3.940900087
8.53738,47.35825,1.893100023
8.53918,47.35825,0.787100017
8.54097,47.35825,0.128000006
8.54277,47.35825,0
8.54457,47.35825,0.0274
8.54636,47.35825,0.579299986
8.54816,47.35825,2.134200096
8.54996,47.35825,4.395199776
8.55175,47.35825,8.181500435
8.55355,47.35825,12.60109997
8.55535,47.35825,16.3708992
8.55714,47.35825,18.69589996
8.55894,47.35825,18.87479973
8.56074,47.35825,16.72719955
8.56253,47.35825,13.18529987
8.56433,47.35825,9.294300079
8.56613,47.35825,6.703999996
8.56792,47.35825,6.80189991
8.56972,47.35825,7.411200047
8.57152,47.35825,8.198599815
8.57331,47.35825,8.514399529
8.57511,47.35825,8.785200119
8.57691,47.35825,9.316399574
8.5787,47.35825,10.26580048
8.5805,47.35825,10.93789959
8.5823,47.35825,11.46870041
8.58409,47.35825,11.51029968
8.58589,47.35825,10.90079975
8.58769,47.35825,9.905799866
8.58948,47.35825,9.176699638
8.59128,47.35825,9.127300262
8.59308,47.35825,9.366100311
8.59487,47.35825,10.2585001
8.59667,47.35825,11.96000004
8.59847,47.35825,13.29640007
8.60026,47.35825,13.39239979
8.60206,47.35825,11.70300007
8.60386,47.35825,8.32859993
8.60565,47.35825,4.902699947
8.60745,47.35825,2.153399944
8.60925,47.35825,0.556299984
8.61104,47.35825,0.176300004
8.61284,47.35825,0
8.61464,47.35825,0
8.61643,47.35825,0
8.61823,47.35825,0
8.62003,47.35825,0
8.62182,47.35825,0
8.48528,47.35704,0
8.48707,47.35704,0
8.48887,47.35704,0
8.49067,47.35704,0
8.49246,47.35704,0
8.49426,47.35704,0.246900007
8.49606,47.35704,0.434799999
8.49785,47.35704,0.675899982
8.49965,47.35704,0.793200016
8.50145,47.35704,1.65260005
8.50324,47.35704,3.848999977
8.50504,47.35704,8.237700462
8.50684,47.35704,14.2251997
8.50863,47.35704,19.29529953
8.51043,47.35704,21.47190094
8.51223,47.35704,20.47220039
8.51402,47.35704,16.73740005
8.51582,47.35704,12.03520012
8.51762,47.35704,8.04090023
8.51941,47.35704,5.414700031
8.52121,47.35704,5.633100033
8.52301,47.35704,8.144399643
8.5248,47.35704,11.27620029
8.5266,47.35704,14.7432003
8.5284,47.35704,16.6644001
8.53019,47.35704,15.26060009
8.53199,47.35704,11.46170044
8.53379,47.35704,6.758699894
8.53558,47.35704,2.943399906
8.53738,47.35704,0.944199979
8.53918,47.35704,0.235400006
8.54097,47.35704,0.0063
8.54277,47.35704,0
8.54457,47.35704,0
8.54636,47.35704,0.0526
8.54816,47.35704,0.958400011
8.54996,47.35704,2.9302001
8.55175,47.35704,6.191999912
8.55355,47.35704,10.70009995
8.55535,47.35704,15.38370037
8.55714,47.35704,18.43280029
8.55894,47.35704,18.9843998
8.56074,47.35704,16.66819954
8.56253,47.35704,12.81680012
8.56433,47.35704,8.567700386
8.56613,47.35704,5.270100117
8.56792,47.35704,4.760300159
8.56972,47.35704,5.547299862
8.57152,47.35704,6.388599873
8.57331,47.35704,7.12830019
8.57511,47.35704,7.746399879
8.57691,47.35704,8.245900154
8.5787,47.35704,9.057200432
8.5805,47.35704,9.611300468
8.5823,47.35704,9.554400444
8.58409,47.35704,9.39470005
8.58589,47.35704,8.690600395
8.58769,47.35704,7.644299984
8.58948,47.35704,6.895599842
8.59128,47.35704,6.50369978
8.59308,47.35704,7.373300076
8.59487,47.35704,8.833200455
8.59667,47.35704,11.19019985
8.59847,47.35704,13.31890011
8.60026,47.35704,13.9701004
8.60206,47.35704,12.63449955
8.60386,47.35704,9.503100395
8.60565,47.35704,5.72510004
8.60745,47.35704,2.835099936
8.60925,47.35704,0.811100006
8.61104,47.35704,0.260199994
8.61284,47.35704,0.031399999
8.61464,47.35704,0
8.61643,47.35704,0
8.61823,47.35704,0
8.62003,47.35704,0
8.62182,47.35704,0
8.62362,47.35704,0
8.48528,47.35582,0
8.48707,47.35582,0
8.48887,47.35582,0
8.49067,47.35582,0
8.49246,47.35582,0
8.49426,47.35582,0
8.49606,47.35582,0.182899997
8.49785,47.35582,0.416599989
8.49965,47.35582,0.500400007
8.50145,47.35582,0.747500002
8.50324,47.35582,2.490200043
8.50504,47.35582,5.955500126
8.50684,47.35582,10.62930012
8.50863,47.35582,15.15929985
8.51043,47.35582,17.18630028
8.51223,47.35582,16.14039993
8.51402,47.35582,12.77439976
8.51582,47.35582,8.798100472
8.51762,47.35582,5.120299816
8.51941,47.35582,3.131299973
8.52121,47.35582,2.974999905
8.52301,47.35582,5.51429987
8.5248,47.35582,8.845700264
8.5266,47.35582,12.97439957
8.5284,47.35582,15.11699963
8.53019,47.35582,14.51720047
8.53199,47.35582,11.0053997
8.53379,47.35582,6.770899773
8.53558,47.35582,2.707299948
8.53738,47.35582,0.847000003
8.53918,47.35582,0.153200001
8.54097,47.35582,0.0126
8.54277,47.35582,0
8.54457,47.35582,0
8.54636,47.35582,0
8.54816,47.35582,0.324099988
8.54996,47.35582,1.64199996
8.55175,47.35582,4.16590023
8.55355,47.35582,8.128800392
8.55535,47.35582,12.66699982
8.55714,47.35582,16.24239922
8.55894,47.35582,17.43180084
8.56074,47.35582,15.81849957
8.56253,47.35582,12.31470013
8.56433,47.35582,8.45320034
8.56613,47.35582,5.313700199
8.56792,47.35582,4.284500122
8.56972,47.35582,4.421599865
8.57152,47.35582,5.235000134
8.57331,47.35582,5.755599976
8.57511,47.35582,6.268199921
8.57691,47.35582,6.89260006
8.5787,47.35582,7.321899891
8.5805,47.35582,7.201200008
8.5823,47.35582,7.32130003
8.58409,47.35582,6.774499893
8.58589,47.35582,6.025000095
8.58769,47.35582,5.117499828
8.58948,47.35582,4.575500011
8.59128,47.35582,4.40350008
8.59308,47.35582,4.895299912
8.59487,47.35582,6.842000008
8.59667,47.35582,9.399399757
8.59847,47.35582,11.77939987
8.60026,47.35582,12.9133997
8.60206,47.35582,12.03789997
8.60386,47.35582,9.363499641
8.60565,47.35582,6.035200119
8.60745,47.35582,2.969099998
8.60925,47.35582,1.119699955
8.61104,47.35582,0.297699988
8.61284,47.35582,0.075400002
8.61464,47.35582,0
8.61643,47.35582,0
8.61823,47.35582,0
8.62003,47.35582,0
8.62182,47.35582,0
8.62362,47.35582,0
8.62542,47.35582,0
8.48707,47.3546,0
8.48887,47.3546,0
8.49067,47.3546,0
8.49246,47.3546,0
8.49426,47.3546,0
8.49606,47.3546,0.050299998
8.49785,47.3546,0.1206
8.49965,47.3546,0.351099998
8.50145,47.3546,0.327899992
8.50324,47.3546,1.319000006
8.50504,47.3546,3.184200048
8.50684,47.3546,6.666500092
8.50863,47.3546,9.869299889
8.51043,47.3546,11.19880009
8.51223,47.3546,10.85949993
8.51402,47.3546,8.30589962
8.51582,47.3546,5.094500065
8.51762,47.3546,2.690799952
8.51941,47.3546,1.318600059
8.52121,47.3546,1.357599974
8.52301,47.3546,3.549499989
8.5248,47.3546,7.129199982
8.5266,47.3546,11.53800011
8.5284,47.3546,14.05879974
8.53019,47.3546,14.23890018
8.53199,47.3546,11.5298996
8.53379,47.3546,7.53249979
8.53558,47.3546,3.440299988
8.53738,47.3546,1.288499951
8.53918,47.3546,0.144500002
8.54097,47.3546,0
8.54277,47.3546,0
8.54457,47.3546,0
8.54636,47.3546,0
8.54816,47.3546,0.0429
8.54996,47.3546,0.648100019
8.55175,47.3546,2.487499952
8.55355,47.3546,5.520400047
8.55535,47.3546,9.021900177
8.55714,47.3546,12.33699989
8.55894,47.3546,13.88879967
8.56074,47.3546,13.09459972
8.56253,47.3546,11.03320026
8.56433,47.3546,8.147199631
8.56613,47.3546,5.769000053
8.56792,47.3546,4.709199905
8.56972,47.3546,4.270299912
8.57152,47.3546,4.512300015
8.57331,47.3546,4.9520998
8.57511,47.3546,5.189400196
8.57691,47.3546,5.3895998
8.5787,47.3546,5.464600086
8.5805,47.3546,5.28249979
8.5823,47.3546,5.023200035
8.58409,47.3546,4.455699921
8.58589,47.3546,3.811700106
8.58769,47.3546,3.167900085
8.58948,47.3546,2.675699949
8.59128,47.3546,2.374799967
8.59308,47.3546,2.917200089
8.59487,47.3546,4.104700089
8.59667,47.3546,6.745600224
8.59847,47.3546,8.880299568
8.60026,47.3546,10.08909988
8.60206,47.3546,9.629899979
8.60386,47.3546,7.55340004
8.60565,47.3546,4.711500168
8.60745,47.3546,2.485599995
8.60925,47.3546,0.81370002
8.61104,47.3546,0.255699992
8.61284,47.3546,0
8.61464,47.3546,0
8.61823,47.3546,0
8.62003,47.3546,0
8.62182,47.3546,0
8.62362,47.3546,0
8.62542,47.3546,0
8.48707,47.35339,0
8.48887,47.35339,0
8.49067,47.35339,0
8.49246,47.35339,0
8.49426,47.35339,0
8.49606,47.35339,0
8.49785,47.35339,0.106399998
8.49965,47.35339,0.198899999
8.50145,47.35339,0.295599997
8.50324,47.35339,0.489300013
8.50504,47.35339,1.631899953
8.50684,47.35339,3.363699913
8.50863,47.35339,5.261199951
8.51043,47.35339,6.322199821
8.51223,47.35339,6.111499786
8.51402,47.35339,4.343900204
8.51582,47.35339,2.598799944
8.51762,47.35339,1.034800053
8.51941,47.35339,0.233700007
8.52121,47.35339,0.629999995
8.52301,47.35339,2.677200079
8.5248,47.35339,6.33039999
8.5266,47.35339,10.58510017
8.5284,47.35339,13.79920006
8.53019,47.35339,14.21450043
8.53199,47.35339,12.30200005
8.53379,47.35339,8.817899704
8.53558,47.35339,4.721199989
8.53738,47.35339,1.801900029
8.53918,47.35339,0.393999994
8.54097,47.35339,0.0063
8.54277,47.35339,0
8.54457,47.35339,0
8.54636,47.35339,0
8.54816,47.35339,0
8.54996,47.35339,0.177900001
8.55175,47.35339,0.972599983
8.55355,47.35339,2.95810008
8.55535,47.35339,5.541999817
8.55714,47.35339,7.788099766
8.55894,47.35339,9.624199867
8.56074,47.35339,9.834199905
8.56253,47.35339,8.687299728
8.56433,47.35339,7.36259985
8.56613,47.35339,5.901400089
8.56792,47.35339,4.649799824
8.56972,47.35339,4.271500111
8.57152,47.35339,4.191899776
8.57331,47.35339,4.415200233
8.57511,47.35339,4.439099789
8.57691,47.35339,4.380599976
8.5787,47.35339,4.135900021
8.5805,47.35339,4.065100193
8.5823,47.35339,3.413300037
8.58409,47.35339,2.887599945
8.58589,47.35339,2.155900002
8.58769,47.35339,1.516199946
8.58948,47.35339,1.239500046
8.59128,47.35339,0.916400015
8.59308,47.35339,1.359699965
8.59487,47.35339,1.99849999
8.59667,47.35339,3.720499992
8.59847,47.35339,5.321100235
8.60026,47.35339,6.367599964
8.60206,47.35339,6.073699951
8.60386,47.35339,4.895899773
8.48887,47.35217,0
8.49067,47.35217,0
8.49246,47.35217,0
8.49426,47.35217,0
8.49606,47.35217,0
8.49785,47.35217,0.073200002
8.49965,47.35217,0.136700004
8.50145,47.35217,0.198899999
8.50324,47.35217,0.238700002
8.50504,47.35217,0.607800007
8.50684,47.35217,1.232300043
8.50863,47.35217,2.391000032
8.51043,47.35217,2.663199902
8.51223,47.35217,2.752399921
8.51402,47.35217,1.944499969
8.51582,47.35217,1.067100048
8.51762,47.35217,0.237800002
8.51941,47.35217,0.100599997
8.52121,47.35217,0.746100008
8.52301,47.35217,2.639499903
8.5248,47.35217,6.234300137
8.5266,47.35217,10.17249966
8.5284,47.35217,13.78299999
8.53019,47.35217,14.66149998
8.53199,47.35217,13.07559967
8.53379,47.35217,9.624699593
8.53558,47.35217,5.90500021
8.53738,47.35217,2.549299955
8.53918,47.35217,0.771499991
8.54097,47.35217,0.044
8.54277,47.35217,0
8.54457,47.35217,0
8.54636,47.35217,0
8.54816,47.35217,0
8.54996,47.35217,0.0091
8.55175,47.35217,0.163399994
8.55355,47.35217,1.027799964
8.55535,47.35217,2.665499926
8.55714,47.35217,4.239699841
8.55894,47.35217,5.497700214
8.56074,47.35217,5.969200134
8.56253,47.35217,6.246200085
8.56433,47.35217,5.954199791
8.56613,47.35217,5.450600147
8.56792,47.35217,4.754600048
8.56972,47.35217,4.231900215
8.57152,47.35217,3.864200115
8.57331,47.35217,4.024799824
8.57511,47.35217,3.639300108
8.57691,47.35217,3.768100023
8.5787,47.35217,3.57159996
8.5805,47.35217,3.174099922
8.5823,47.35217,2.461199999
8.58409,47.35217,1.79369998
8.58589,47.35217,1.25849998
8.59487,47.35217,0.746900022
8.59667,47.35217,1.510900021
8.59847,47.35217,2.49180007
8.60026,47.35217,3.1243999
8.60206,47.35217,3.095299959
8.60386,47.35217,2.334899902
8.49067,47.35095,0
8.49246,47.35095,0
8.49426,47.35095,0
8.49606,47.35095,0
8.49785,47.35095,0
8.49965,47.35095,0.073200002
8.50145,47.35095,0.106399998
8.50324,47.35095,0.129800007
8.50504,47.35095,0.123499997
8.50684,47.35095,0.335799992
8.50863,47.35095,0.648400009
8.51043,47.35095,0.826799989
8.51223,47.35095,0.932299972
8.51402,47.35095,0.54369998
8.51582,47.35095,0.173800007
8.51762,47.35095,0
8.51941,47.35095,0.207499996
8.52121,47.35095,0.964600027
8.52301,47.35095,2.938800097
8.5248,47.35095,6.25
8.5266,47.35095,10.28899956
8.5284,47.35095,13.82339954
8.53019,47.35095,14.98810005
8.53199,47.35095,13.87090015
8.53379,47.35095,10.48089981
8.53558,47.35095,6.394800186
8.53738,47.35095,3.22939992
8.53918,47.35095,1.138499975
8.54097,47.35095,0.131999999
8.54277,47.35095,0
8.54457,47.35095,0
8.54636,47.35095,0
8.54816,47.35095,0
8.54996,47.35095,0
8.55175,47.35095,0.0091
8.55355,47.35095,0.0682
8.55535,47.35095,0.600399971
8.55714,47.35095,1.662899971
8.55894,47.35095,2.512700081
8.56074,47.35095,3.110500097
8.56253,47.35095,3.892999887
8.56433,47.35095,4.388999939
8.56613,47.35095,4.459700108
8.56792,47.35095,4.33190012
8.56972,47.35095,4.038300037
8.57152,47.35095,3.642199993
8.57331,47.35095,3.413500071
8.57511,47.35095,3.388900042
8.57691,47.35095,3.326999903
8.5787,47.35095,3.134299994
8.5805,47.35095,2.630599976
8.5823,47.35095,1.873100042
8.49246,47.34973,0
8.49426,47.34973,0
8.49606,47.34973,0
8.49785,47.34973,0
8.49965,47.34973,0
8.50145,47.34973,0
8.50324,47.34973,0.050299998
8.50504,47.34973,0.0091
8.50684,47.34973,0.0133
8.50863,47.34973,0.0151
8.51043,47.34973,0.176699996
8.51223,47.34973,0.128600001
8.51402,47.34973,0
8.51582,47.34973,0
8.51762,47.34973,0.0691
8.51941,47.34973,0.346300006
8.52121,47.34973,1.243199945
8.52301,47.34973,3.415699959
8.5248,47.34973,6.661799908
8.5266,47.34973,10.39249992
8.5284,47.34973,13.85060024
8.53019,47.34973,15.38829994
8.53199,47.34973,14.49129963
8.53379,47.34973,11.50559998
8.53558,47.34973,7.440700054
8.53738,47.34973,3.833499908
8.53918,47.34973,1.438599944
8.54097,47.34973,0.211999997
8.54277,47.34973,0
8.54457,47.34973,0
8.54636,47.34973,0
8.54816,47.34973,0
8.54996,47.34973,0
8.55175,47.34973,0
8.55355,47.34973,0
8.55535,47.34973,0.0429
8.55714,47.34973,0.264099985
8.55894,47.34973,0.870299995
8.56074,47.34973,1.54279995
8.56253,47.34973,2.013999939
8.56433,47.34973,2.910700083
8.56613,47.34973,3.326699972
8.56792,47.34973,3.479000092
8.56972,47.34973,3.289099932
8.57152,47.34973,3.081899881
8.57331,47.34973,2.932600021
8.57511,47.34973,3.043800116
8.57691,47.34973,2.870800018
8.5787,47.34973,2.584599972
8.5805,47.34973,1.98119998
8.49426,47.34852,0
8.49606,47.34852,0
8.49785,47.34852,0
8.49965,47.34852,0
8.50145,47.34852,0
8.50324,47.34852,0
8.50504,47.34852,0
8.50684,47.34852,0
8.50863,47.34852,0.0063
8.51043,47.34852,0
8.51223,47.34852,0
8.51402,47.34852,0
8.51582,47.34852,0
8.51762,47.34852,0.037700001
8.51941,47.34852,0.568799973
8.52121,47.34852,1.657899976
8.52301,47.34852,3.796799898
8.5248,47.34852,7.136899948
8.5266,47.34852,10.74989986
8.5284,47.34852,14.01799965
8.53019,47.34852,15.55169964
8.53199,47.34852,14.7968998
8.53379,47.34852,11.93970013
8.53558,47.34852,8.24849987
8.53738,47.34852,4.461100101
8.53918,47.34852,1.807000041
8.54097,47.34852,0.343800008
8.54277,47.34852,0
8.54457,47.34852,0
8.54636,47.34852,0
8.54816,47.34852,0
8.54996,47.34852,0
8.55175,47.34852,0
8.55355,47.34852,0
8.55535,47.34852,0
8.55714,47.34852,0
8.55894,47.34852,0.218500003
8.56074,47.34852,0.662400007
8.56253,47.34852,1.115100026
8.56433,47.34852,1.593899965
8.56613,47.34852,2.048700094
8.56792,47.34852,2.194000006
8.56972,47.34852,1.994799972
8.57152,47.34852,2.10529995
8.57331,47.34852,2.20720005
8.57511,47.34852,2.195800066
8.49606,47.3473,0
8.49785,47.3473,0
8.49965,47.3473,0
8.50145,47.3473,0
8.50324,47.3473,0
8.50504,47.3473,0
8.50684,47.3473,0
8.50863,47.3473,0
8.51043,47.3473,0
8.51223,47.3473,0
8.51402,47.3473,0
8.51582,47.3473,0
8.51762,47.3473,0.137199998
8.51941,47.3473,0.651600003
8.52121,47.3473,2.297399998
8.52301,47.3473,4.720399857
8.5248,47.3473,7.671599865
8.5266,47.3473,10.93529987
8.5284,47.3473,14.36279964
8.53019,47.3473,15.39260006
8.53199,47.3473,14.8671999
8.53379,47.3473,12.32849979
8.53558,47.3473,8.744799614
8.53738,47.3473,5.323299885
8.53918,47.3473,2.426599979
8.54097,47.3473,0.464300007
8.54277,47.3473,0.083400004
8.54457,47.3473,0
8.54636,47.3473,0
8.54816,47.3473,0
8.54996,47.3473,0
8.55175,47.3473,0
8.55355,47.3473,0
8.55535,47.3473,0
8.55714,47.3473,0
8.55894,47.3473,0.0091
8.56074,47.3473,0.167600006
8.56253,47.3473,0.559099972
8.56433,47.3473,0.841899991
8.56613,47.3473,0.969099998
8.56792,47.3473,0.991599977
8.57152,47.3473,1.015200019
8.49785,47.34608,0
8.49965,47.34608,0
8.50145,47.34608,0
8.50324,47.34608,0
8.50504,47.34608,0
8.50684,47.34608,0
8.50863,47.34608,0
8.51043,47.34608,0
8.51223,47.34608,0
8.51402,47.34608,0
8.51582,47.34608,0
8.51762,47.34608,0.291000009
8.51941,47.34608,0.906799972
8.52121,47.34608,2.610399961
8.52301,47.34608,5.2645998
8.5248,47.34608,8.387599945
8.5266,47.34608,11.63549995
8.5284,47.34608,14.12819958
8.53019,47.34608,15.48429966
8.53199,47.34608,14.86359978
8.53379,47.34608,12.60760021
8.53558,47.34608,9.098199844
8.53738,47.34608,5.793399811
8.53918,47.34608,2.999599934
8.54097,47.34608,1.087200046
8.54277,47.34608,0.177399993
8.54457,47.34608,0
8.54636,47.34608,0
8.54816,47.34608,0
8.54996,47.34608,0
8.55175,47.34608,0
8.55355,47.34608,0
8.55535,47.34608,0
8.55714,47.34608,0
8.55894,47.34608,0
8.56074,47.34608,0.018300001
8.56253,47.34608,0.121799998
8.56433,47.34608,0.374500006
8.49785,47.34486,0
8.49965,47.34486,0
8.50145,47.34486,0
8.50324,47.34486,0
8.50504,47.34486,0
8.50684,47.34486,0
8.50863,47.34486,0
8.51043,47.34486,0
8.51223,47.34486,0
8.51402,47.34486,0
8.51582,47.34486,0.094300002
8.51762,47.34486,0.415800005
8.51941,47.34486,1.302399993
8.52121,47.34486,2.783400059
8.52301,47.34486,5.626699924
8.5248,47.34486,8.755999565
8.5266,47.34486,11.95049953
8.5284,47.34486,14.22130013
8.53019,47.34486,15.4758997
8.53199,47.34486,14.85369968
8.53379,47.34486,12.83539963
8.53558,47.34486,9.447099686
8.53738,47.34486,6.206500053
8.53918,47.34486,3.161799908
8.54097,47.34486,1.351199985
8.54277,47.34486,0.381900012
8.54457,47.34486,0.031399999
8.54636,47.34486,0
8.54816,47.34486,0
8.54996,47.34486,0
8.55175,47.34486,0
8.55355,47.34486,0
8.55535,47.34486,0
8.55714,47.34486,0
8.55894,47.34486,0
8.56074,47.34486,0
8.49785,47.34365,0
8.49965,47.34365,0
8.50145,47.34365,0
8.50324,47.34365,0
8.50504,47.34365,0
8.50684,47.34365,0
8.50863,47.34365,0
8.51043,47.34365,0
8.51223,47.34365,0
8.51402,47.34365,0.0091
8.51582,47.34365,0.076200001
8.51762,47.34365,0.579100013
8.51941,47.34365,1.613399982
8.52121,47.34365,3.066099882
8.52301,47.34365,5.763199806
8.5248,47.34365,9.145500183
8.5266,47.34365,12.42450047
8.5284,47.34365,14.87609959
8.53019,47.34365,15.86470032
8.53199,47.34365,15.04179955
8.53379,47.34365,12.97200012
8.53558,47.34365,9.656200409
8.53738,47.34365,6.434100151
8.53918,47.34365,3.482800007
8.54097,47.34365,1.404399991
8.54277,47.34365,0.504899979
8.54457,47.34365,0.077699997
8.54636,47.34365,0
8.54816,47.34365,0
8.54996,47.34365,0
8.55175,47.34365,0
8.55355,47.34365,0
8.55535,47.34365,0
8.55714,47.34365,0
8.55894,47.34365,0
8.49785,47.34243,0
8.49965,47.34243,0
8.50145,47.34243,0
8.50324,47.34243,0
8.50504,47.34243,0
8.50684,47.34243,0
8.50863,47.34243,0
8.51043,47.34243,0
8.51223,47.34243,0.0091
8.51402,47.34243,0.145099998
8.51582,47.34243,0.662100017
8.51762,47.34243,1.250699997
8.51941,47.34243,2.078099966
8.52121,47.34243,3.968600035
8.52301,47.34243,6.590199947
8.5248,47.34243,9.500300407
8.5266,47.34243,13.02799988
8.5284,47.34243,15.3604002
8.53019,47.34243,16.20739937
8.53199,47.34243,15.32689953
8.53379,47.34243,12.85389996
8.53558,47.34243,9.88010025
8.53738,47.34243,6.636199951
8.53918,47.34243,3.567300081
8.54097,47.34243,1.763499975
8.54277,47.34243,0.660899997
8.54457,47.34243,0.151899993
8.54636,47.34243,0
8.54816,47.34243,0
8.54996,47.34243,0
8.55175,47.34243,0
8.55355,47.34243,0
8.55535,47.34243,0
8.55714,47.34243,0
8.49965,47.34121,0
8.50145,47.34121,0
8.50324,47.34121,0
8.50504,47.34121,0
8.50684,47.34121,0
8.50863,47.34121,0
8.51043,47.34121,0
8.51223,47.34121,0.278499991
8.51402,47.34121,0.984899998
8.51582,47.34121,2.158499956
8.51762,47.34121,2.299799919
8.51941,47.34121,3.273999929
8.52121,47.34121,4.92539978
8.52301,47.34121,7.447100163
8.5248,47.34121,10.61610031
8.5266,47.34121,14.05039978
8.5284,47.34121,16.28050041
8.53019,47.34121,16.81119919
8.53199,47.34121,15.62279987
8.53379,47.34121,13.16049957
8.53558,47.34121,9.704199791
8.53738,47.34121,6.590300083
8.53918,47.34121,3.957799912
8.54097,47.34121,2.120699883
8.54277,47.34121,0.921999991
8.54457,47.34121,0.214200005
8.54636,47.34121,0.055399999
8.54816,47.34121,0
8.54996,47.34121,0
8.55175,47.34121,0
8.55355,47.34121,0
8.49965,47.33999,0
8.50145,47.33999,0
8.50324,47.33999,0
8.50504,47.33999,0
8.50684,47.33999,0
8.50863,47.33999,0
8.51043,47.33999,0.1435
8.51223,47.33999,1.317299962
8.51402,47.33999,2.855400085
8.51582,47.33999,4.181900024
8.51762,47.33999,5.166200161
8.51941,47.33999,5.801799774
8.52121,47.33999,6.523499966
8.52301,47.33999,8.625200272
8.5248,47.33999,11.61699963
8.5266,47.33999,14.66349983
8.5284,47.33999,17.27969933
8.53019,47.33999,17.85479927
8.53199,47.33999,16.34020042
8.53379,47.33999,13.50109959
8.53558,47.33999,10.28339958
8.53738,47.33999,6.945300102
8.53918,47.33999,4.28429985
8.54097,47.33999,2.473400116
8.54277,47.33999,1.297099948
8.54457,47.33999,0.47240001
8.54636,47.33999,0.108099997
8.54816,47.33999,0
8.54996,47.33999,0
8.55175,47.33999,0
8.50145,47.33878,0
8.50324,47.33878,0
8.50504,47.33878,0
8.50684,47.33878,0
8.50863,47.33878,0
8.51043,47.33878,1.00090003
8.51223,47.33878,2.681299925
8.51402,47.33878,4.915999889
8.51582,47.33878,7.17539978
8.51762,47.33878,8.440299988
8.51941,47.33878,8.491000175
8.52121,47.33878,8.954400063
8.52301,47.33878,9.554300308
8.5248,47.33878,11.85470009
8.5266,47.33878,15.16020012
8.5284,47.33878,17.45779991
8.53019,47.33878,17.96229935
8.53199,47.33878,16.64459991
8.53379,47.33878,13.43589973
8.53558,47.33878,10.37619972
8.53738,47.33878,7.505899906
8.53918,47.33878,4.606800079
8.54097,47.33878,2.896800041
8.54277,47.33878,1.639000058
8.54457,47.33878,0.810299993
8.54636,47.33878,0.229200006
8.54816,47.33878,0.0526
8.50324,47.33756,0
8.50504,47.33756,0
8.50684,47.33756,0
8.50863,47.33756,0.112599999
8.51043,47.33756,1.558500052
8.51223,47.33756,3.687000036
8.51402,47.33756,6.939700127
8.51582,47.33756,9.883000374
8.51762,47.33756,10.86289978
8.51941,47.33756,10.70320034
8.52121,47.33756,10.37139988
8.52301,47.33756,9.961000443
8.5248,47.33756,11.7201004
8.5266,47.33756,13.97319984
8.5284,47.33756,16.27799988
8.53019,47.33756,16.86009979
8.53199,47.33756,15.63469982
8.53379,47.33756,12.92539978
8.53558,47.33756,10.2517004
8.53738,47.33756,7.453400135
8.53918,47.33756,5.049099922
8.54097,47.33756,3.181499958
8.54277,47.33756,1.933099985
8.54457,47.33756,0.909600019
8.54636,47.33756,0.357499987
8.50145,47.33634,0
8.50324,47.33634,0
8.50504,47.33634,0
8.50684,47.33634,0
8.50863,47.33634,0.522599995
8.51043,47.33634,1.947600007
8.51223,47.33634,4.940400124
8.51402,47.33634,9.031399727
8.51582,47.33634,11.82579994
8.51762,47.33634,12.62230015
8.51941,47.33634,11.69659996
8.52121,47.33634,10.21850014
8.52301,47.33634,9.41230011
8.5248,47.33634,10.03390026
8.5266,47.33634,11.89509964
8.5284,47.33634,13.69379997
8.53019,47.33634,14.19859982
8.53199,47.33634,13.5255003
8.53379,47.33634,11.57520008
8.53558,47.33634,9.666399956
8.53738,47.33634,7.244999886
8.53918,47.33634,5.365799904
8.54097,47.33634,3.656599998
8.54277,47.33634,2.125200033
8.54457,47.33634,0.886900008
8.50145,47.33512,0
8.50324,47.33512,0
8.50504,47.33512,0
8.50684,47.33512,0.0126
8.50863,47.33512,0.355699986
8.51043,47.33512,2.953299999
8.51223,47.33512,6.436800003
8.51402,47.33512,10.34549999
8.51582,47.33512,13.14379978
8.51762,47.33512,13.48970032
8.51941,47.33512,11.37870026
8.52121,47.33512,9.056500435
8.52301,47.33512,7.056000233
8.5248,47.33512,7.036900043
8.5266,47.33512,8.692500114
8.5284,47.33512,9.86550045
8.53019,47.33512,10.53999996
8.53199,47.33512,10.54950047
8.53379,47.33512,9.59319973
8.53558,47.33512,8.293899536
8.53738,47.33512,6.970300198
8.53918,47.33512,5.159399986
8.54097,47.33512,3.542599916
8.50145,47.33391,0
8.50324,47.33391,0
8.50504,47.33391,0
8.50684,47.33391,0.0217
8.50863,47.33391,0.825200021
8.51043,47.33391,4.026000023
8.51223,47.33391,7.823699951
8.51402,47.33391,11.5948
8.51582,47.33391,13.81649971
8.51762,47.33391,13.33450031
8.51941,47.33391,10.76070023
8.52121,47.33391,7.010200024
8.52301,47.33391,4.370999813
8.5248,47.33391,4.262899876
8.5266,47.33391,5.198900223
8.5284,47.33391,6.148799896
8.53019,47.33391,7.21239996
8.53199,47.33391,7.329100132
8.53379,47.33391,7.296999931
8.53558,47.33391,6.856999874
8.53738,47.33391,5.9447999
8.53918,47.33391,4.702400208
8.54097,47.33391,3.272700071
8.50145,47.33269,0
8.50324,47.33269,0
8.50504,47.33269,0
8.50684,47.33269,0.1664
8.50863,47.33269,1.79279995
8.51043,47.33269,4.549699783
8.51223,47.33269,8.844200134
8.51402,47.33269,12.3125
8.51582,47.33269,14.34459972
8.51762,47.33269,13.07680035
8.51941,47.33269,9.969099998
8.52121,47.33269,5.325300217
8.52301,47.33269,2.99909997
8.5248,47.33269,2.009799957
8.5266,47.33269,2.384399891
8.5284,47.33269,3.068300009
8.53019,47.33269,4.022799969
8.53199,47.33269,4.733799934
8.53379,47.33269,5.015200138
8.53558,47.33269,5.182899952
8.53738,47.33269,4.75330019
8.53918,47.33269,3.858700037
8.50145,47.33147,0
8.50324,47.33147,0
8.50504,47.33147,0.0063
8.50684,47.33147,0.356700003
8.50863,47.33147,2.049400091
8.51043,47.33147,5.216100216
8.51223,47.33147,9.319299698
8.51402,47.33147,12.94340038
8.51582,47.33147,14.80230045
8.51762,47.33147,13.29969978
8.51941,47.33147,9.437299728
8.52121,47.33147,5.13049984
8.52301,47.33147,1.984599948
8.5248,47.33147,0.718800008
8.5266,47.33147,0.906599998
8.5284,47.33147,1.180199981
8.53019,47.33147,1.669100046
8.53199,47.33147,2.458600044
8.53379,47.33147,3.190700054
8.53558,47.33147,3.380599976
8.53738,47.33147,3.41960001
8.50145,47.33025,0
8.50324,47.33025,0
8.50504,47.33025,0.0189
8.50684,47.33025,0.50940001
8.50863,47.33025,2.154999971
8.51043,47.33025,5.889100075
8.51223,47.33025,9.81210041
8.51402,47.33025,13.83010006
8.51582,47.33025,15.15390015
8.51762,47.33025,13.93640041
8.51941,47.33025,10.10140038
8.52121,47.33025,5.728300095
8.52301,47.33025,1.784600019
8.5248,47.33025,0.731000006
8.5266,47.33025,0.237000003
8.5284,47.33025,0.326900005
8.53019,47.33025,0.750100017
8.53199,47.33025,1.141800046
8.53379,47.33025,1.68719995
8.50145,47.32904,0
8.50324,47.32904,0
8.50504,47.32904,0.155499995
8.50684,47.32904,0.547500014
8.50863,47.32904,2.457600117
8.51043,47.32904,5.879099846
8.51223,47.32904,10.47439957
8.51402,47.32904,14.43330002
8.51582,47.32904,15.91940022
8.51762,47.32904,14.58699989
8.51941,47.32904,10.97500038
8.52121,47.32904,6.197500229
8.52301,47.32904,2.485399961
8.5248,47.32904,0.707499981
8.5266,47.32904,0.157100007
8.5284,47.32904,0.081699997
8.53019,47.32904,0.181199998
8.53199,47.32904,0.439200014
8.50145,47.32782,0
8.50324,47.32782,0
8.50504,47.32782,0.354200006
8.50684,47.32782,1.050300002
8.50863,47.32782,2.971699953
8.51043,47.32782,5.802100182
8.51223,47.32782,10.13459969
8.51402,47.32782,13.77779961
8.51582,47.32782,15.58810043
8.51762,47.32782,14.29469967
8.51941,47.32782,10.87709999
8.52121,47.32782,6.603199959
8.52301,47.32782,3.366600037
8.5248,47.32782,0.812900007
8.5266,47.32782,0.144600004
8.5284,47.32782,0
8.53019,47.32782,0
8.50145,47.3266,0
8.50324,47.3266,0.106799997
8.50504,47.3266,0.480300009
8.50684,47.3266,1.415599942
8.50863,47.3266,2.717200041
8.51043,47.3266,5.723700047
8.51223,47.3266,9.044699669
8.51402,47.3266,12.38360023
8.51582,47.3266,13.81869984
8.51762,47.3266,12.89659977
8.51941,47.3266,9.803299904
8.52121,47.3266,6.314099789
8.52301,47.3266,2.9302001
8.5248,47.3266,0.985899985
8.5266,47.3266,0.0126
8.50145,47.32538,0
8.50324,47.32538,0.088
8.50504,47.32538,0.613300025
8.50684,47.32538,1.406999946
8.50863,47.32538,2.715699911
8.51043,47.32538,4.816400051
8.51223,47.32538,7.523099899
8.51402,47.32538,9.902500153
8.51582,47.32538,10.95639992
8.51762,47.32538,10.25689983
8.51941,47.32538,8.068200111
8.52121,47.32538,5.101200104
8.52301,47.32538,2.457099915
8.5248,47.32538,0.513499975
8.50145,47.32417,0
8.50324,47.32417,0
8.50504,47.32417,0.343899995
8.50684,47.32417,1.072600007
8.50863,47.32417,2.109999895
8.51043,47.32417,3.184499979
8.51223,47.32417,5.510900021
8.51402,47.32417,6.898300171
8.51582,47.32417,7.619100094
8.51762,47.32417,6.926000118
8.51941,47.32417,5.422399998
8.50145,47.32295,0
8.50324,47.32295,0
8.50504,47.32295,0.137099996
8.50684,47.32295,0.69690001
8.50863,47.32295,1.323199987
8.51043,47.32295,2.09739995
8.51223,47.32295,2.933300018
8.50145,47.32173,0
8.50324,47.32173,0
8.50504,47.32173,0
