xkoord,ykoord,kinder
8.50055,47.43548,0
8.50145,47.43548,0
8.50235,47.43548,0
8.50324,47.43548,0
8.50414,47.43548,0
8.49875,47.43487,0
8.49965,47.43487,0
8.50055,47.43487,0
8.50145,47.43487,0
8.50235,47.43487,0
8.50324,47.43487,0
8.50414,47.43487,0
8.50504,47.43487,0
8.50594,47.43487,0
8.49696,47.43427,0
8.49785,47.43427,0
8.49875,47.43427,0
8.49965,47.43427,0
8.50055,47.43427,0
8.50145,47.43427,0
8.50235,47.43427,0
8.50324,47.43427,0
8.50414,47.43427,0
8.50504,47.43427,0
8.50594,47.43427,0
8.50684,47.43427,0
8.50774,47.43427,0
8.5266,47.43427,0
8.5275,47.43427,0
8.49426,47.43366,0
8.49516,47.43366,0
8.49606,47.43366,0
8.49696,47.43366,0
8.49785,47.43366,0
8.49875,47.43366,0
8.49965,47.43366,0
8.50055,47.43366,0
8.50145,47.43366,0
8.50235,47.43366,0
8.50324,47.43366,0
8.50414,47.43366,0
8.50504,47.43366,0
8.50594,47.43366,0
8.50684,47.43366,0
8.50774,47.43366,0
8.50863,47.43366,0
8.50953,47.43366,0
8.51043,47.43366,0
8.5266,47.43366,0
8.5275,47.43366,0
8.5284,47.43366,0
8.5293,47.43366,0
8.53019,47.43366,0
8.53109,47.43366,0
8.53199,47.43366,0
8.53289,47.43366,0
8.53379,47.43366,0
8.53469,47.43366,0
8.54457,47.43366,1.827299953
8.54547,47.43366,1.862100005
8.54636,47.43366,1.67750001
8.49067,47.43305,0
8.49157,47.43305,0
8.49246,47.43305,0
8.49336,47.43305,0
8.49426,47.43305,0
8.49516,47.43305,0
8.49606,47.43305,0
8.49696,47.43305,0
8.49785,47.43305,0
8.49875,47.43305,0
8.49965,47.43305,0
8.50055,47.43305,0
8.50145,47.43305,0
8.50235,47.43305,0
8.50324,47.43305,0
8.50414,47.43305,0
8.50504,47.43305,0
8.50594,47.43305,0
8.50684,47.43305,0
8.50774,47.43305,0
8.50863,47.43305,0
8.50953,47.43305,0
8.51043,47.43305,0
8.51133,47.43305,0
8.51672,47.43305,0
8.51852,47.43305,0
8.51941,47.43305,0
8.52031,47.43305,0
8.5257,47.43305,0
8.5266,47.43305,0
8.5275,47.43305,0
8.5284,47.43305,0
8.5293,47.43305,0
8.53019,47.43305,0
8.53109,47.43305,0
8.53199,47.43305,0
8.53289,47.43305,0
8.53379,47.43305,0
8.53469,47.43305,0
8.53558,47.43305,0.0274
8.53648,47.43305,0.1153
8.53738,47.43305,0.365099996
8.54097,47.43305,2.208400011
8.54187,47.43305,2.757499933
8.54277,47.43305,3.168800116
8.54457,47.43305,3.872100115
8.54547,47.43305,3.827300072
8.54636,47.43305,3.405999899
8.54726,47.43305,2.865099907
8.54816,47.43305,2.001499891
8.48707,47.43244,0
8.48797,47.43244,0
8.48887,47.43244,0
8.48977,47.43244,0
8.49067,47.43244,0
8.49157,47.43244,0
8.49246,47.43244,0
8.49336,47.43244,0
8.49426,47.43244,0
8.49516,47.43244,0
8.49606,47.43244,0
8.49696,47.43244,0
8.49785,47.43244,0
8.49875,47.43244,0
8.49965,47.43244,0
8.50055,47.43244,0
8.50145,47.43244,0
8.50235,47.43244,0
8.50324,47.43244,0
8.50414,47.43244,0
8.50504,47.43244,0
8.50594,47.43244,0
8.50684,47.43244,0
8.50774,47.43244,0
8.50863,47.43244,0
8.50953,47.43244,0
8.51043,47.43244,0
8.51133,47.43244,0
8.51223,47.43244,0
8.51492,47.43244,0
8.51582,47.43244,0
8.51672,47.43244,0
8.51762,47.43244,0
8.51852,47.43244,0
8.51941,47.43244,0
8.52031,47.43244,0
8.52121,47.43244,0
8.52211,47.43244,0
8.52301,47.43244,0
8.52391,47.43244,0
8.5248,47.43244,0
8.5257,47.43244,0
8.5266,47.43244,0
8.5275,47.43244,0
8.5284,47.43244,0
8.5293,47.43244,0
8.53019,47.43244,0
8.53109,47.43244,0
8.53199,47.43244,0
8.53289,47.43244,0
8.53379,47.43244,0
8.53469,47.43244,0
8.53558,47.43244,0.0491
8.53648,47.43244,0.2685
8.53738,47.43244,0.570800006
8.53828,47.43244,1.042299986
8.53918,47.43244,1.70449996
8.54008,47.43244,2.469099998
8.54097,47.43244,3.328500032
8.54187,47.43244,4.053899765
8.54277,47.43244,4.828499794
8.54367,47.43244,5.518799782
8.54457,47.43244,5.920499802
8.54547,47.43244,6.130899906
8.54636,47.43244,5.601200104
8.54726,47.43244,4.579999924
8.54816,47.43244,3.299700022
8.54906,47.43244,1.944700003
8.54996,47.43244,0.766300023
8.55086,47.43244,0.173099995
8.55175,47.43244,0
8.55265,47.43244,0
8.48618,47.43183,0
8.48707,47.43183,0
8.48797,47.43183,0
8.48887,47.43183,0
8.48977,47.43183,0
8.49067,47.43183,0
8.49157,47.43183,0
8.49246,47.43183,0
8.49336,47.43183,0
8.49426,47.43183,0
8.49516,47.43183,0
8.49606,47.43183,0
8.49696,47.43183,0
8.49785,47.43183,0
8.49875,47.43183,0
8.49965,47.43183,0
8.50055,47.43183,0
8.50145,47.43183,0
8.50235,47.43183,0
8.50324,47.43183,0
8.50414,47.43183,0
8.50504,47.43183,0
8.50594,47.43183,0
8.50684,47.43183,0
8.50774,47.43183,0
8.50863,47.43183,0
8.50953,47.43183,0
8.51043,47.43183,0
8.51133,47.43183,0
8.51223,47.43183,0
8.51313,47.43183,0
8.51402,47.43183,0
8.51492,47.43183,0
8.51582,47.43183,0
8.51672,47.43183,0
8.51762,47.43183,0
8.51852,47.43183,0
8.51941,47.43183,0
8.52031,47.43183,0
8.52121,47.43183,0
8.52211,47.43183,0
8.52301,47.43183,0
8.52391,47.43183,0
8.5248,47.43183,0
8.5257,47.43183,0
8.5266,47.43183,0
8.5275,47.43183,0
8.5284,47.43183,0
8.5293,47.43183,0
8.53019,47.43183,0
8.53109,47.43183,0
8.53199,47.43183,0
8.53289,47.43183,0
8.53379,47.43183,0
8.53469,47.43183,0.028000001
8.53558,47.43183,0.106299996
8.53648,47.43183,0.304399997
8.53738,47.43183,0.809099972
8.53828,47.43183,1.297500014
8.53918,47.43183,2.061500072
8.54008,47.43183,2.92050004
8.54097,47.43183,3.9848001
8.54187,47.43183,5.049699783
8.54277,47.43183,6.115499973
8.54367,47.43183,7.110099792
8.54457,47.43183,8.135000229
8.54547,47.43183,8.256099701
8.54636,47.43183,7.670599937
8.54726,47.43183,6.258200169
8.54816,47.43183,4.426400185
8.54906,47.43183,2.688699961
8.54996,47.43183,1.322900057
8.55086,47.43183,0.363299996
8.55175,47.43183,0.062899999
8.55265,47.43183,0.031399999
8.55355,47.43183,0.0266
8.55445,47.43183,0.156599998
8.55535,47.43183,0.091200002
8.55625,47.43183,0.082000002
8.48528,47.43123,0
8.48618,47.43123,0
8.48707,47.43123,0
8.48797,47.43123,0
8.48887,47.43123,0
8.48977,47.43123,0
8.49067,47.43123,0
8.49157,47.43123,0
8.49246,47.43123,0
8.49336,47.43123,0
8.49426,47.43123,0
8.49516,47.43123,0
8.49606,47.43123,0
8.49696,47.43123,0
8.49785,47.43123,0
8.49875,47.43123,0
8.49965,47.43123,0
8.50055,47.43123,0
8.50145,47.43123,0
8.50235,47.43123,0
8.50324,47.43123,0
8.50414,47.43123,0
8.50504,47.43123,0
8.50594,47.43123,0
8.50684,47.43123,0
8.50774,47.43123,0
8.50863,47.43123,0
8.50953,47.43123,0
8.51043,47.43123,0
8.51133,47.43123,0
8.51223,47.43123,0
8.51313,47.43123,0
8.51402,47.43123,0
8.51492,47.43123,0
8.51582,47.43123,0
8.51672,47.43123,0
8.51762,47.43123,0
8.51852,47.43123,0
8.51941,47.43123,0
8.52031,47.43123,0
8.52121,47.43123,0
8.52211,47.43123,0
8.52301,47.43123,0
8.52391,47.43123,0
8.5248,47.43123,0
8.5257,47.43123,0
8.5266,47.43123,0
8.5275,47.43123,0
8.5284,47.43123,0
8.5293,47.43123,0
8.53019,47.43123,0
8.53109,47.43123,0
8.53199,47.43123,0
8.53289,47.43123,0
8.53379,47.43123,0
8.53469,47.43123,0.104800001
8.53558,47.43123,0.347600013
8.53648,47.43123,0.804400027
8.53738,47.43123,1.197999954
8.53828,47.43123,1.628999949
8.53918,47.43123,2.271100044
8.54008,47.43123,3.053900003
8.54097,47.43123,4.106299877
8.54187,47.43123,5.269299984
8.54277,47.43123,6.814700127
8.54367,47.43123,8.261400223
8.54457,47.43123,9.619400024
8.54547,47.43123,9.935899735
8.54636,47.43123,9.15170002
8.54726,47.43123,7.400899887
8.54816,47.43123,5.662899971
8.54906,47.43123,3.626899958
8.54996,47.43123,2.073899984
8.55086,47.43123,0.995500028
8.55175,47.43123,0.407200009
8.55265,47.43123,0.3389
8.55355,47.43123,0.400599986
8.55445,47.43123,0.43599999
8.55535,47.43123,0.422500014
8.55625,47.43123,0.332300007
8.48528,47.43062,0
8.48618,47.43062,0
8.48707,47.43062,0
8.48797,47.43062,0
8.48887,47.43062,0
8.48977,47.43062,0
8.49067,47.43062,0
8.49157,47.43062,0
8.49246,47.43062,0
8.49336,47.43062,0
8.49426,47.43062,0
8.49516,47.43062,0
8.49606,47.43062,0
8.49696,47.43062,0
8.49785,47.43062,0
8.49875,47.43062,0
8.49965,47.43062,0
8.50055,47.43062,0
8.50145,47.43062,0
8.50235,47.43062,0
8.50324,47.43062,0
8.50414,47.43062,0
8.50504,47.43062,0
8.50594,47.43062,0
8.50684,47.43062,0.0189
8.50774,47.43062,0.050299998
8.50863,47.43062,0
8.50953,47.43062,0
8.51043,47.43062,0.0063
8.51133,47.43062,0.031399999
8.51223,47.43062,0
8.51313,47.43062,0
8.51402,47.43062,0
8.51492,47.43062,0
8.51582,47.43062,0
8.51672,47.43062,0
8.51762,47.43062,0
8.51852,47.43062,0
8.51941,47.43062,0
8.52031,47.43062,0
8.52121,47.43062,0
8.52211,47.43062,0
8.52301,47.43062,0
8.52391,47.43062,0
8.5248,47.43062,0
8.5257,47.43062,0
8.5266,47.43062,0
8.5275,47.43062,0
8.5284,47.43062,0
8.5293,47.43062,0
8.53019,47.43062,0
8.53109,47.43062,0
8.53199,47.43062,0
8.53289,47.43062,0
8.53379,47.43062,0.0977
8.53469,47.43062,0.569999993
8.53558,47.43062,1.075199962
8.53648,47.43062,1.627300024
8.53738,47.43062,1.966500044
8.53828,47.43062,2.405900002
8.53918,47.43062,2.628700018
8.54008,47.43062,2.981899977
8.54097,47.43062,3.792999983
8.54187,47.43062,5.09649992
8.54277,47.43062,6.923099995
8.54367,47.43062,8.808300018
8.54457,47.43062,10.41450024
8.54547,47.43062,10.66409969
8.54636,47.43062,10.09309959
8.54726,47.43062,8.530400276
8.54816,47.43062,6.735000134
8.54906,47.43062,4.878900051
8.54996,47.43062,3.329400063
8.55086,47.43062,2.137200117
8.55175,47.43062,1.50999999
8.55265,47.43062,1.20599997
8.55355,47.43062,1.087800026
8.55445,47.43062,1.16050005
8.55535,47.43062,1.106299996
8.55625,47.43062,0.753799975
8.48528,47.43001,0
8.48618,47.43001,0
8.48707,47.43001,0
8.48797,47.43001,0
8.48887,47.43001,0
8.48977,47.43001,0
8.49067,47.43001,0
8.49157,47.43001,0
8.49246,47.43001,0
8.49336,47.43001,0
8.49426,47.43001,0
8.49516,47.43001,0
8.49606,47.43001,0
8.49696,47.43001,0
8.49785,47.43001,0
8.49875,47.43001,0
8.49965,47.43001,0.044
8.50055,47.43001,0.100599997
8.50145,47.43001,0
8.50235,47.43001,0
8.50324,47.43001,0
8.50414,47.43001,0
8.50504,47.43001,0.0274
8.50594,47.43001,0.1131
8.50684,47.43001,0.176799998
8.50774,47.43001,0.160500005
8.50863,47.43001,0.143000007
8.50953,47.43001,0.138500005
8.51043,47.43001,0.081600003
8.51133,47.43001,0.088699996
8.51223,47.43001,0.0757
8.51313,47.43001,0.045699999
8.51402,47.43001,0
8.51492,47.43001,0
8.51582,47.43001,0
8.51672,47.43001,0
8.51762,47.43001,0
8.51852,47.43001,0
8.51941,47.43001,0
8.52031,47.43001,0
8.52121,47.43001,0
8.52211,47.43001,0
8.52301,47.43001,0
8.52391,47.43001,0
8.5248,47.43001,0
8.5257,47.43001,0
8.5266,47.43001,0
8.5275,47.43001,0
8.5284,47.43001,0
8.5293,47.43001,0
8.53019,47.43001,0
8.53109,47.43001,0
8.53199,47.43001,0
8.53289,47.43001,0
8.53379,47.43001,0.379999995
8.53469,47.43001,1.215399981
8.53558,47.43001,1.966400027
8.53648,47.43001,2.700599909
8.53738,47.43001,3.301399946
8.53828,47.43001,3.474100113
8.53918,47.43001,3.312700033
8.54008,47.43001,3.136300087
8.54097,47.43001,3.431799889
8.54187,47.43001,4.926700115
8.54277,47.43001,6.856699944
8.54367,47.43001,8.924900055
8.54457,47.43001,10.45170021
8.54547,47.43001,10.92549992
8.54636,47.43001,10.52509975
8.54726,47.43001,9.453499794
8.54816,47.43001,7.77820015
8.54906,47.43001,6.493199825
8.54996,47.43001,5.050199986
8.55086,47.43001,3.805799961
8.55175,47.43001,2.919100046
8.55265,47.43001,2.420099974
8.55355,47.43001,2.170200109
8.55445,47.43001,2.104799986
8.55535,47.43001,2.078099966
8.55625,47.43001,1.407500029
8.48618,47.4294,0
8.48707,47.4294,0
8.48797,47.4294,0
8.48887,47.4294,0
8.48977,47.4294,0
8.49067,47.4294,0
8.49157,47.4294,0
8.49246,47.4294,0
8.49336,47.4294,0
8.49426,47.4294,0
8.49516,47.4294,0
8.49606,47.4294,0
8.49696,47.4294,0
8.49785,47.4294,0.064000003
8.49875,47.4294,0.239500001
8.49965,47.4294,0.425300002
8.50055,47.4294,0.3847
8.50145,47.4294,0.364899993
8.50235,47.4294,0.146300003
8.50324,47.4294,0
8.50414,47.4294,0.0274
8.50504,47.4294,0.160999998
8.50594,47.4294,0.270799994
8.50684,47.4294,0.343699992
8.50774,47.4294,0.371399999
8.50863,47.4294,0.375400007
8.50953,47.4294,0.289499998
8.51043,47.4294,0.238900006
8.51133,47.4294,0.193700001
8.51223,47.4294,0.229399994
8.51313,47.4294,0.094599999
8.51402,47.4294,0.045699999
8.51492,47.4294,0
8.51582,47.4294,0
8.51672,47.4294,0
8.51762,47.4294,0
8.51852,47.4294,0
8.51941,47.4294,0
8.52031,47.4294,0
8.52121,47.4294,0
8.52211,47.4294,0
8.52301,47.4294,0
8.52391,47.4294,0
8.5248,47.4294,0
8.5257,47.4294,0
8.5266,47.4294,0
8.5275,47.4294,0
8.5284,47.4294,0
8.5293,47.4294,0
8.53019,47.4294,0
8.53109,47.4294,0
8.53199,47.4294,0
8.53289,47.4294,0.062899999
8.53379,47.4294,0.74150002
8.53469,47.4294,1.698099971
8.53558,47.4294,2.827399969
8.53648,47.4294,3.904900074
8.53738,47.4294,4.458300114
8.53828,47.4294,4.434299946
8.53918,47.4294,3.994800091
8.54008,47.4294,3.414700031
8.54097,47.4294,3.541300058
8.54187,47.4294,4.835499763
8.54277,47.4294,6.677199841
8.54367,47.4294,8.734499931
8.54457,47.4294,10.25440025
8.54547,47.4294,11.04520035
8.54636,47.4294,10.55010033
8.54726,47.4294,9.876899719
8.54816,47.4294,8.885499954
8.54906,47.4294,7.899400234
8.54996,47.4294,6.765100002
8.55086,47.4294,5.606400013
8.55175,47.4294,4.317200184
8.55265,47.4294,3.600300074
8.55355,47.4294,3.475600004
8.55445,47.4294,3.516799927
8.55535,47.4294,3.053600073
8.55625,47.4294,2.306799889
8.55714,47.4294,1.417899966
8.48618,47.4288,0
8.48707,47.4288,0
8.48797,47.4288,0
8.48887,47.4288,0
8.48977,47.4288,0
8.49067,47.4288,0
8.49157,47.4288,0
8.49246,47.4288,0
8.49336,47.4288,0
8.49426,47.4288,0
8.49516,47.4288,0
8.49606,47.4288,0
8.49696,47.4288,0.064000003
8.49785,47.4288,0.421400011
8.49875,47.4288,0.746699989
8.49965,47.4288,1.110900044
8.50055,47.4288,1.29610002
8.50145,47.4288,1.084599972
8.50235,47.4288,0.672200024
8.50324,47.4288,0.274300009
8.50414,47.4288,0.085600004
8.50504,47.4288,0.262699991
8.50594,47.4288,0.421900004
8.50684,47.4288,0.584599972
8.50774,47.4288,0.601999998
8.50863,47.4288,0.578700006
8.50953,47.4288,0.518000007
8.51043,47.4288,0.539399981
8.51133,47.4288,0.514800012
8.51223,47.4288,0.465900004
8.51313,47.4288,0.621599972
8.51402,47.4288,0.251100004
8.51492,47.4288,0
8.51582,47.4288,0
8.51672,47.4288,0
8.51762,47.4288,0
8.51852,47.4288,0
8.51941,47.4288,0
8.52031,47.4288,0.037700001
8.52121,47.4288,0.044
8.52211,47.4288,0.031399999
8.52301,47.4288,0.088
8.52391,47.4288,0.050299998
8.5248,47.4288,0.062899999
8.5257,47.4288,0
8.5266,47.4288,0
8.5275,47.4288,0
8.5284,47.4288,0
8.5293,47.4288,0
8.53019,47.4288,0
8.53109,47.4288,0
8.53199,47.4288,0
8.53289,47.4288,0.169699997
8.53379,47.4288,0.846599996
8.53469,47.4288,2.000200033
8.53558,47.4288,3.448299885
8.53648,47.4288,4.795000076
8.53738,47.4288,5.450600147
8.53828,47.4288,5.292399883
8.53918,47.4288,4.555900097
8.54008,47.4288,3.828399897
8.54097,47.4288,3.629300117
8.54187,47.4288,4.684400082
8.54277,47.4288,6.3822999
8.54367,47.4288,8.39869976
8.54457,47.4288,9.847100258
8.54547,47.4288,10.44099998
8.54636,47.4288,10.29979992
8.54726,47.4288,9.883999825
8.54816,47.4288,9.398500443
8.54906,47.4288,8.919699669
8.54996,47.4288,7.918900013
8.55086,47.4288,6.583199978
8.55175,47.4288,5.342599869
8.55265,47.4288,4.814899921
8.55355,47.4288,4.629799843
8.55445,47.4288,4.537799835
8.55535,47.4288,4.140999794
8.55625,47.4288,3.16689992
8.55714,47.4288,1.778800011
8.48707,47.42819,0
8.48797,47.42819,0
8.48887,47.42819,0
8.48977,47.42819,0
8.49067,47.42819,0
8.49157,47.42819,0
8.49246,47.42819,0
8.49336,47.42819,0
8.49426,47.42819,0
8.49516,47.42819,0.0063
8.49606,47.42819,0.125699997
8.49696,47.42819,0.280000001
8.49785,47.42819,0.787100017
8.49875,47.42819,1.611500025
8.49965,47.42819,2.35439992
8.50055,47.42819,2.699700117
8.50145,47.42819,2.470999956
8.50235,47.42819,1.951599956
8.50324,47.42819,1.026100039
8.50414,47.42819,0.403600007
8.50504,47.42819,0.356900007
8.50594,47.42819,0.667299986
8.50684,47.42819,0.78640002
8.50774,47.42819,0.82980001
8.50863,47.42819,0.790799975
8.50953,47.42819,0.81220001
8.51043,47.42819,0.828199983
8.51133,47.42819,1.271600008
8.51223,47.42819,1.460700035
8.51313,47.42819,1.47300005
8.51402,47.42819,1.257300019
8.51492,47.42819,0.873600006
8.51582,47.42819,0.233199999
8.51672,47.42819,0.119400002
8.51762,47.42819,0
8.51852,47.42819,0.054900002
8.51941,47.42819,0.143900007
8.52031,47.42819,0.317299992
8.52121,47.42819,0.486799985
8.52211,47.42819,0.520600021
8.52301,47.42819,0.6778
8.52391,47.42819,0.548500001
8.5248,47.42819,0.504700005
8.5257,47.42819,0.206200004
8.5266,47.42819,0.091399997
8.5275,47.42819,0
8.5284,47.42819,0
8.5293,47.42819,0
8.53019,47.42819,0
8.53109,47.42819,0
8.53199,47.42819,0
8.53289,47.42819,0.094300002
8.53379,47.42819,0.796299994
8.53469,47.42819,2.166500092
8.53558,47.42819,3.726399899
8.53648,47.42819,5.157000065
8.53738,47.42819,5.970900059
8.53828,47.42819,5.819600105
8.53918,47.42819,5.068200111
8.54008,47.42819,3.938499928
8.54097,47.42819,3.614700079
8.54187,47.42819,4.519599915
8.54277,47.42819,5.879600048
8.54367,47.42819,7.552499771
8.54457,47.42819,8.771100044
8.54547,47.42819,9.301099777
8.54636,47.42819,9.423999786
8.54726,47.42819,9.333399773
8.54816,47.42819,9.015299797
8.54906,47.42819,8.704299927
8.54996,47.42819,7.86289978
8.55086,47.42819,6.669700146
8.55175,47.42819,5.717199802
8.55265,47.42819,5.216300011
8.55355,47.42819,5.244900227
8.55445,47.42819,5.241399765
8.55535,47.42819,4.738900185
8.55625,47.42819,3.643100023
8.55714,47.42819,2.141200066
8.48887,47.42758,0
8.48977,47.42758,0
8.49067,47.42758,0
8.49157,47.42758,0
8.49246,47.42758,0
8.49336,47.42758,0.0091
8.49426,47.42758,0.196199998
8.49516,47.42758,0.377200007
8.49606,47.42758,0.444200009
8.49696,47.42758,0.922399998
8.49785,47.42758,1.645200014
8.49875,47.42758,2.760400057
8.49965,47.42758,3.963099957
8.50055,47.42758,4.887199879
8.50145,47.42758,4.886099815
8.50235,47.42758,4.08769989
8.50324,47.42758,3
8.50414,47.42758,1.711400032
8.50504,47.42758,0.978900015
8.50594,47.42758,0.915700018
8.50684,47.42758,1.099300027
8.50774,47.42758,1.090800047
8.50863,47.42758,0.949599981
8.50953,47.42758,1.020599961
8.51043,47.42758,1.515499949
8.51133,47.42758,2.144500017
8.51223,47.42758,2.894000053
8.51313,47.42758,3.400700092
8.51402,47.42758,3.235599995
8.51492,47.42758,2.710599899
8.51582,47.42758,1.999500036
8.51672,47.42758,0.980799973
8.51762,47.42758,0.527199984
8.51852,47.42758,0.468300015
8.51941,47.42758,0.656199992
8.52031,47.42758,1.092599988
8.52121,47.42758,1.519199967
8.52211,47.42758,1.853800058
8.52301,47.42758,2.012099981
8.52391,47.42758,1.747699976
8.5248,47.42758,1.423900008
8.5257,47.42758,0.888999999
8.5266,47.42758,0.417800009
8.5275,47.42758,0.091399997
8.5284,47.42758,0
8.5293,47.42758,0
8.53019,47.42758,0
8.53109,47.42758,0
8.53199,47.42758,0
8.53289,47.42758,0
8.53379,47.42758,0.717999995
8.53469,47.42758,1.947600007
8.53558,47.42758,3.619800091
8.53648,47.42758,5.132699966
8.53738,47.42758,5.962600231
8.53828,47.42758,5.926799774
8.53918,47.42758,5.100699902
8.54008,47.42758,4.027900219
8.54097,47.42758,3.765700102
8.54187,47.42758,4.302999973
8.54277,47.42758,5.372600079
8.54367,47.42758,6.519299984
8.54457,47.42758,7.351699829
8.54547,47.42758,7.770100117
8.54636,47.42758,7.667900085
8.54726,47.42758,7.597899914
8.54816,47.42758,7.68900013
8.54906,47.42758,7.554299831
8.54996,47.42758,6.921999931
8.55086,47.42758,5.943600178
8.55175,47.42758,5.343800068
8.55265,47.42758,5.127999783
8.55355,47.42758,5.420300007
8.55445,47.42758,5.548600197
8.55535,47.42758,5.00549984
8.55625,47.42758,3.747699976
8.55714,47.42758,2.205899954
8.55804,47.42758,0.844099998
8.49067,47.42697,0
8.49157,47.42697,0
8.49246,47.42697,0.0091
8.49336,47.42697,0.273099989
8.49426,47.42697,0.546199977
8.49516,47.42697,0.906199992
8.49606,47.42697,1.195899963
8.49696,47.42697,1.679100037
8.49785,47.42697,2.596899986
8.49875,47.42697,4.014999866
8.49965,47.42697,5.618000031
8.50055,47.42697,7.065299988
8.50145,47.42697,7.790699959
8.50235,47.42697,7.318200111
8.50324,47.42697,5.736100197
8.50414,47.42697,3.984899998
8.50504,47.42697,2.599499941
8.50594,47.42697,1.514500022
8.50684,47.42697,1.511000037
8.50774,47.42697,1.347499967
8.50863,47.42697,1.219200015
8.50953,47.42697,1.170699954
8.51043,47.42697,1.9727
8.51133,47.42697,3.270800114
8.51223,47.42697,4.569200039
8.51313,47.42697,5.44119978
8.51402,47.42697,5.682199955
8.51492,47.42697,4.967400074
8.51582,47.42697,3.825500011
8.51672,47.42697,2.343699932
8.51762,47.42697,1.556599975
8.51852,47.42697,1.245100021
8.51941,47.42697,1.436100006
8.52031,47.42697,2.108200073
8.52121,47.42697,2.882100105
8.52211,47.42697,3.530100107
8.52301,47.42697,3.680799961
8.52391,47.42697,3.363500118
8.5248,47.42697,2.648200035
8.5257,47.42697,1.782999992
8.5266,47.42697,0.892499983
8.5275,47.42697,0.352499992
8.5284,47.42697,0
8.5293,47.42697,0
8.53019,47.42697,0
8.53109,47.42697,0
8.53199,47.42697,0
8.53289,47.42697,0.0691
8.53379,47.42697,0.593699992
8.53469,47.42697,1.910300016
8.53558,47.42697,3.446500063
8.53648,47.42697,4.97510004
8.53738,47.42697,6.018599987
8.53828,47.42697,5.718400002
8.53918,47.42697,4.9520998
8.54008,47.42697,4.250599861
8.54097,47.42697,4.068099976
8.54187,47.42697,4.385300159
8.54277,47.42697,5.021900177
8.54367,47.42697,5.778600216
8.54457,47.42697,6.34800005
8.54547,47.42697,6.121200085
8.54636,47.42697,6.131400108
8.54726,47.42697,5.680500031
8.54816,47.42697,5.667200089
8.54906,47.42697,5.65320015
8.54996,47.42697,5.295700073
8.55086,47.42697,4.676499844
8.55175,47.42697,4.389800072
8.55265,47.42697,4.568399906
8.55355,47.42697,5.023900032
8.55445,47.42697,5.241799831
8.55535,47.42697,4.656300068
8.55625,47.42697,3.376300097
8.55714,47.42697,2.038100004
8.55804,47.42697,0.959999979
8.49157,47.42637,0
8.49246,47.42637,0.086499996
8.49336,47.42637,0.491699994
8.49426,47.42637,1.099300027
8.49516,47.42637,1.689200044
8.49606,47.42637,2.102499962
8.49696,47.42637,2.673899889
8.49785,47.42637,3.597800016
8.49875,47.42637,4.881800175
8.49965,47.42637,6.645199776
8.50055,47.42637,8.957799912
8.50145,47.42637,10.44799995
8.50235,47.42637,10.28779984
8.50324,47.42637,8.748299599
8.50414,47.42637,6.612999916
8.50504,47.42637,4.589600086
8.50594,47.42637,3.388700008
8.50684,47.42637,2.436399937
8.50774,47.42637,2.27699995
8.50863,47.42637,1.648900032
8.50953,47.42637,1.536299944
8.51043,47.42637,2.243900061
8.51133,47.42637,3.832299948
8.51223,47.42637,5.645100117
8.51313,47.42637,7.073800087
8.51402,47.42637,7.552100182
8.51492,47.42637,6.909399986
8.51582,47.42637,5.4375
8.51672,47.42637,3.78399992
8.51762,47.42637,2.475600004
8.51852,47.42637,1.983500004
8.51941,47.42637,2.121999979
8.52031,47.42637,3.040400028
8.52121,47.42637,4.05009985
8.52211,47.42637,4.875599861
8.52301,47.42637,5.122099876
8.52391,47.42637,4.656700134
8.5248,47.42637,3.716700077
8.5257,47.42637,2.574300051
8.5266,47.42637,1.359099984
8.5275,47.42637,0.594200015
8.5284,47.42637,0.108599998
8.5293,47.42637,0
8.53019,47.42637,0
8.53109,47.42637,0
8.53199,47.42637,0
8.53289,47.42637,0.081699997
8.53379,47.42637,0.656499982
8.53469,47.42637,1.890599966
8.53558,47.42637,3.548899889
8.53648,47.42637,5.182400227
8.53738,47.42637,5.983200073
8.53828,47.42637,6.023799896
8.53918,47.42637,5.371600151
8.54008,47.42637,4.437699795
8.54097,47.42637,4.502099991
8.54187,47.42637,4.728199959
8.54277,47.42637,5.288000107
8.54367,47.42637,5.608200073
8.54457,47.42637,5.943900108
8.54547,47.42637,5.495900154
8.54636,47.42637,5.197999954
8.54726,47.42637,4.718200207
8.54816,47.42637,4.283899784
8.54906,47.42637,3.913399935
8.54996,47.42637,3.664700031
8.55086,47.42637,3.537699938
8.55175,47.42637,3.750999928
8.55265,47.42637,4.084499836
8.55355,47.42637,4.611999989
8.55445,47.42637,4.56580019
8.55535,47.42637,4.012700081
8.55625,47.42637,2.982700109
8.55714,47.42637,1.746299982
8.55804,47.42637,0.63349998
8.49157,47.42576,0.0063
8.49246,47.42576,0.32949999
8.49336,47.42576,0.789699972
8.49426,47.42576,1.654399991
8.49516,47.42576,2.442500114
8.49606,47.42576,3.065599918
8.49696,47.42576,3.470400095
8.49785,47.42576,4.178899765
8.49875,47.42576,5.627099991
8.49965,47.42576,7.614699841
8.50055,47.42576,10.20030022
8.50145,47.42576,12.39309978
8.50235,47.42576,13.12119961
8.50324,47.42576,11.73849964
8.50414,47.42576,9.33010006
8.50504,47.42576,7.163499832
8.50594,47.42576,5.728600025
8.50684,47.42576,4.545599937
8.50774,47.42576,3.848099947
8.50863,47.42576,2.961100101
8.50953,47.42576,2.071799994
8.51043,47.42576,2.471299887
8.51133,47.42576,4.047100067
8.51223,47.42576,5.870299816
8.51313,47.42576,7.689700127
8.51402,47.42576,8.23239994
8.51492,47.42576,7.995800018
8.51582,47.42576,6.255700111
8.51672,47.42576,4.285399914
8.51762,47.42576,3.101599932
8.51852,47.42576,2.482300043
8.51941,47.42576,2.545700073
8.52031,47.42576,3.482800007
8.52121,47.42576,4.505899906
8.52211,47.42576,5.349699974
8.52301,47.42576,5.624899864
8.52391,47.42576,5.161699772
8.5248,47.42576,4.15929985
8.5257,47.42576,2.857700109
8.5266,47.42576,1.5625
8.5275,47.42576,0.686500013
8.5284,47.42576,0.185900003
8.5293,47.42576,0
8.53019,47.42576,0
8.53109,47.42576,0
8.53199,47.42576,0
8.53289,47.42576,0.037700001
8.53379,47.42576,0.762099981
8.53469,47.42576,2.109899998
8.53558,47.42576,3.700900078
8.53648,47.42576,5.401899815
8.53738,47.42576,6.368199825
8.53828,47.42576,6.443200111
8.53918,47.42576,6.130099773
8.54008,47.42576,5.499899864
8.54097,47.42576,5.093900204
8.54187,47.42576,5.436600208
8.54277,47.42576,6.008399963
8.54367,47.42576,5.976900101
8.54457,47.42576,6.145100117
8.54547,47.42576,5.892499924
8.54636,47.42576,5.42110014
8.54726,47.42576,4.854800224
8.54816,47.42576,4.167399883
8.54906,47.42576,3.57249999
8.54996,47.42576,2.867399931
8.55086,47.42576,2.920799971
8.55175,47.42576,3.315299988
8.55265,47.42576,3.709899902
8.55355,47.42576,4.030200005
8.55445,47.42576,3.915800095
8.55535,47.42576,3.386899948
8.55625,47.42576,2.385999918
8.55714,47.42576,1.530400038
8.55804,47.42576,0.487300009
8.49157,47.42515,0.096000001
8.49246,47.42515,0.291399986
8.49336,47.42515,0.958800018
8.49426,47.42515,1.888200045
8.49516,47.42515,2.852600098
8.49606,47.42515,3.50880003
8.49696,47.42515,4.241600037
8.49785,47.42515,4.811100006
8.49875,47.42515,5.993199825
8.49965,47.42515,8.163599968
8.50055,47.42515,10.98390007
8.50145,47.42515,13.36289978
8.50235,47.42515,14.47439957
8.50324,47.42515,13.87769985
8.50414,47.42515,11.7493
8.50504,47.42515,9.73789978
8.50594,47.42515,8.174500465
8.50684,47.42515,7.38929987
8.50774,47.42515,6.327300072
8.50863,47.42515,4.915200233
8.50953,47.42515,3.25880003
8.51043,47.42515,2.654999971
8.51133,47.42515,3.445499897
8.51223,47.42515,5.391600132
8.51313,47.42515,7.509300232
8.51402,47.42515,8.603300095
8.51492,47.42515,7.934800148
8.51582,47.42515,6.488299847
8.51672,47.42515,4.418799877
8.51762,47.42515,2.604099989
8.51852,47.42515,2.077600002
8.51941,47.42515,2.189500093
8.52031,47.42515,2.940999985
8.52121,47.42515,3.903800011
8.52211,47.42515,4.737199783
8.52301,47.42515,4.95690012
8.52391,47.42515,4.518899918
8.5248,47.42515,3.606100082
8.5257,47.42515,2.545000076
8.5266,47.42515,1.359099984
8.5275,47.42515,0.600700021
8.5284,47.42515,0.1131
8.5293,47.42515,0.031399999
8.53019,47.42515,0
8.53109,47.42515,0
8.53199,47.42515,0
8.53289,47.42515,0.100599997
8.53379,47.42515,0.612200022
8.53469,47.42515,2.042900085
8.53558,47.42515,3.767400026
8.53648,47.42515,5.479400158
8.53738,47.42515,6.466100216
8.53828,47.42515,6.828700066
8.53918,47.42515,6.624899864
8.54008,47.42515,6.229899883
8.54097,47.42515,6.006599903
8.54187,47.42515,6.206999779
8.54277,47.42515,6.239200115
8.54367,47.42515,6.507900238
8.54457,47.42515,6.624899864
8.54547,47.42515,6.580800056
8.54636,47.42515,6.400599957
8.54726,47.42515,6.071400166
8.54816,47.42515,5.237999916
8.54906,47.42515,4.340099812
8.54996,47.42515,3.30369997
8.55086,47.42515,2.862099886
8.55175,47.42515,2.807600021
8.55265,47.42515,3.270699978
8.55355,47.42515,3.366499901
8.55445,47.42515,3.066499949
8.55535,47.42515,2.726099968
8.55625,47.42515,1.851799965
8.55714,47.42515,0.959299982
8.55804,47.42515,0.4903
8.49157,47.42454,0.091700003
8.49246,47.42454,0.337900013
8.49336,47.42454,0.956200004
8.49426,47.42454,1.832399964
8.49516,47.42454,2.733500004
8.49606,47.42454,3.788700104
8.49696,47.42454,4.749100208
8.49785,47.42454,5.493100166
8.49875,47.42454,6.70870018
8.49965,47.42454,8.852899551
8.50055,47.42454,11.43560028
8.50145,47.42454,13.95090008
8.50235,47.42454,15.04979992
8.50324,47.42454,14.76949978
8.50414,47.42454,13.41479969
8.50504,47.42454,11.90209961
8.50594,47.42454,10.71109962
8.50684,47.42454,9.683400154
8.50774,47.42454,8.671500206
8.50863,47.42454,6.725399971
8.50953,47.42454,4.502799988
8.51043,47.42454,3.099100113
8.51133,47.42454,3.171700001
8.51223,47.42454,5.223899841
8.51313,47.42454,7.048399925
8.51402,47.42454,8.012599945
8.51492,47.42454,7.681200027
8.51582,47.42454,5.985899925
8.51672,47.42454,3.814599991
8.51762,47.42454,2.417700052
8.51852,47.42454,1.447100043
8.51941,47.42454,1.380399942
8.52031,47.42454,1.993199945
8.52121,47.42454,2.690799952
8.52211,47.42454,3.26970005
8.52301,47.42454,3.475899935
8.52391,47.42454,3.13470006
8.5248,47.42454,2.536000013
8.5257,47.42454,1.731600046
8.5266,47.42454,0.890699983
8.5275,47.42454,0.377900004
8.5284,47.42454,0.066500001
8.5293,47.42454,0
8.53019,47.42454,0
8.53109,47.42454,0
8.53199,47.42454,0
8.53289,47.42454,0.075400002
8.53379,47.42454,0.675000012
8.53469,47.42454,1.655200005
8.53558,47.42454,3.217099905
8.53648,47.42454,4.87869978
8.53738,47.42454,5.960999966
8.53828,47.42454,6.543799877
8.53918,47.42454,6.507199764
8.54008,47.42454,6.400000095
8.54097,47.42454,6.384200096
8.54187,47.42454,6.294799805
8.54277,47.42454,6.296000004
8.54367,47.42454,6.401800156
8.54457,47.42454,6.636899948
8.54547,47.42454,7.152100086
8.54636,47.42454,7.601200104
8.54726,47.42454,7.621200085
8.54816,47.42454,6.818399906
8.54906,47.42454,5.75
8.54996,47.42454,4.360300064
8.55086,47.42454,3.416599989
8.55175,47.42454,2.950900078
8.55265,47.42454,2.786299944
8.55355,47.42454,2.709800005
8.55445,47.42454,2.589400053
8.55535,47.42454,1.857599974
8.55625,47.42454,1.391600013
8.55714,47.42454,0.819800019
8.48258,47.42393,0
8.48348,47.42393,0
8.48977,47.42393,0
8.49157,47.42393,0.075400002
8.49246,47.42393,0.279799998
8.49336,47.42393,0.587599993
8.49426,47.42393,1.45480001
8.49516,47.42393,2.232500076
8.49606,47.42393,3.680099964
8.49696,47.42393,4.892099857
8.49785,47.42393,6.411900043
8.49875,47.42393,7.629499912
8.49965,47.42393,9.332699776
8.50055,47.42393,12.0316
8.50145,47.42393,14.34010029
8.50235,47.42393,14.78390026
8.50324,47.42393,14.58090019
8.50414,47.42393,13.8142004
8.50504,47.42393,12.73680019
8.50594,47.42393,12.20740032
8.50684,47.42393,11.50039959
8.50774,47.42393,10.39970016
8.50863,47.42393,8.06649971
8.50953,47.42393,5.341899872
8.51043,47.42393,3.328500032
8.51133,47.42393,3.019599915
8.51223,47.42393,4.424200058
8.51313,47.42393,6.49819994
8.51402,47.42393,7.234099865
8.51492,47.42393,6.929399967
8.51582,47.42393,5.48059988
8.51672,47.42393,3.310600042
8.51762,47.42393,1.632699966
8.51852,47.42393,0.613399982
8.51941,47.42393,0.595700026
8.52031,47.42393,0.971899986
8.52121,47.42393,1.363899946
8.52211,47.42393,1.592000008
8.52301,47.42393,1.769999981
8.52391,47.42393,1.550699949
8.5248,47.42393,1.327100039
8.5257,47.42393,0.812300026
8.5266,47.42393,0.437099993
8.5275,47.42393,0.140300006
8.5284,47.42393,0.045699999
8.5293,47.42393,0
8.53019,47.42393,0
8.53109,47.42393,0
8.53199,47.42393,0
8.53289,47.42393,0
8.53379,47.42393,0.318599999
8.53469,47.42393,1.255800009
8.53558,47.42393,2.456099987
8.53648,47.42393,3.829699993
8.53738,47.42393,5.054500103
8.53828,47.42393,5.875500202
8.53918,47.42393,6.08409977
8.54008,47.42393,6.02339983
8.54097,47.42393,5.809599876
8.54187,47.42393,5.776800156
8.54277,47.42393,5.500800133
8.54367,47.42393,5.518899918
8.54457,47.42393,5.904500008
8.54547,47.42393,6.763899803
8.54636,47.42393,7.886000156
8.54726,47.42393,8.477899551
8.54816,47.42393,7.995500088
8.54906,47.42393,6.856900215
8.54996,47.42393,5.335199833
8.55086,47.42393,3.950700045
8.55175,47.42393,3.003599882
8.55265,47.42393,2.548599958
8.55355,47.42393,2.189500093
8.55445,47.42393,1.962599993
8.55535,47.42393,1.489599943
8.55625,47.42393,1.046599984
8.55714,47.42393,0.638899982
8.47899,47.42333,0
8.48258,47.42333,0
8.48348,47.42333,0
8.48438,47.42333,0
8.48887,47.42333,0
8.48977,47.42333,0
8.49067,47.42333,0
8.49157,47.42333,0.066500001
8.49246,47.42333,0.160899997
8.49336,47.42333,0.422699988
8.49426,47.42333,0.791199982
8.49516,47.42333,1.614199996
8.49606,47.42333,2.961400032
8.49696,47.42333,4.640100002
8.49785,47.42333,6.318099976
8.49875,47.42333,8.449500084
8.49965,47.42333,10.39150047
8.50055,47.42333,12.17010021
8.50145,47.42333,13.84879971
8.50235,47.42333,14.37609959
8.50324,47.42333,13.80010033
8.50414,47.42333,13.0848999
8.50504,47.42333,12.65149975
8.50594,47.42333,12.14690018
8.50684,47.42333,11.78269959
8.50774,47.42333,10.53740025
8.50863,47.42333,8.258600235
8.50953,47.42333,5.554699898
8.51043,47.42333,3.501300097
8.51133,47.42333,3.286299944
8.51223,47.42333,4.405200005
8.51313,47.42333,5.653100014
8.51402,47.42333,6.537700176
8.51492,47.42333,6.085499763
8.51582,47.42333,4.53760004
8.51672,47.42333,2.799700022
8.51762,47.42333,1.104799986
8.51852,47.42333,0.428600013
8.51941,47.42333,0.111400001
8.52031,47.42333,0.265899986
8.52121,47.42333,0.406399995
8.52211,47.42333,0.400000006
8.52301,47.42333,0.512099981
8.52391,47.42333,0.454100013
8.5248,47.42333,0.439399987
8.5257,47.42333,0.191799998
8.5266,47.42333,0.121399999
8.5275,47.42333,0.045699999
8.5284,47.42333,0
8.5293,47.42333,0
8.53019,47.42333,0
8.53109,47.42333,0
8.53199,47.42333,0.018300001
8.53289,47.42333,0.0266
8.53379,47.42333,0.139899999
8.53469,47.42333,0.743799984
8.53558,47.42333,1.594499946
8.53648,47.42333,3.028800011
8.53738,47.42333,4.341599941
8.53828,47.42333,5.244100094
8.53918,47.42333,5.566599846
8.54008,47.42333,5.563399792
8.54097,47.42333,5.016300201
8.54187,47.42333,4.483300209
8.54277,47.42333,3.967600107
8.54367,47.42333,3.937200069
8.54457,47.42333,4.332499981
8.54547,47.42333,5.64109993
8.54636,47.42333,7.140500069
8.54726,47.42333,8.086500168
8.54816,47.42333,8.130000114
8.54906,47.42333,7.240399837
8.54996,47.42333,5.737999916
8.55086,47.42333,4.297200203
8.55175,47.42333,3.180799961
8.55265,47.42333,2.481800079
8.55355,47.42333,2.025000095
8.55445,47.42333,1.623399973
8.55535,47.42333,1.129899979
8.55625,47.42333,0.790300012
8.47899,47.42272,0
8.47989,47.42272,0
8.48079,47.42272,0
8.48168,47.42272,0
8.48258,47.42272,0
8.48348,47.42272,0
8.48438,47.42272,0
8.48528,47.42272,0
8.48618,47.42272,0
8.48707,47.42272,0
8.48797,47.42272,0
8.48887,47.42272,0
8.48977,47.42272,0
8.49067,47.42272,0
8.49157,47.42272,0.045699999
8.49246,47.42272,0.0854
8.49336,47.42272,0.179199994
8.49426,47.42272,0.348199993
8.49516,47.42272,0.947899997
8.49606,47.42272,2.165999889
8.49696,47.42272,4.023099899
8.49785,47.42272,5.999700069
8.49875,47.42272,8.469499588
8.49965,47.42272,10.67169952
8.50055,47.42272,12.34980011
8.50145,47.42272,13.26029968
8.50235,47.42272,13.27120018
8.50324,47.42272,12.70699978
8.50414,47.42272,11.5862999
8.50504,47.42272,11.17409992
8.50594,47.42272,11.01930046
8.50684,47.42272,10.64859962
8.50774,47.42272,9.491800308
8.50863,47.42272,7.504600048
8.50953,47.42272,4.827700138
8.51043,47.42272,3.205199957
8.51133,47.42272,2.624700069
8.51223,47.42272,3.900899887
8.51313,47.42272,5.177400112
8.51402,47.42272,5.650499821
8.51492,47.42272,5.152699947
8.51582,47.42272,3.908900023
8.51672,47.42272,2.163399935
8.51762,47.42272,1.004299998
8.51852,47.42272,0
8.51941,47.42272,0
8.52031,47.42272,0.044
8.52121,47.42272,0.0126
8.52211,47.42272,0.031399999
8.52301,47.42272,0.075400002
8.52391,47.42272,0.0251
8.5248,47.42272,0.037700001
8.5257,47.42272,0.031399999
8.5266,47.42272,0
8.5275,47.42272,0
8.5284,47.42272,0
8.5293,47.42272,0
8.53019,47.42272,0
8.53109,47.42272,0.018300001
8.53199,47.42272,0.034200002
8.53289,47.42272,0.049699999
8.53379,47.42272,0.074600004
8.53469,47.42272,0.238499999
8.53558,47.42272,1.358199954
8.53648,47.42272,2.679899931
8.53738,47.42272,3.853899956
8.53828,47.42272,4.981400013
8.53918,47.42272,5.315199852
8.54008,47.42272,4.924499989
8.54097,47.42272,4.381499767
8.54187,47.42272,3.351200104
8.54277,47.42272,2.538800001
8.54367,47.42272,2.16989994
8.54457,47.42272,2.786999941
8.54547,47.42272,4.168300152
8.54636,47.42272,5.805099964
8.54726,47.42272,6.984499931
8.54816,47.42272,7.331999779
8.54906,47.42272,6.716199875
8.54996,47.42272,5.548500061
8.55086,47.42272,4.285699844
8.55175,47.42272,3.209399939
8.55265,47.42272,2.370599985
8.55355,47.42272,1.951799989
8.55445,47.42272,1.491799951
8.55535,47.42272,1.064900041
8.47809,47.42211,0
8.47899,47.42211,0
8.47989,47.42211,0
8.48079,47.42211,0
8.48168,47.42211,0
8.48258,47.42211,0
8.48348,47.42211,0
8.48438,47.42211,0
8.48528,47.42211,0
8.48618,47.42211,0
8.48707,47.42211,0
8.48797,47.42211,0
8.48887,47.42211,0
8.48977,47.42211,0
8.49067,47.42211,0
8.49157,47.42211,0
8.49246,47.42211,0.045699999
8.49336,47.42211,0.066500001
8.49426,47.42211,0.121100001
8.49516,47.42211,0.222800002
8.49606,47.42211,1.361999989
8.49696,47.42211,2.884200096
8.49785,47.42211,4.968400002
8.49875,47.42211,7.460999966
8.49965,47.42211,9.596899986
8.50055,47.42211,11.29500008
8.50145,47.42211,11.94939995
8.50235,47.42211,11.68630028
8.50324,47.42211,11.05249977
8.50414,47.42211,9.884400368
8.50504,47.42211,9.131899834
8.50594,47.42211,9.097700119
8.50684,47.42211,8.430100441
8.50774,47.42211,7.435800076
8.50863,47.42211,5.744800091
8.50953,47.42211,3.851599932
8.51043,47.42211,2.613600016
8.51133,47.42211,2.405299902
8.51223,47.42211,3.073600054
8.51313,47.42211,3.993599892
8.51402,47.42211,4.274400234
8.51492,47.42211,3.800499916
8.51582,47.42211,2.809700012
8.51672,47.42211,1.565600038
8.51762,47.42211,0.530399978
8.51852,47.42211,0
8.51941,47.42211,0
8.52031,47.42211,0
8.52121,47.42211,0
8.52211,47.42211,0
8.52301,47.42211,0
8.52391,47.42211,0
8.5248,47.42211,0
8.5257,47.42211,0
8.5266,47.42211,0
8.5275,47.42211,0
8.5284,47.42211,0
8.5293,47.42211,0
8.53019,47.42211,0
8.53109,47.42211,0.0266
8.53199,47.42211,0.049699999
8.53289,47.42211,0.072300002
8.53379,47.42211,0.121200003
8.53469,47.42211,0.384000003
8.53558,47.42211,1.131199956
8.53648,47.42211,2.431799889
8.53738,47.42211,3.907599926
8.53828,47.42211,4.675499916
8.53918,47.42211,5.14440012
8.54008,47.42211,4.762499809
8.54097,47.42211,3.754499912
8.54187,47.42211,2.571000099
8.54277,47.42211,1.781599998
8.54367,47.42211,1.29400003
8.54457,47.42211,1.638000011
8.54547,47.42211,2.753400087
8.54636,47.42211,4.326700211
8.54726,47.42211,5.402599812
8.54816,47.42211,5.899600029
8.54906,47.42211,5.578400135
8.54996,47.42211,4.786900043
8.55086,47.42211,3.852400064
8.55175,47.42211,2.997999907
8.55265,47.42211,2.278800011
8.55355,47.42211,1.864899993
8.55445,47.42211,1.419999957
8.55535,47.42211,0.998600006
8.47809,47.4215,0
8.47899,47.4215,0
8.47989,47.4215,0
8.48079,47.4215,0
8.48168,47.4215,0
8.48258,47.4215,0
8.48348,47.4215,0
8.48438,47.4215,0
8.48528,47.4215,0
8.48618,47.4215,0
8.48707,47.4215,0
8.48797,47.4215,0
8.48887,47.4215,0
8.48977,47.4215,0
8.49067,47.4215,0
8.49157,47.4215,0
8.49246,47.4215,0
8.49336,47.4215,0
8.49426,47.4215,0.031399999
8.49516,47.4215,0.064000003
8.49606,47.4215,0.459800005
8.49696,47.4215,1.83010006
8.49785,47.4215,3.672600031
8.49875,47.4215,5.597000122
8.49965,47.4215,7.519000053
8.50055,47.4215,9.053999901
8.50145,47.4215,9.823599815
8.50235,47.4215,9.71420002
8.50324,47.4215,8.936200142
8.50414,47.4215,7.975800037
8.50504,47.4215,7.194300175
8.50594,47.4215,6.690700054
8.50684,47.4215,6.315199852
8.50774,47.4215,5.78000021
8.50863,47.4215,4.754499912
8.50953,47.4215,3.626699924
8.51043,47.4215,2.684200048
8.51133,47.4215,2.378900051
8.51223,47.4215,2.424400091
8.51313,47.4215,2.75880003
8.51402,47.4215,2.742799997
8.51492,47.4215,2.428100109
8.51582,47.4215,1.595900059
8.51672,47.4215,0.868799984
8.51762,47.4215,0
8.51852,47.4215,0
8.51941,47.4215,0
8.52031,47.4215,0
8.52121,47.4215,0
8.52211,47.4215,0
8.52301,47.4215,0
8.52391,47.4215,0
8.5248,47.4215,0
8.5257,47.4215,0
8.5266,47.4215,0
8.5275,47.4215,0
8.5284,47.4215,0
8.5293,47.4215,0
8.53019,47.4215,0.0126
8.53109,47.4215,0.030200001
8.53199,47.4215,0.056299999
8.53289,47.4215,0.094499998
8.53379,47.4215,0.135600001
8.53469,47.4215,0.611299992
8.53558,47.4215,1.414700031
8.53648,47.4215,2.668400049
8.53738,47.4215,3.952800035
8.53828,47.4215,4.93419981
8.53918,47.4215,5.018400192
8.54008,47.4215,4.301199913
8.54097,47.4215,3.261399984
8.54187,47.4215,2.078000069
8.54277,47.4215,1.284100056
8.54367,47.4215,1.092700005
8.54457,47.4215,1.427999973
8.54547,47.4215,2.256999969
8.54636,47.4215,3.493000031
8.54726,47.4215,4.460499763
8.54816,47.4215,4.866000175
8.54906,47.4215,4.623799801
8.54996,47.4215,4.099100113
8.55086,47.4215,3.269299984
8.55175,47.4215,2.636300087
8.55265,47.4215,2.184900045
8.55355,47.4215,1.771000028
8.55445,47.4215,1.281200051
8.55535,47.4215,1.017799973
8.55625,47.4215,0.710099995
8.47809,47.4209,0.0063
8.47899,47.4209,0
8.47989,47.4209,0
8.48079,47.4209,0
8.48168,47.4209,0
8.48258,47.4209,0
8.48348,47.4209,0
8.48438,47.4209,0
8.48528,47.4209,0
8.48618,47.4209,0
8.48707,47.4209,0
8.48797,47.4209,0
8.48887,47.4209,0
8.48977,47.4209,0
8.49067,47.4209,0
8.49157,47.4209,0
8.49246,47.4209,0
8.49336,47.4209,0
8.49426,47.4209,0
8.49516,47.4209,0
8.49606,47.4209,0.036600001
8.49696,47.4209,0.798399985
8.49785,47.4209,1.932899952
8.49875,47.4209,3.736299992
8.49965,47.4209,5.180399895
8.50055,47.4209,6.499499798
8.50145,47.4209,7.227900028
8.50235,47.4209,7.33010006
8.50324,47.4209,6.953999996
8.50414,47.4209,6.270500183
8.50504,47.4209,5.643000126
8.50594,47.4209,5.046599865
8.50684,47.4209,4.998300076
8.50774,47.4209,4.905399799
8.50863,47.4209,4.660399914
8.50953,47.4209,4.094099998
8.51043,47.4209,3.7427001
8.51133,47.4209,3.005100012
8.51223,47.4209,2.66899991
8.51313,47.4209,2.322799921
8.51402,47.4209,1.621799946
8.51492,47.4209,1.408300042
8.51582,47.4209,0.640500009
8.51672,47.4209,0.125200003
8.51762,47.4209,0
8.51852,47.4209,0
8.51941,47.4209,0
8.52031,47.4209,0
8.52121,47.4209,0
8.52211,47.4209,0
8.52301,47.4209,0
8.52391,47.4209,0
8.5248,47.4209,0
8.5257,47.4209,0
8.5266,47.4209,0
8.5275,47.4209,0
8.5284,47.4209,0
8.5293,47.4209,0
8.53019,47.4209,0
8.53109,47.4209,0.0266
8.53199,47.4209,0.106299996
8.53289,47.4209,0.160300002
8.53379,47.4209,0.278299987
8.53469,47.4209,0.653999984
8.53558,47.4209,1.72179997
8.53648,47.4209,3.022000074
8.53738,47.4209,4.17689991
8.53828,47.4209,4.826700211
8.53918,47.4209,4.734799862
8.54008,47.4209,3.92869997
8.54097,47.4209,2.867799997
8.54187,47.4209,1.702700019
8.54277,47.4209,1.245900035
8.54367,47.4209,1.271000028
8.54457,47.4209,1.69630003
8.54547,47.4209,2.525099993
8.54636,47.4209,3.485599995
8.54726,47.4209,4.087500095
8.54816,47.4209,4.349100113
8.54906,47.4209,4.148499966
8.54996,47.4209,3.585599899
8.55086,47.4209,2.983700037
8.55175,47.4209,2.37770009
8.55265,47.4209,1.913699985
8.55355,47.4209,1.587499976
8.55445,47.4209,1.246099949
8.55535,47.4209,0.919200003
8.55625,47.4209,0.692099988
8.55714,47.4209,0.480100006
8.55804,47.4209,0.275299996
8.57421,47.4209,0
8.47629,47.42029,0.0091
8.47719,47.42029,0.0133
8.47809,47.42029,0.0151
8.47899,47.42029,0.0133
8.47989,47.42029,0.0091
8.48079,47.42029,0.037700001
8.48168,47.42029,0.050299998
8.48258,47.42029,0.0691
8.48348,47.42029,0.037700001
8.48438,47.42029,0
8.48528,47.42029,0
8.48618,47.42029,0
8.48707,47.42029,0
8.48797,47.42029,0
8.48887,47.42029,0
8.48977,47.42029,0
8.49067,47.42029,0
8.49157,47.42029,0
8.49246,47.42029,0
8.49336,47.42029,0
8.49426,47.42029,0
8.49516,47.42029,0
8.49606,47.42029,0
8.49696,47.42029,0.0274
8.49785,47.42029,0.737900019
8.49875,47.42029,1.91779995
8.49965,47.42029,2.97390008
8.50055,47.42029,4.23360014
8.50145,47.42029,5.115099907
8.50235,47.42029,5.19630003
8.50324,47.42029,5.263899803
8.50414,47.42029,4.702300072
8.50504,47.42029,4.287399769
8.50594,47.42029,4.357999802
8.50684,47.42029,4.473499775
8.50774,47.42029,5.044300079
8.50863,47.42029,5.583600044
8.50953,47.42029,5.689599991
8.51043,47.42029,5.45690012
8.51133,47.42029,4.993000031
8.51223,47.42029,4.149600029
8.51313,47.42029,3.210500002
8.51402,47.42029,2.255399942
8.51492,47.42029,1.307800055
8.51582,47.42029,0.691100001
8.51672,47.42029,0.279399991
8.51762,47.42029,0.086499996
8.51852,47.42029,0.0091
8.51941,47.42029,0
8.52031,47.42029,0
8.52121,47.42029,0
8.52211,47.42029,0
8.52301,47.42029,0
8.52391,47.42029,0
8.5248,47.42029,0
8.5257,47.42029,0
8.5266,47.42029,0
8.5275,47.42029,0.0063
8.5284,47.42029,0.056600001
8.5293,47.42029,0.0251
8.53019,47.42029,0.119999997
8.53109,47.42029,0.322600007
8.53199,47.42029,0.460700005
8.53289,47.42029,0.676800013
8.53379,47.42029,1.033699989
8.53469,47.42029,1.647600055
8.53558,47.42029,2.665400028
8.53648,47.42029,3.719099998
8.53738,47.42029,4.497099876
8.53828,47.42029,4.705500126
8.53918,47.42029,4.284599781
8.54008,47.42029,3.414700031
8.54097,47.42029,2.248899937
8.54187,47.42029,1.503800035
8.54277,47.42029,1.140300035
8.54367,47.42029,1.347800016
8.54457,47.42029,1.994699955
8.54547,47.42029,2.918800116
8.54636,47.42029,3.689500093
8.54726,47.42029,4.178599834
8.54816,47.42029,4.282999992
8.54906,47.42029,3.967499971
8.54996,47.42029,3.296000004
8.55086,47.42029,2.660099983
8.55175,47.42029,2.056099892
8.55265,47.42029,1.640300035
8.55355,47.42029,1.190299988
8.55445,47.42029,0.961399972
8.55535,47.42029,0.805700004
8.55625,47.42029,0.639500022
8.55714,47.42029,0.897099972
8.55804,47.42029,0.898199975
8.55894,47.42029,0.871100008
8.55984,47.42029,0.691900015
8.57062,47.42029,0.1131
8.57152,47.42029,0.031399999
8.57241,47.42029,0
8.57331,47.42029,0
8.57421,47.42029,0
8.4745,47.41968,0
8.4754,47.41968,0.0154
8.47629,47.41968,0.0297
8.47719,47.41968,0.043699998
8.47809,47.41968,0.084700003
8.47899,47.41968,0.1426
8.47989,47.41968,0.207800001
8.48079,47.41968,0.312900007
8.48168,47.41968,0.48969999
8.48258,47.41968,0.413300008
8.48348,47.41968,0.322600007
8.48438,47.41968,0.205599993
8.48528,47.41968,0.054900002
8.48618,47.41968,0
8.48707,47.41968,0
8.48797,47.41968,0
8.48887,47.41968,0
8.48977,47.41968,0
8.49067,47.41968,0
8.49157,47.41968,0
8.49246,47.41968,0
8.49336,47.41968,0
8.49426,47.41968,0
8.49516,47.41968,0
8.49606,47.41968,0
8.49696,47.41968,0
8.49785,47.41968,0.201199993
8.49875,47.41968,0.665899992
8.49965,47.41968,1.657099962
8.50055,47.41968,2.45510006
8.50145,47.41968,3.30430007
8.50235,47.41968,3.854500055
8.50324,47.41968,3.778000116
8.50414,47.41968,3.632499933
8.50504,47.41968,3.657099962
8.50594,47.41968,4.007400036
8.50684,47.41968,4.661399841
8.50774,47.41968,5.693999767
8.50863,47.41968,6.526599884
8.50953,47.41968,7.261000156
8.51043,47.41968,7.430699825
8.51133,47.41968,7.141900063
8.51223,47.41968,6.299799919
8.51313,47.41968,5.124700069
8.51402,47.41968,3.781300068
8.51492,47.41968,2.54369998
8.51582,47.41968,1.425500035
8.51672,47.41968,0.668299973
8.51762,47.41968,0.244000003
8.51852,47.41968,0.0262
8.51941,47.41968,0.0091
8.52031,47.41968,0
8.52121,47.41968,0
8.52211,47.41968,0
8.52301,47.41968,0
8.52391,47.41968,0
8.5248,47.41968,0
8.5257,47.41968,0.0091
8.5266,47.41968,0.120800003
8.5275,47.41968,0.196600005
8.5284,47.41968,0.257099986
8.5293,47.41968,0.458799988
8.53019,47.41968,0.736100018
8.53109,47.41968,0.897599995
8.53199,47.41968,1.431800008
8.53289,47.41968,1.983899951
8.53379,47.41968,2.490600109
8.53469,47.41968,3.265000105
8.53558,47.41968,3.845099926
8.53648,47.41968,4.390399933
8.53738,47.41968,4.687300205
8.53828,47.41968,4.742400169
8.53918,47.41968,4.041200161
8.54008,47.41968,3.258899927
8.54097,47.41968,2.094500065
8.54187,47.41968,1.601300001
8.54277,47.41968,1.35739994
8.54367,47.41968,1.660400033
8.54457,47.41968,2.198199987
8.54547,47.41968,3.098700047
8.54636,47.41968,3.798799992
8.54726,47.41968,4.352799892
8.54816,47.41968,4.429399967
8.54906,47.41968,3.996999979
8.54996,47.41968,3.290899992
8.55086,47.41968,2.648799896
8.55175,47.41968,1.862300038
8.55265,47.41968,1.350900054
8.55355,47.41968,0.921199977
8.55445,47.41968,0.753099978
8.55535,47.41968,0.647700012
8.55625,47.41968,0.989300013
8.55714,47.41968,1.223099947
8.55804,47.41968,1.454399943
8.55894,47.41968,1.473899961
8.55984,47.41968,1.292600036
8.56074,47.41968,0.888400018
8.56972,47.41968,0.2852
8.57062,47.41968,0.369399995
8.57152,47.41968,0.396600008
8.57241,47.41968,0.262600005
8.57331,47.41968,0.045699999
8.57421,47.41968,0
8.4727,47.41907,0
8.4736,47.41907,0.0091
8.4745,47.41907,0.031599998
8.4754,47.41907,0.082400002
8.47629,47.41907,0.190500006
8.47719,47.41907,0.347200006
8.47809,47.41907,0.496499985
8.47899,47.41907,0.642799973
8.47989,47.41907,0.927600026
8.48079,47.41907,1.049800038
8.48168,47.41907,1.193300009
8.48258,47.41907,1.065500021
8.48348,47.41907,0.858699977
8.48438,47.41907,0.506299973
8.48528,47.41907,0.274599999
8.48618,47.41907,0.091399997
8.48707,47.41907,0
8.48797,47.41907,0
8.48887,47.41907,0
8.48977,47.41907,0
8.49067,47.41907,0
8.49157,47.41907,0
8.49246,47.41907,0
8.49336,47.41907,0
8.49426,47.41907,0
8.49516,47.41907,0
8.49606,47.41907,0
8.49696,47.41907,0
8.49785,47.41907,0
8.49875,47.41907,0.220599994
8.49965,47.41907,0.638800025
8.50055,47.41907,1.29400003
8.50145,47.41907,1.967499971
8.50235,47.41907,2.442699909
8.50324,47.41907,2.675800085
8.50414,47.41907,2.835400105
8.50504,47.41907,3.104000092
8.50594,47.41907,3.686700106
8.50684,47.41907,4.386300087
8.50774,47.41907,5.88049984
8.50863,47.41907,7.265699863
8.50953,47.41907,8.267399788
8.51043,47.41907,8.895000458
8.51133,47.41907,8.821000099
8.51223,47.41907,8.045200348
8.51313,47.41907,6.728499889
8.51402,47.41907,5.127200127
8.51492,47.41907,3.620399952
8.51582,47.41907,2.481300116
8.51672,47.41907,1.117599964
8.51762,47.41907,0.575600028
8.51852,47.41907,0.229100004
8.51941,47.41907,0.086999997
8.52031,47.41907,0
8.52121,47.41907,0
8.52211,47.41907,0
8.52301,47.41907,0
8.52391,47.41907,0
8.5248,47.41907,0.045699999
8.5257,47.41907,0.189199999
8.5266,47.41907,0.328700006
8.5275,47.41907,0.537800014
8.5284,47.41907,0.828499973
8.5293,47.41907,1.07980001
8.53019,47.41907,1.432399988
8.53109,47.41907,2.114300013
8.53199,47.41907,2.734999895
8.53289,47.41907,3.513099909
8.53379,47.41907,4.15749979
8.53469,47.41907,4.744800091
8.53558,47.41907,5.098800182
8.53648,47.41907,5.389699936
8.53738,47.41907,5.40500021
8.53828,47.41907,5.331999779
8.53918,47.41907,4.58220005
8.54008,47.41907,3.660599947
8.54097,47.41907,2.603300095
8.54187,47.41907,2.036299944
8.54277,47.41907,1.836799979
8.54367,47.41907,1.933899999
8.54457,47.41907,2.285000086
8.54547,47.41907,3.153100014
8.54636,47.41907,3.733200073
8.54726,47.41907,4.251200199
8.54816,47.41907,4.251399994
8.54906,47.41907,3.94720006
8.54996,47.41907,3.214099884
8.55086,47.41907,2.50180006
8.55175,47.41907,1.728000045
8.55265,47.41907,1.196400046
8.55355,47.41907,0.727400005
8.55445,47.41907,0.511600018
8.55535,47.41907,0.470499992
8.55625,47.41907,1.090800047
8.55714,47.41907,1.500200033
8.55804,47.41907,2.000799894
8.55894,47.41907,2.174099922
8.55984,47.41907,1.880800009
8.56074,47.41907,1.292600036
8.56163,47.41907,0.691900015
8.56253,47.41907,0
8.56972,47.41907,0.774900019
8.57062,47.41907,1.095100045
8.57152,47.41907,1.124799967
8.57241,47.41907,0.857900023
8.57331,47.41907,0.435400009
8.57421,47.41907,0.091399997
8.47001,47.41846,0
8.47091,47.41846,0
8.4718,47.41846,0
8.4727,47.41846,0.0091
8.4736,47.41846,0.035399999
8.4745,47.41846,0.092699997
8.4754,47.41846,0.254000008
8.47629,47.41846,0.496499985
8.47719,47.41846,0.797200024
8.47809,47.41846,1.275099993
8.47899,47.41846,1.737599969
8.47989,47.41846,2.03399992
8.48079,47.41846,2.578500032
8.48168,47.41846,2.383899927
8.48258,47.41846,2.091399908
8.48348,47.41846,1.610000014
8.48438,47.41846,0.950100005
8.48528,47.41846,0.438300014
8.48618,47.41846,0.166500002
8.48707,47.41846,0.036600001
8.48797,47.41846,0
8.48887,47.41846,0
8.48977,47.41846,0
8.49067,47.41846,0
8.49157,47.41846,0
8.49246,47.41846,0
8.49336,47.41846,0
8.49426,47.41846,0
8.49516,47.41846,0
8.49606,47.41846,0
8.49696,47.41846,0
8.49785,47.41846,0
8.49875,47.41846,0
8.49965,47.41846,0.232700005
8.50055,47.41846,0.727599978
8.50145,47.41846,1.132699966
8.50235,47.41846,1.520300031
8.50324,47.41846,1.868600011
8.50414,47.41846,2.167500019
8.50504,47.41846,2.471400023
8.50594,47.41846,3.148900032
8.50684,47.41846,4.338600159
8.50774,47.41846,5.996500015
8.50863,47.41846,7.592299938
8.50953,47.41846,8.655500412
8.51043,47.41846,9.448699951
8.51133,47.41846,9.478599548
8.51223,47.41846,8.814800262
8.51313,47.41846,7.681900024
8.51402,47.41846,6.440000057
8.51492,47.41846,4.824500084
8.51582,47.41846,3.459500074
8.51672,47.41846,2.191099882
8.51762,47.41846,1.338099957
8.51852,47.41846,0.576699972
8.51941,47.41846,0.291200012
8.52031,47.41846,0.101099998
8.52121,47.41846,0.065099999
8.52211,47.41846,0
8.52301,47.41846,0
8.52391,47.41846,0.036600001
8.5248,47.41846,0.118199997
8.5257,47.41846,0.33070001
8.5266,47.41846,0.715900004
8.5275,47.41846,1.142400026
8.5284,47.41846,1.491700053
8.5293,47.41846,2.113399982
8.53019,47.41846,2.683399916
8.53109,47.41846,3.719399929
8.53199,47.41846,4.528900146
8.53289,47.41846,5.320899963
8.53379,47.41846,5.724500179
8.53469,47.41846,6.013999939
8.53558,47.41846,6.061699867
8.53648,47.41846,6.157299995
8.53738,47.41846,6.398600101
8.53828,47.41846,6.283899784
8.53918,47.41846,5.895599842
8.54008,47.41846,5.109799862
8.54097,47.41846,4.441400051
8.54187,47.41846,3.671299934
8.54277,47.41846,3.233200073
8.54367,47.41846,2.970700026
8.54457,47.41846,3.119999886
8.54547,47.41846,3.260499954
8.54636,47.41846,3.611000061
8.54726,47.41846,4.1322999
8.54816,47.41846,4.061600208
8.54906,47.41846,3.777800083
8.54996,47.41846,3.141499996
8.55086,47.41846,2.413199902
8.55175,47.41846,1.514000058
8.55265,47.41846,1.008599997
8.55355,47.41846,0.610700011
8.55445,47.41846,0.44600001
8.55535,47.41846,0.665000021
8.55625,47.41846,1.059100032
8.55714,47.41846,1.66170001
8.55804,47.41846,2.243999958
8.55894,47.41846,2.468199968
8.55984,47.41846,2.131200075
8.56074,47.41846,1.4648
8.56163,47.41846,0.783999979
8.56253,47.41846,0.326799989
8.56882,47.41846,1.179200053
8.56972,47.41846,2.001899958
8.57062,47.41846,2.695100069
8.57152,47.41846,2.764699936
8.57241,47.41846,2.274600029
8.57331,47.41846,1.362300038
8.57421,47.41846,0.462900013
8.47001,47.41786,0
8.47091,47.41786,0
8.4718,47.41786,0
8.4727,47.41786,0.0133
8.4736,47.41786,0.0515
8.4745,47.41786,0.153200001
8.4754,47.41786,0.408800006
8.47629,47.41786,1.018900037
8.47719,47.41786,1.965999961
8.47809,47.41786,2.745199919
8.47899,47.41786,3.717400074
8.47989,47.41786,4.282400131
8.48079,47.41786,4.332099915
8.48168,47.41786,3.982899904
8.48258,47.41786,3.280600071
8.48348,47.41786,2.216500044
8.48438,47.41786,1.43900001
8.48528,47.41786,0.688899994
8.48618,47.41786,0.285600007
8.48707,47.41786,0.090899996
8.48797,47.41786,0
8.48887,47.41786,0
8.48977,47.41786,0
8.49067,47.41786,0
8.49157,47.41786,0
8.49246,47.41786,0
8.49336,47.41786,0
8.49426,47.41786,0
8.49516,47.41786,0
8.49606,47.41786,0
8.49696,47.41786,0
8.49785,47.41786,0
8.49875,47.41786,0.0126
8.49965,47.41786,0.085000001
8.50055,47.41786,0.361699998
8.50145,47.41786,0.668500006
8.50235,47.41786,0.980599999
8.50324,47.41786,1.224300027
8.50414,47.41786,1.474599957
8.50504,47.41786,1.833699942
8.50594,47.41786,2.681499958
8.50684,47.41786,3.913300037
8.50774,47.41786,5.618899822
8.50863,47.41786,7.156199932
8.50953,47.41786,8.49050045
8.51043,47.41786,9.096300125
8.51133,47.41786,9.166199684
8.51223,47.41786,8.607700348
8.51313,47.41786,7.888700008
8.51402,47.41786,6.601099968
8.51492,47.41786,5.591899872
8.51582,47.41786,4.318799973
8.51672,47.41786,3.130700111
8.51762,47.41786,2.15199995
8.51852,47.41786,1.397799969
8.51941,47.41786,0.651899993
8.52031,47.41786,0.344900012
8.52121,47.41786,0.201100007
8.52211,47.41786,0.144999996
8.52301,47.41786,0.092600003
8.52391,47.41786,0.059500001
8.5248,47.41786,0.361499995
8.5257,47.41786,0.832300007
8.5266,47.41786,1.363600016
8.5275,47.41786,2.019399881
8.5284,47.41786,2.639800072
8.5293,47.41786,3.262300015
8.53019,47.41786,4.17110014
8.53109,47.41786,5.077000141
8.53199,47.41786,5.740300179
8.53289,47.41786,6.15899992
8.53379,47.41786,6.281000137
8.53469,47.41786,6.212500095
8.53558,47.41786,6.132500172
8.53648,47.41786,6.157800198
8.53738,47.41786,6.784100056
8.53828,47.41786,7.082399845
8.53918,47.41786,7.126399994
8.54008,47.41786,6.871500015
8.54097,47.41786,6.606699944
8.54187,47.41786,5.835700035
8.54277,47.41786,5.404200077
8.54367,47.41786,4.598700047
8.54457,47.41786,4.456099987
8.54547,47.41786,4.322299957
8.54636,47.41786,4.252500057
8.54726,47.41786,4.242099762
8.54816,47.41786,4.343800068
8.54906,47.41786,3.745300055
8.54996,47.41786,3.077600002
8.55086,47.41786,2.213399887
8.55175,47.41786,1.476300001
8.55265,47.41786,0.908299983
8.55355,47.41786,0.524399996
8.55445,47.41786,0.309599996
8.55535,47.41786,0.272199988
8.55625,47.41786,0.91170001
8.55714,47.41786,1.473700047
8.55804,47.41786,2.1723001
8.55894,47.41786,2.304699898
8.55984,47.41786,1.97510004
8.56074,47.41786,1.298900008
8.56163,47.41786,0.81129998
8.56253,47.41786,0
8.56882,47.41786,2.405100107
8.56972,47.41786,3.744999886
8.57062,47.41786,4.834300041
8.57152,47.41786,4.87869978
8.57241,47.41786,4.094500065
8.57331,47.41786,2.691499949
8.57421,47.41786,1.336799979
8.47091,47.41725,0
8.4718,47.41725,0.0063
8.4727,47.41725,0.0276
8.4736,47.41725,0.077200003
8.4745,47.41725,0.257299989
8.4754,47.41725,0.848999977
8.47629,47.41725,2.067800045
8.47719,47.41725,3.285399914
8.47809,47.41725,4.859000206
8.47899,47.41725,6.087100029
8.47989,47.41725,6.822500229
8.48079,47.41725,6.625599861
8.48168,47.41725,5.75369978
8.48258,47.41725,4.408299923
8.48348,47.41725,3.068700075
8.48438,47.41725,1.620300055
8.48528,47.41725,0.893999994
8.48618,47.41725,0.335399985
8.48707,47.41725,0.145999998
8.48797,47.41725,0.0251
8.48887,47.41725,0
8.48977,47.41725,0
8.49067,47.41725,0
8.49157,47.41725,0
8.49246,47.41725,0
8.49336,47.41725,0
8.49426,47.41725,0
8.49516,47.41725,0
8.49606,47.41725,0
8.49696,47.41725,0
8.49785,47.41725,0
8.49875,47.41725,0
8.49965,47.41725,0.0266
8.50055,47.41725,0.168599993
8.50145,47.41725,0.308299989
8.50235,47.41725,0.504800022
8.50324,47.41725,0.58039999
8.50414,47.41725,0.745700002
8.50504,47.41725,1.172199965
8.50594,47.41725,2.110199928
8.50684,47.41725,3.421099901
8.50774,47.41725,5.039299965
8.50863,47.41725,6.365499973
8.50953,47.41725,7.324800015
8.51043,47.41725,7.959300041
8.51133,47.41725,7.833600044
8.51223,47.41725,7.2354002
8.51313,47.41725,7.0770998
8.51402,47.41725,6.439400196
8.51492,47.41725,5.794799805
8.51582,47.41725,5.048699856
8.51672,47.41725,4.137499809
8.51762,47.41725,3.140599966
8.51852,47.41725,2.226799965
8.51941,47.41725,1.322299957
8.52031,47.41725,0.842899978
8.52121,47.41725,0.577400029
8.52211,47.41725,0.478399992
8.52301,47.41725,0.421400011
8.52391,47.41725,0.463
8.5248,47.41725,0.779100001
8.5257,47.41725,1.390400052
8.5266,47.41725,2.137300015
8.5275,47.41725,2.944499969
8.5284,47.41725,3.789499998
8.5293,47.41725,4.54129982
8.53019,47.41725,5.358699799
8.53109,47.41725,5.973199844
8.53199,47.41725,6.356900215
8.53289,47.41725,6.347499847
8.53379,47.41725,5.925499916
8.53469,47.41725,5.287799835
8.53558,47.41725,5.030399799
8.53648,47.41725,5.313499928
8.53738,47.41725,6.284200192
8.53828,47.41725,7.338500023
8.53918,47.41725,8.066800117
8.54008,47.41725,8.527600288
8.54097,47.41725,8.506899834
8.54187,47.41725,8.055800438
8.54277,47.41725,7.287700176
8.54367,47.41725,6.449100018
8.54457,47.41725,5.84649992
8.54547,47.41725,5.316899776
8.54636,47.41725,4.897999763
8.54726,47.41725,4.516499996
8.54816,47.41725,4.463099957
8.54906,47.41725,3.736200094
8.54996,47.41725,2.953200102
8.55086,47.41725,2.023600101
8.55175,47.41725,1.31219995
8.55265,47.41725,0.676100016
8.55355,47.41725,0.419800013
8.55445,47.41725,0.249599993
8.55535,47.41725,0.190599993
8.55625,47.41725,0.899699986
8.55714,47.41725,1.628999949
8.55804,47.41725,2.233599901
8.55894,47.41725,2.385900021
8.55984,47.41725,2.15079999
8.56074,47.41725,1.693600059
8.56163,47.41725,0.875899971
8.56253,47.41725,0.261999995
8.56343,47.41725,0.173800007
8.56523,47.41725,0
8.56613,47.41725,0.137199998
8.56702,47.41725,0.654399991
8.56792,47.41725,1.935600042
8.56882,47.41725,3.945300102
8.56972,47.41725,6.006899834
8.57062,47.41725,7.359700203
8.57152,47.41725,7.376100063
8.57241,47.41725,6.139100075
8.57331,47.41725,4.147200108
8.57421,47.41725,2.00270009
8.47091,47.41664,0
8.4718,47.41664,0
8.4727,47.41664,0.0133
8.4736,47.41664,0.079499997
8.4745,47.41664,0.330000013
8.4754,47.41664,1.273599982
8.47629,47.41664,2.914999962
8.47719,47.41664,4.803100109
8.47809,47.41664,6.923399925
8.47899,47.41664,8.469099998
8.47989,47.41664,8.94960022
8.48079,47.41664,8.561699867
8.48168,47.41664,7.076600075
8.48258,47.41664,5.283899784
8.48348,47.41664,3.710599899
8.48438,47.41664,2.092700005
8.48528,47.41664,1.18719995
8.48618,47.41664,0.616299987
8.48707,47.41664,0.317900002
8.48797,47.41664,0.073200002
8.48887,47.41664,0
8.48977,47.41664,0
8.49067,47.41664,0
8.49157,47.41664,0
8.49246,47.41664,0
8.49336,47.41664,0
8.49426,47.41664,0
8.49516,47.41664,0
8.49606,47.41664,0
8.49696,47.41664,0
8.49785,47.41664,0
8.49875,47.41664,0
8.49965,47.41664,0.018300001
8.50055,47.41664,0.034200002
8.50145,47.41664,0.113700002
8.50235,47.41664,0.187199995
8.50324,47.41664,0.226099998
8.50414,47.41664,0.309599996
8.50504,47.41664,0.766499996
8.50594,47.41664,1.698899984
8.50684,47.41664,2.995599985
8.50774,47.41664,4.307799816
8.50863,47.41664,5.613900185
8.50953,47.41664,6.265799999
8.51043,47.41664,6.441899776
8.51133,47.41664,6.17869997
8.51223,47.41664,6.069099903
8.51313,47.41664,5.888999939
8.51402,47.41664,5.788799763
8.51492,47.41664,5.718900204
8.51582,47.41664,5.468400002
8.51672,47.41664,4.816899776
8.51762,47.41664,3.98239994
8.51852,47.41664,3.00909996
8.51941,47.41664,2.071799994
8.52031,47.41664,1.419199944
8.52121,47.41664,1.139099956
8.52211,47.41664,1.066900015
8.52301,47.41664,1.053599954
8.52391,47.41664,1.307199955
8.5248,47.41664,1.703199983
8.5257,47.41664,2.337500095
8.5266,47.41664,3.114500046
8.5275,47.41664,3.941600084
8.5284,47.41664,4.77489996
8.5293,47.41664,5.46969986
8.53019,47.41664,5.916200161
8.53109,47.41664,6.277599812
8.53199,47.41664,6.257199764
8.53289,47.41664,5.655399799
8.53379,47.41664,4.730700016
8.53469,47.41664,3.707600117
8.53558,47.41664,3.534800053
8.53648,47.41664,3.930500031
8.53738,47.41664,5.08220005
8.53828,47.41664,6.683199883
8.53918,47.41664,8.142399788
8.54008,47.41664,9.38160038
8.54097,47.41664,9.896900177
8.54187,47.41664,9.458200455
8.54277,47.41664,8.738200188
8.54367,47.41664,7.690100193
8.54457,47.41664,6.700500011
8.54547,47.41664,6.158899784
8.54636,47.41664,5.562399864
8.54726,47.41664,5.075799942
8.54816,47.41664,4.547699928
8.54906,47.41664,3.692800045
8.54996,47.41664,2.789099932
8.55086,47.41664,1.817499995
8.55175,47.41664,1.075899959
8.55265,47.41664,0.567600012
8.55355,47.41664,0.25819999
8.55445,47.41664,0.128700003
8.55535,47.41664,0.444099993
8.55625,47.41664,1.00880003
8.55714,47.41664,2.123500109
8.55804,47.41664,2.724999905
8.55894,47.41664,3.319299936
8.55984,47.41664,3.094399929
8.56074,47.41664,2.505500078
8.56163,47.41664,1.513299942
8.56253,47.41664,0.919200003
8.56343,47.41664,0.333799988
8.56433,47.41664,0.192599997
8.56523,47.41664,0.044
8.56613,47.41664,0.467099994
8.56702,47.41664,1.327200055
8.56792,47.41664,3.090300083
8.56882,47.41664,5.397200108
8.56972,47.41664,7.704699993
8.57062,47.41664,9.130299568
8.57152,47.41664,9.103199959
8.57241,47.41664,7.470699787
8.57331,47.41664,5.221300125
8.57421,47.41664,2.783400059
8.47001,47.41603,0
8.47091,47.41603,0
8.4718,47.41603,0
8.4727,47.41603,0.0091
8.4736,47.41603,0.082400002
8.4745,47.41603,0.503000021
8.4754,47.41603,1.895300031
8.47629,47.41603,3.78550005
8.47719,47.41603,6.326000214
8.47809,47.41603,8.461600304
8.47899,47.41603,10.11610031
8.47989,47.41603,10.32400036
8.48079,47.41603,9.582400322
8.48168,47.41603,7.959499836
8.48258,47.41603,6.049600124
8.48348,47.41603,4.083499908
8.48438,47.41603,2.712300062
8.48528,47.41603,1.465299964
8.48618,47.41603,0.964299977
8.48707,47.41603,0.587700009
8.48797,47.41603,0.261900008
8.48887,47.41603,0
8.48977,47.41603,0
8.49067,47.41603,0
8.49157,47.41603,0
8.49246,47.41603,0
8.49336,47.41603,0
8.49426,47.41603,0
8.49516,47.41603,0
8.49606,47.41603,0
8.49696,47.41603,0
8.49785,47.41603,0
8.49875,47.41603,0
8.49965,47.41603,0
8.50055,47.41603,0.018300001
8.50145,47.41603,0.0266
8.50235,47.41603,0.030200001
8.50324,47.41603,0.070600003
8.50414,47.41603,0.124600001
8.50504,47.41603,0.548099995
8.50594,47.41603,1.322100043
8.50684,47.41603,2.518199921
8.50774,47.41603,3.830800056
8.50863,47.41603,4.757100105
8.50953,47.41603,5.079500198
8.51043,47.41603,5.052400112
8.51133,47.41603,4.702000141
8.51223,47.41603,4.49090004
8.51313,47.41603,4.898700237
8.51402,47.41603,5.13929987
8.51492,47.41603,5.579500198
8.51582,47.41603,5.554599762
8.51672,47.41603,5.261899948
8.51762,47.41603,4.378499985
8.51852,47.41603,3.327600002
8.51941,47.41603,2.310499907
8.52031,47.41603,1.945299983
8.52121,47.41603,1.644600034
8.52211,47.41603,1.752099991
8.52301,47.41603,1.92019999
8.52391,47.41603,2.244199991
8.5248,47.41603,2.769900084
8.5257,47.41603,3.36500001
8.5266,47.41603,4.083199978
8.5275,47.41603,4.721600056
8.5284,47.41603,5.356699944
8.5293,47.41603,5.643799782
8.53019,47.41603,6.01429987
8.53109,47.41603,5.820400238
8.53199,47.41603,5.504799843
8.53289,47.41603,4.631800175
8.53379,47.41603,3.395299912
8.53469,47.41603,2.242799997
8.53558,47.41603,1.771499991
8.53648,47.41603,1.975000024
8.53738,47.41603,3.614700079
8.53828,47.41603,5.470699787
8.53918,47.41603,7.406099796
8.54008,47.41603,8.976400375
8.54097,47.41603,9.845299721
8.54187,47.41603,9.593500137
8.54277,47.41603,8.833999634
8.54367,47.41603,7.713500023
8.54457,47.41603,6.819399834
8.54547,47.41603,6.061299801
8.54636,47.41603,5.486800194
8.54726,47.41603,4.95179987
8.54816,47.41603,4.384300232
8.54906,47.41603,3.398900032
8.54996,47.41603,2.494299889
8.55086,47.41603,1.587100029
8.55175,47.41603,0.797500014
8.55265,47.41603,0.359699994
8.55355,47.41603,0.1241
8.55445,47.41603,0.146300003
8.55535,47.41603,0.720499992
8.55625,47.41603,1.594699979
8.55714,47.41603,2.609400034
8.55804,47.41603,3.455699921
8.55894,47.41603,4.31619978
8.55984,47.41603,4.14440012
8.56074,47.41603,3.618000031
8.56163,47.41603,2.71329999
8.56253,47.41603,1.903900027
8.56343,47.41603,1.194200039
8.56433,47.41603,0.582000017
8.56523,47.41603,0.317400008
8.56613,47.41603,0.856599987
8.56702,47.41603,1.755800009
8.56792,47.41603,3.476599932
8.56882,47.41603,5.952300072
8.56972,47.41603,8.288700104
8.57062,47.41603,9.565899849
8.57152,47.41603,9.418399811
8.57241,47.41603,7.701200008
8.57331,47.41603,5.198999882
8.57421,47.41603,2.763299942
8.47001,47.41542,0
8.47091,47.41542,0
8.4718,47.41542,0
8.4727,47.41542,0.0063
8.4736,47.41542,0.138999999
8.4745,47.41542,0.747399986
8.4754,47.41542,2.093300104
8.47629,47.41542,4.293700218
8.47719,47.41542,6.647799969
8.47809,47.41542,9.032699585
8.47899,47.41542,10.22029972
8.47989,47.41542,10.48740005
8.48079,47.41542,9.58769989
8.48168,47.41542,7.833600044
8.48258,47.41542,6.006000042
8.48348,47.41542,4.484899998
8.48438,47.41542,2.894200087
8.48528,47.41542,2.145999908
8.48618,47.41542,1.386800051
8.48707,47.41542,0.797900021
8.48797,47.41542,0.440499991
8.48887,47.41542,0.077699997
8.48977,47.41542,0
8.49067,47.41542,0
8.49157,47.41542,0
8.49246,47.41542,0
8.49336,47.41542,0
8.49426,47.41542,0
8.49516,47.41542,0
8.49606,47.41542,0
8.49696,47.41542,0
8.49785,47.41542,0
8.49875,47.41542,0
8.49965,47.41542,0
8.50055,47.41542,0
8.50145,47.41542,0
8.50235,47.41542,0.0126
8.50324,47.41542,0
8.50414,47.41542,0
8.50504,47.41542,0.370900005
8.50594,47.41542,1.169499993
8.50684,47.41542,2.181900024
8.50774,47.41542,3.188199997
8.50863,47.41542,3.976799965
8.50953,47.41542,4.15019989
8.51043,47.41542,3.956700087
8.51133,47.41542,3.814699888
8.51223,47.41542,3.894399881
8.51313,47.41542,4.536799908
8.51402,47.41542,5.182600021
8.51492,47.41542,5.980199814
8.51582,47.41542,5.986100197
8.51672,47.41542,5.490399837
8.51762,47.41542,4.56099987
8.51852,47.41542,3.368900061
8.51941,47.41542,2.409100056
8.52031,47.41542,2.019500017
8.52121,47.41542,1.993100047
8.52211,47.41542,2.221299887
8.52301,47.41542,2.622400045
8.52391,47.41542,3.162499905
8.5248,47.41542,3.859400034
8.5257,47.41542,4.443600178
8.5266,47.41542,4.911099911
8.5275,47.41542,5.170300007
8.5284,47.41542,5.488800049
8.5293,47.41542,5.50369978
8.53019,47.41542,5.572999954
8.53109,47.41542,5.221300125
8.53199,47.41542,4.694399834
8.53289,47.41542,3.895699978
8.53379,47.41542,3.120100021
8.53469,47.41542,2.031699896
8.53558,47.41542,1.29610002
8.53648,47.41542,1.390699983
8.53738,47.41542,2.288100004
8.53828,47.41542,4.210400105
8.53918,47.41542,5.950300217
8.54008,47.41542,7.754499912
8.54097,47.41542,8.616000175
8.54187,47.41542,8.654000282
8.54277,47.41542,7.857299805
8.54367,47.41542,6.832600117
8.54457,47.41542,5.649700165
8.54547,47.41542,5.075200081
8.54636,47.41542,4.66989994
8.54726,47.41542,4.320899963
8.54816,47.41542,3.773999929
8.54906,47.41542,2.911299944
8.54996,47.41542,1.960399985
8.55086,47.41542,1.128299952
8.55175,47.41542,0.55309999
8.55265,47.41542,0.185499996
8.55355,47.41542,0.0526
8.55445,47.41542,0.3028
8.55535,47.41542,1.087299943
8.55625,47.41542,2.206700087
8.55714,47.41542,3.297199965
8.55804,47.41542,4.718999863
8.55894,47.41542,5.506000042
8.55984,47.41542,5.640699863
8.56074,47.41542,5.450900078
8.56163,47.41542,4.757699966
8.56253,47.41542,3.778800011
8.56343,47.41542,2.887700081
8.56433,47.41542,1.859200001
8.56523,47.41542,1.364899993
8.56613,47.41542,1.563799977
8.56702,47.41542,2.305799961
8.56792,47.41542,3.787100077
8.56882,47.41542,5.649400234
8.56972,47.41542,7.434299946
8.57062,47.41542,8.434599876
8.57152,47.41542,8.069899559
8.57241,47.41542,6.514100075
8.57331,47.41542,4.460700035
8.57421,47.41542,2.437000036
8.46911,47.41482,0
8.47001,47.41482,0
8.47091,47.41482,0
8.4718,47.41482,0
8.4727,47.41482,0.0189
8.4736,47.41482,0.091399997
8.4745,47.41482,0.666400015
8.4754,47.41482,2.073999882
8.47629,47.41482,4.078800201
8.47719,47.41482,6.084899902
8.47809,47.41482,8.024000168
8.47899,47.41482,9.019800186
8.47989,47.41482,9.149299622
8.48079,47.41482,8.277199745
8.48168,47.41482,6.919199944
8.48258,47.41482,5.528900146
8.48348,47.41482,4.46999979
8.48438,47.41482,3.19720006
8.48528,47.41482,2.425400019
8.48618,47.41482,1.736700058
8.48707,47.41482,1.063300014
8.48797,47.41482,0.575100005
8.48887,47.41482,0.137099996
8.48977,47.41482,0
8.49067,47.41482,0
8.49157,47.41482,0
8.49246,47.41482,0
8.49336,47.41482,0
8.49426,47.41482,0
8.49516,47.41482,0
8.49606,47.41482,0
8.49696,47.41482,0
8.49785,47.41482,0
8.49875,47.41482,0
8.49965,47.41482,0
8.50055,47.41482,0
8.50145,47.41482,0
8.50235,47.41482,0
8.50324,47.41482,0
8.50414,47.41482,0.044
8.50504,47.41482,0.410400003
8.50594,47.41482,0.959599972
8.50684,47.41482,1.790300012
8.50774,47.41482,2.661799908
8.50863,47.41482,3.227099895
8.50953,47.41482,3.26880002
8.51043,47.41482,3.348099947
8.51133,47.41482,3.333699942
8.51223,47.41482,3.888099909
8.51313,47.41482,4.825600147
8.51402,47.41482,6.057300091
8.51492,47.41482,6.768199921
8.51582,47.41482,7.009500027
8.51672,47.41482,6.082499981
8.51762,47.41482,4.788499832
8.51852,47.41482,3.327899933
8.51941,47.41482,2.407200098
8.52031,47.41482,1.843600035
8.52121,47.41482,1.943500042
8.52211,47.41482,2.34559989
8.52301,47.41482,2.968100071
8.52391,47.41482,3.766700029
8.5248,47.41482,4.445899963
8.5257,47.41482,4.96969986
8.5266,47.41482,5.361499786
8.5275,47.41482,5.36590004
8.5284,47.41482,5.31619978
8.5293,47.41482,5.223100185
8.53019,47.41482,4.876100063
8.53109,47.41482,4.682099819
8.53199,47.41482,4.529300213
8.53289,47.41482,4.167399883
8.53379,47.41482,3.479599953
8.53469,47.41482,2.579900026
8.53558,47.41482,1.82009995
8.53648,47.41482,1.384600043
8.53738,47.41482,1.418400049
8.53828,47.41482,2.919800043
8.53918,47.41482,4.370699883
8.54008,47.41482,5.855000019
8.54097,47.41482,6.689099789
8.54187,47.41482,6.873099804
8.54277,47.41482,6.193600178
8.54367,47.41482,5.334799767
8.54457,47.41482,4.208199978
8.54547,47.41482,3.739599943
8.54636,47.41482,3.477099895
8.54726,47.41482,3.548599958
8.54816,47.41482,3.012700081
8.54906,47.41482,2.324700117
8.54996,47.41482,1.463700056
8.55086,47.41482,0.762300014
8.55175,47.41482,0.265399992
8.55265,47.41482,0.106899999
8.55355,47.41482,0.071999997
8.55445,47.41482,0.363900006
8.55535,47.41482,1.170899987
8.55625,47.41482,2.281100035
8.55714,47.41482,3.763200045
8.55804,47.41482,4.894000053
8.55894,47.41482,6.09649992
8.55984,47.41482,6.790599823
8.56074,47.41482,7.061699867
8.56163,47.41482,6.664400101
8.56253,47.41482,5.806300163
8.56343,47.41482,4.78579998
8.56433,47.41482,3.758899927
8.56523,47.41482,2.660000086
8.56613,47.41482,2.526000023
8.56702,47.41482,2.716500044
8.56792,47.41482,3.503000021
8.56882,47.41482,4.681799889
8.56972,47.41482,5.827799797
8.57062,47.41482,6.314400196
8.57152,47.41482,5.869900227
8.57241,47.41482,4.523200035
8.57331,47.41482,2.987600088
8.57421,47.41482,1.49940002
8.46911,47.41421,0
8.47001,47.41421,0
8.47091,47.41421,0
8.4718,47.41421,0
8.4727,47.41421,0.0126
8.4736,47.41421,0.230100006
8.4745,47.41421,0.718599975
8.4754,47.41421,1.772300005
8.47629,47.41421,3.230000019
8.47719,47.41421,4.993700027
8.47809,47.41421,6.096199989
8.47899,47.41421,6.959300041
8.47989,47.41421,6.928899765
8.48079,47.41421,6.326499939
8.48168,47.41421,5.443699837
8.48258,47.41421,4.796800137
8.48348,47.41421,3.834000111
8.48438,47.41421,3.33739996
8.48528,47.41421,2.52609992
8.48618,47.41421,1.943199992
8.48707,47.41421,1.249899983
8.48797,47.41421,0.736500025
8.48887,47.41421,0.301600009
8.48977,47.41421,0.092
8.49067,47.41421,0
8.49157,47.41421,0
8.49246,47.41421,0
8.49336,47.41421,0
8.49426,47.41421,0
8.49516,47.41421,0
8.49606,47.41421,0
8.49696,47.41421,0
8.49785,47.41421,0
8.49875,47.41421,0
8.49965,47.41421,0
8.50055,47.41421,0
8.50145,47.41421,0
8.50235,47.41421,0
8.50324,47.41421,0
8.50414,47.41421,0.031399999
8.50504,47.41421,0.301600009
8.50594,47.41421,0.783100009
8.50684,47.41421,1.45539999
8.50774,47.41421,2.121400118
8.50863,47.41421,2.492799997
8.50953,47.41421,2.588200092
8.51043,47.41421,2.699399948
8.51133,47.41421,2.953399897
8.51223,47.41421,4.107900143
8.51313,47.41421,5.434999943
8.51402,47.41421,6.630400181
8.51492,47.41421,7.470399857
8.51582,47.41421,7.586999893
8.51672,47.41421,6.368199825
8.51762,47.41421,4.929399967
8.51852,47.41421,3.331799984
8.51941,47.41421,2.205300093
8.52031,47.41421,1.517199993
8.52121,47.41421,1.423599958
8.52211,47.41421,2.038800001
8.52301,47.41421,2.875299931
8.52391,47.41421,3.693700075
8.5248,47.41421,4.491000175
8.5257,47.41421,5.10340023
8.5266,47.41421,5.201900005
8.5275,47.41421,5.163700104
8.5284,47.41421,4.866700172
8.5293,47.41421,4.549699783
8.53019,47.41421,4.290100098
8.53109,47.41421,4.46239996
8.53199,47.41421,4.58739996
8.53289,47.41421,4.79460001
8.53379,47.41421,4.280200005
8.53469,47.41421,3.675800085
8.53558,47.41421,2.857899904
8.53648,47.41421,1.885400057
8.53738,47.41421,1.419100046
8.53828,47.41421,1.611299992
8.53918,47.41421,3.016799927
8.54008,47.41421,4.161600113
8.54097,47.41421,4.812699795
8.54187,47.41421,4.818799973
8.54277,47.41421,4.386799812
8.54367,47.41421,3.279000044
8.54457,47.41421,2.486999989
8.54547,47.41421,2.384599924
8.54636,47.41421,2.671799898
8.54726,47.41421,2.826400042
8.54816,47.41421,2.574500084
8.54906,47.41421,1.961799979
8.54996,47.41421,1.144000053
8.55086,47.41421,0.548300028
8.55175,47.41421,0.210500002
8.55265,47.41421,0.083899997
8.55355,47.41421,0.025900001
8.55445,47.41421,0.362599999
8.55535,47.41421,1.018300056
8.55625,47.41421,2.003700018
8.55714,47.41421,3.087300062
8.55804,47.41421,4.457699776
8.55894,47.41421,5.854499817
8.55984,47.41421,7.160299778
8.56074,47.41421,7.890600204
8.56163,47.41421,8.18089962
8.56253,47.41421,7.77670002
8.56343,47.41421,6.708899975
8.56433,47.41421,5.280499935
8.56523,47.41421,4.123899937
8.56613,47.41421,3.365999937
8.56702,47.41421,3.218300104
8.56792,47.41421,3.363500118
8.56882,47.41421,3.800699949
8.56972,47.41421,4.029900074
8.57062,47.41421,4.008900166
8.57152,47.41421,3.414799929
8.57241,47.41421,2.445499897
8.57331,47.41421,1.494799972
8.57421,47.41421,0.809000015
8.47001,47.4136,0
8.47091,47.4136,0
8.4718,47.4136,0
8.4727,47.4136,0
8.4736,47.4136,0.054000001
8.4745,47.4136,0.438600004
8.4754,47.4136,1.159700036
8.47629,47.4136,2.236000061
8.47719,47.4136,3.161799908
8.47809,47.4136,4.027599812
8.47899,47.4136,4.322400093
8.47989,47.4136,4.213500023
8.48079,47.4136,4.153999805
8.48168,47.4136,3.673599958
8.48258,47.4136,3.684000015
8.48348,47.4136,3.468600035
8.48438,47.4136,3.059400082
8.48528,47.4136,2.703999996
8.48618,47.4136,2.022799969
8.48707,47.4136,1.363600016
8.48797,47.4136,0.918200016
8.48887,47.4136,0.456699997
8.48977,47.4136,0.264400005
8.49067,47.4136,0.118900001
8.49157,47.4136,0
8.49246,47.4136,0
8.49336,47.4136,0
8.49426,47.4136,0
8.49516,47.4136,0
8.49606,47.4136,0
8.49696,47.4136,0
8.49785,47.4136,0
8.49875,47.4136,0
8.49965,47.4136,0
8.50055,47.4136,0
8.50145,47.4136,0
8.50235,47.4136,0
8.50324,47.4136,0
8.50414,47.4136,0.062899999
8.50504,47.4136,0.293900013
8.50594,47.4136,0.608299971
8.50684,47.4136,1.042400002
8.50774,47.4136,1.628499985
8.50863,47.4136,1.909500003
8.50953,47.4136,1.980599999
8.51043,47.4136,2.221400023
8.51133,47.4136,2.808599949
8.51223,47.4136,3.927299976
8.51313,47.4136,5.430699825
8.51402,47.4136,6.789000034
8.51492,47.4136,7.671000004
8.51582,47.4136,7.586200237
8.51672,47.4136,6.646900177
8.51762,47.4136,4.992400169
8.51852,47.4136,3.218899965
8.51941,47.4136,1.935400009
8.52031,47.4136,1.085100055
8.52121,47.4136,0.972800016
8.52211,47.4136,1.506600022
8.52301,47.4136,2.380000114
8.52391,47.4136,3.245199919
8.5248,47.4136,4.100800037
8.5257,47.4136,4.631400108
8.5266,47.4136,4.781000137
8.5275,47.4136,4.686800003
8.5284,47.4136,4.307099819
8.5293,47.4136,4.156300068
8.53019,47.4136,3.948499918
8.53109,47.4136,4.500500202
8.53199,47.4136,5.057700157
8.53289,47.4136,5.600399971
8.53379,47.4136,5.781300068
8.53469,47.4136,5.285600185
8.53558,47.4136,4.240600109
8.53648,47.4136,3.016299963
8.53738,47.4136,1.926100016
8.53828,47.4136,1.746399999
8.53918,47.4136,2.412100077
8.54008,47.4136,2.931900024
8.54097,47.4136,3.328900099
8.54187,47.4136,3.035399914
8.54277,47.4136,2.679100037
8.54367,47.4136,1.909399986
8.54457,47.4136,1.603700042
8.54547,47.4136,1.773399949
8.54636,47.4136,2.302900076
8.54726,47.4136,2.54460001
8.54816,47.4136,2.351799965
8.54906,47.4136,1.838999987
8.54996,47.4136,1.236099958
8.55086,47.4136,0.610000014
8.55175,47.4136,0.293799996
8.55265,47.4136,0.183799997
8.55355,47.4136,0.397500008
8.55445,47.4136,0.625800014
8.55535,47.4136,0.812300026
8.55625,47.4136,1.561200023
8.55714,47.4136,2.250400066
8.55804,47.4136,3.556699991
8.55894,47.4136,5.11070013
8.55984,47.4136,6.73570013
8.56074,47.4136,8.087400436
8.56163,47.4136,8.88010025
8.56253,47.4136,8.821499825
8.56343,47.4136,8.154000282
8.56433,47.4136,6.454500198
8.56523,47.4136,5.149499893
8.56613,47.4136,4.258999825
8.56702,47.4136,3.730400085
8.56792,47.4136,3.510900021
8.56882,47.4136,3.376199961
8.56972,47.4136,3.023600101
8.57062,47.4136,2.631299973
8.57152,47.4136,1.900599957
8.57241,47.4136,1.217900038
8.57331,47.4136,0.618399978
8.57421,47.4136,0.325100005
8.4718,47.41299,0
8.4727,47.41299,0
8.4736,47.41299,0.018300001
8.4745,47.41299,0.281100005
8.47809,47.41299,2.073999882
8.47899,47.41299,2.154900074
8.47989,47.41299,2.257100105
8.48079,47.41299,2.324199915
8.48168,47.41299,2.608099937
8.48258,47.41299,2.77489996
8.48348,47.41299,3.094399929
8.48438,47.41299,3.002300024
8.48528,47.41299,2.657999992
8.48618,47.41299,2.198600054
8.48707,47.41299,1.709499955
8.48797,47.41299,1.133299947
8.48887,47.41299,0.771099985
8.48977,47.41299,0.478899986
8.49067,47.41299,0.210199997
8.49157,47.41299,0.045699999
8.49246,47.41299,0
8.49336,47.41299,0
8.49426,47.41299,0
8.49516,47.41299,0
8.49606,47.41299,0
8.49696,47.41299,0
8.49785,47.41299,0
8.49875,47.41299,0
8.49965,47.41299,0
8.50055,47.41299,0
8.50145,47.41299,0
8.50235,47.41299,0
8.50324,47.41299,0
8.50414,47.41299,0
8.50504,47.41299,0.178800002
8.50594,47.41299,0.424600005
8.50684,47.41299,0.771200001
8.50774,47.41299,1.171200037
8.50863,47.41299,1.389400005
8.50953,47.41299,1.475800037
8.51043,47.41299,1.708699942
8.51133,47.41299,2.247999907
8.51223,47.41299,3.305299997
8.51313,47.41299,4.691899776
8.51402,47.41299,5.991300106
8.51492,47.41299,6.86590004
8.51582,47.41299,6.83769989
8.51672,47.41299,5.851900101
8.51762,47.41299,4.488200188
8.51852,47.41299,2.948899984
8.51941,47.41299,1.547199965
8.52031,47.41299,0.680000007
8.52121,47.41299,0.560100019
8.52211,47.41299,0.891700029
8.52301,47.41299,1.664100051
8.52391,47.41299,2.6401999
8.5248,47.41299,3.457700014
8.5257,47.41299,4.081600189
8.5266,47.41299,4.237800121
8.5275,47.41299,4.030900002
8.5284,47.41299,3.747100115
8.5293,47.41299,3.690099955
8.53019,47.41299,3.851200104
8.53109,47.41299,4.562799931
8.53199,47.41299,5.437300205
8.53289,47.41299,6.512700081
8.53379,47.41299,7.145400047
8.53469,47.41299,6.743000031
8.53558,47.41299,6.010799885
8.53648,47.41299,4.375400066
8.53738,47.41299,3.096100092
8.53828,47.41299,2.366400003
8.53918,47.41299,2.243900061
8.54008,47.41299,2.381099939
8.54097,47.41299,2.47939992
8.54187,47.41299,2.239300013
8.54277,47.41299,1.70480001
8.54367,47.41299,1.332800031
8.54457,47.41299,1.295799971
8.54547,47.41299,1.66170001
8.54636,47.41299,2.254800081
8.54726,47.41299,2.621999979
8.54816,47.41299,2.59800005
8.54906,47.41299,1.951500058
8.54996,47.41299,1.365300059
8.55086,47.41299,0.776899993
8.55175,47.41299,0.648000002
8.55265,47.41299,0.891700029
8.55355,47.41299,1.037099957
8.55445,47.41299,1.245900035
8.55535,47.41299,1.248399973
8.55625,47.41299,1.197100043
8.55714,47.41299,1.328600049
8.55804,47.41299,2.235399961
8.55894,47.41299,3.849600077
8.55984,47.41299,5.685200214
8.56074,47.41299,7.495299816
8.56163,47.41299,8.848099709
8.56253,47.41299,9.037099838
8.56343,47.41299,8.116499901
8.56433,47.41299,6.861999989
8.56523,47.41299,5.539899826
8.56613,47.41299,4.65199995
8.56702,47.41299,4.16050005
8.56792,47.41299,3.806499958
8.56882,47.41299,3.639699936
8.56972,47.41299,3.01970005
8.57062,47.41299,2.30250001
8.57152,47.41299,1.502599955
8.57241,47.41299,0.811699986
8.57331,47.41299,0.407299995
8.4718,47.41239,0
8.4727,47.41239,0
8.4736,47.41239,0
8.47809,47.41239,0.825999975
8.47899,47.41239,0.98210001
8.47989,47.41239,1.022600055
8.48079,47.41239,1.25999999
8.48168,47.41239,1.959499955
8.48258,47.41239,2.701699972
8.48348,47.41239,3.164099932
8.48438,47.41239,3.291300058
8.48528,47.41239,2.99090004
8.48618,47.41239,2.458899975
8.48707,47.41239,2.017699957
8.48797,47.41239,1.458600044
8.48887,47.41239,1.036599994
8.48977,47.41239,0.679799974
8.49067,47.41239,0.437700003
8.49157,47.41239,0.168799996
8.49246,47.41239,0.031399999
8.49336,47.41239,0.0126
8.49426,47.41239,0
8.49516,47.41239,0
8.49606,47.41239,0
8.49696,47.41239,0
8.49785,47.41239,0
8.49875,47.41239,0
8.49965,47.41239,0
8.50055,47.41239,0
8.50145,47.41239,0
8.50235,47.41239,0
8.50324,47.41239,0
8.50414,47.41239,0
8.50504,47.41239,0.091399997
8.50594,47.41239,0.234899998
8.50684,47.41239,0.385899991
8.50774,47.41239,0.691200018
8.50863,47.41239,0.851000011
8.50953,47.41239,0.887499988
8.51043,47.41239,1.003999949
8.51133,47.41239,1.362499952
8.51223,47.41239,2.151200056
8.51313,47.41239,3.146800041
8.51402,47.41239,4.230800152
8.51492,47.41239,5.072299957
8.51582,47.41239,5.06619978
8.51672,47.41239,4.446800232
8.51762,47.41239,3.38409996
8.51852,47.41239,2.080300093
8.51941,47.41239,1.084200025
8.52031,47.41239,0.409999996
8.52121,47.41239,0.156000003
8.52211,47.41239,0.536000013
8.52301,47.41239,1.152400017
8.52391,47.41239,1.960399985
8.5248,47.41239,2.797100067
8.5257,47.41239,3.451999903
8.5266,47.41239,3.696000099
8.5275,47.41239,3.681799889
8.5284,47.41239,3.491600037
8.5293,47.41239,3.403199911
8.53019,47.41239,3.63319993
8.53109,47.41239,4.338500023
8.53199,47.41239,5.71420002
8.53289,47.41239,6.998799801
8.53379,47.41239,7.9302001
8.53469,47.41239,8.077799797
8.53558,47.41239,7.376599789
8.53648,47.41239,6.040100098
8.53738,47.41239,4.624400139
8.53828,47.41239,3.169100046
8.53918,47.41239,2.648499966
8.54008,47.41239,2.52760005
8.54097,47.41239,2.103800058
8.54187,47.41239,1.940500021
8.54277,47.41239,1.488299966
8.54367,47.41239,1.271999955
8.54457,47.41239,1.446699977
8.54547,47.41239,1.917700052
8.54636,47.41239,2.596999884
8.54726,47.41239,2.961600065
8.54816,47.41239,2.902699947
8.54906,47.41239,2.37770009
8.54996,47.41239,1.716300011
8.55086,47.41239,1.083899975
8.55175,47.41239,1.37440002
8.55265,47.41239,1.644899964
8.55355,47.41239,1.983999968
8.55445,47.41239,2.206799984
8.55535,47.41239,1.991000056
8.55625,47.41239,1.630100012
8.55714,47.41239,1.39989996
8.55804,47.41239,1.938799977
8.55894,47.41239,3.387599945
8.55984,47.41239,5.411900043
8.56074,47.41239,7.443500042
8.56163,47.41239,8.413999558
8.56253,47.41239,8.477800369
8.56343,47.41239,7.564700127
8.56433,47.41239,6.418799877
8.56523,47.41239,5.425000191
8.56613,47.41239,4.902800083
8.56702,47.41239,4.738500118
8.56792,47.41239,4.631800175
8.56882,47.41239,4.445099831
8.56972,47.41239,4.000800133
8.57062,47.41239,3.133399963
8.57152,47.41239,2.183900118
8.57241,47.41239,1.371899962
8.57331,47.41239,0.963
8.57421,47.41239,0.843299985
8.57511,47.41239,1.071499944
8.4736,47.41178,0
8.47719,47.41178,0.150800005
8.47809,47.41178,0.165700004
8.47899,47.41178,0.231800005
8.47989,47.41178,0.504800022
8.48079,47.41178,1.138599992
8.48168,47.41178,1.896600008
8.48258,47.41178,2.784800053
8.48348,47.41178,3.382600069
8.48438,47.41178,3.526400089
8.48528,47.41178,3.469899893
8.48618,47.41178,2.849400043
8.48707,47.41178,2.262500048
8.48797,47.41178,1.707000017
8.48887,47.41178,1.24909997
8.48977,47.41178,0.914200008
8.49067,47.41178,0.64139998
8.49157,47.41178,0.4102
8.49246,47.41178,0.256500006
8.49336,47.41178,0.112099998
8.49426,47.41178,0.109999999
8.49516,47.41178,0.018300001
8.49606,47.41178,0.0063
8.49696,47.41178,0
8.49785,47.41178,0
8.49875,47.41178,0
8.49965,47.41178,0
8.50055,47.41178,0
8.50145,47.41178,0
8.50235,47.41178,0
8.50324,47.41178,0
8.50414,47.41178,0
8.50504,47.41178,0
8.50594,47.41178,0.091399997
8.50684,47.41178,0.151299998
8.50774,47.41178,0.282000005
8.50863,47.41178,0.3671
8.50953,47.41178,0.422699988
8.51043,47.41178,0.394199997
8.51133,47.41178,0.589299977
8.51223,47.41178,1.05250001
8.51313,47.41178,1.673200011
8.51402,47.41178,2.336299896
8.51492,47.41178,2.960500002
8.51582,47.41178,3.012599945
8.51672,47.41178,2.68930006
8.51762,47.41178,2.061399937
8.51852,47.41178,1.269799948
8.51941,47.41178,0.603299975
8.52031,47.41178,0.259600013
8.52121,47.41178,0.113799997
8.52211,47.41178,0.358099997
8.52301,47.41178,0.894400001
8.52391,47.41178,1.620700002
8.5248,47.41178,2.415199995
8.5257,47.41178,3.023600101
8.5266,47.41178,3.460200071
8.5275,47.41178,3.260200024
8.5284,47.41178,3.195600033
8.5293,47.41178,3.111000061
8.53019,47.41178,3.380000114
8.53109,47.41178,4.274199963
8.53199,47.41178,5.464799881
8.53289,47.41178,7.066100121
8.53379,47.41178,8.07159996
8.53469,47.41178,8.381099701
8.53558,47.41178,8.075400352
8.53648,47.41178,7.072700024
8.53738,47.41178,5.556000233
8.53828,47.41178,4.470200062
8.53918,47.41178,3.387500048
8.54008,47.41178,2.871799946
8.54097,47.41178,2.574899912
8.54187,47.41178,2.105099916
8.54277,47.41178,1.75090003
8.54367,47.41178,1.637899995
8.54457,47.41178,1.772199988
8.54547,47.41178,2.257999897
8.54636,47.41178,2.837199926
8.54726,47.41178,3.226200104
8.54816,47.41178,3.317800045
8.54906,47.41178,2.913899899
8.54996,47.41178,2.273200035
8.55086,47.41178,1.947999954
8.55175,47.41178,2.377599955
8.55265,47.41178,2.863699913
8.55355,47.41178,3.420799971
8.55445,47.41178,3.499799967
8.55535,47.41178,3.27489996
8.55625,47.41178,2.823600054
8.55714,47.41178,2.206599951
8.55804,47.41178,2.702300072
8.55894,47.41178,4.108699799
8.55984,47.41178,5.667200089
8.56074,47.41178,7.351299763
8.56163,47.41178,8.020999908
8.56253,47.41178,7.582799912
8.56343,47.41178,6.690199852
8.56433,47.41178,5.345399857
8.56523,47.41178,4.646999836
8.56613,47.41178,4.695899963
8.56702,47.41178,4.91960001
8.56792,47.41178,5.36619997
8.56882,47.41178,5.421800137
8.56972,47.41178,4.984899998
8.57062,47.41178,4.199299812
8.57152,47.41178,3.124300003
8.57241,47.41178,2.079799891
8.57331,47.41178,1.635200024
8.57421,47.41178,1.675099969
8.57511,47.41178,2.000799894
8.57601,47.41178,2.6322999
8.57691,47.41178,2.910599947
8.5778,47.41178,3.20449996
8.47629,47.41117,0
8.47719,47.41117,0.0274
8.47809,47.41117,0.075800002
8.47899,47.41117,0.188299999
8.47989,47.41117,0.469700009
8.48079,47.41117,1.031000018
8.48168,47.41117,2.039499998
8.48258,47.41117,2.882100105
8.48348,47.41117,3.662899971
8.48438,47.41117,3.914400101
8.48528,47.41117,3.680799961
8.48618,47.41117,3.088900089
8.48707,47.41117,2.257800102
8.48797,47.41117,1.604799986
8.48887,47.41117,1.341500044
8.48977,47.41117,1.171200037
8.49067,47.41117,0.982200027
8.49157,47.41117,0.742699981
8.49246,47.41117,0.601700008
8.49336,47.41117,0.449200004
8.49426,47.41117,0.282299995
8.49516,47.41117,0.188500002
8.49606,47.41117,0.1197
8.49696,47.41117,0.032200001
8.49785,47.41117,0.0091
8.49875,47.41117,0
8.49965,47.41117,0
8.50055,47.41117,0
8.50145,47.41117,0
8.50235,47.41117,0
8.50324,47.41117,0
8.50414,47.41117,0
8.50504,47.41117,0
8.50594,47.41117,0
8.50684,47.41117,0
8.50774,47.41117,0.062899999
8.50863,47.41117,0.049199998
8.50953,47.41117,0.078400001
8.51043,47.41117,0.116899997
8.51133,47.41117,0.0898
8.51223,47.41117,0.190400004
8.51313,47.41117,0.566699982
8.51402,47.41117,0.830900013
8.51492,47.41117,1.075299978
8.51582,47.41117,1.289399982
8.51672,47.41117,1.194599986
8.51762,47.41117,0.790099978
8.51852,47.41117,0.488900006
8.51941,47.41117,0.210299999
8.52031,47.41117,0.018300001
8.52121,47.41117,0.095399998
8.52211,47.41117,0.293199986
8.52301,47.41117,0.681900024
8.52391,47.41117,1.294499993
8.5248,47.41117,2.215600014
8.5257,47.41117,2.872800112
8.5266,47.41117,3.176700115
8.5275,47.41117,3.032900095
8.5284,47.41117,2.99090004
8.5293,47.41117,2.82220006
8.53019,47.41117,3.210200071
8.53109,47.41117,4.065999985
8.53199,47.41117,5.173500061
8.53289,47.41117,6.837100029
8.53379,47.41117,7.539000034
8.53469,47.41117,8.113200188
8.53558,47.41117,7.78219986
8.53648,47.41117,6.944600105
8.53738,47.41117,5.870100021
8.53828,47.41117,4.897799969
8.53918,47.41117,3.956500053
8.54008,47.41117,3.380300045
8.54097,47.41117,2.828500032
8.54187,47.41117,2.538300037
8.54277,47.41117,2.28640008
8.54367,47.41117,2.126499891
8.54457,47.41117,2.1243999
8.54547,47.41117,2.453500032
8.54636,47.41117,2.966200113
8.54726,47.41117,3.531399965
8.54816,47.41117,3.634000063
8.54906,47.41117,3.479799986
8.54996,47.41117,3.114000082
8.55086,47.41117,3.059099913
8.55175,47.41117,3.37770009
8.55265,47.41117,4.083899975
8.55355,47.41117,4.727600098
8.55445,47.41117,4.831500053
8.55535,47.41117,4.413199902
8.55625,47.41117,3.881700039
8.55714,47.41117,3.610500097
8.55804,47.41117,3.896699905
8.55894,47.41117,5.058199883
8.55984,47.41117,6.468699932
8.56074,47.41117,7.529399872
8.56163,47.41117,7.458799839
8.56253,47.41117,6.645299912
8.56343,47.41117,5.293000221
8.56433,47.41117,4.27699995
8.56523,47.41117,4.065100193
8.56613,47.41117,4.455500126
8.56702,47.41117,5.146999836
8.56792,47.41117,5.725699902
8.56882,47.41117,6.049499989
8.56972,47.41117,5.607299805
8.57062,47.41117,4.814499855
8.57152,47.41117,3.792599916
8.57241,47.41117,2.735800028
8.57331,47.41117,2.229599953
8.57421,47.41117,2.485199928
8.57511,47.41117,3.118599892
8.57601,47.41117,3.981699944
8.57691,47.41117,4.73759985
8.5778,47.41117,5.222000122
8.5787,47.41117,5.37650013
8.5796,47.41117,5.395800114
8.5805,47.41117,5.044300079
8.47719,47.41056,0.058200002
8.47809,47.41056,0.1087
8.47899,47.41056,0.280099988
8.47989,47.41056,0.595899999
8.48079,47.41056,1.1523
8.48168,47.41056,1.959100008
8.48258,47.41056,2.854500055
8.48348,47.41056,3.586699963
8.48438,47.41056,3.932800055
8.48528,47.41056,3.61590004
8.48618,47.41056,3.020400047
8.48707,47.41056,2.242300034
8.48797,47.41056,1.628900051
8.48887,47.41056,1.419199944
8.48977,47.41056,1.385400057
8.49067,47.41056,1.362300038
8.49157,47.41056,1.345999956
8.49246,47.41056,1.163699985
8.49336,47.41056,0.951300025
8.49426,47.41056,0.693199992
8.49516,47.41056,0.656499982
8.49606,47.41056,0.350499988
8.49696,47.41056,0.225799993
8.49785,47.41056,0.134200007
8.49875,47.41056,0.080600001
8.49965,47.41056,0
8.50055,47.41056,0
8.50145,47.41056,0
8.50235,47.41056,0
8.50324,47.41056,0
8.50414,47.41056,0
8.50504,47.41056,0
8.50594,47.41056,0
8.50684,47.41056,0
8.50774,47.41056,0
8.50863,47.41056,0
8.50953,47.41056,0
8.51043,47.41056,0.0251
8.51133,47.41056,0
8.51223,47.41056,0
8.51313,47.41056,0.0251
8.51402,47.41056,0.0691
8.51492,47.41056,0.169699997
8.51582,47.41056,0.1131
8.51672,47.41056,0.125699997
8.51762,47.41056,0.144600004
8.51852,47.41056,0
8.51941,47.41056,0
8.52031,47.41056,0
8.52121,47.41056,0.0429
8.52211,47.41056,0.210600004
8.52301,47.41056,0.524800003
8.52391,47.41056,1.191100001
8.5248,47.41056,2.029500008
8.5257,47.41056,2.7579
8.5266,47.41056,3.091700077
8.5275,47.41056,3.006099939
8.5284,47.41056,2.808700085
8.5293,47.41056,2.671200037
8.53019,47.41056,3.093300104
8.53109,47.41056,4.10379982
8.53199,47.41056,5.315499783
8.53289,47.41056,6.591300011
8.53379,47.41056,7.186999798
8.53469,47.41056,7.267000198
8.53558,47.41056,6.717700005
8.53648,47.41056,6.167300224
8.53738,47.41056,5.458899975
8.53828,47.41056,4.705800056
8.53918,47.41056,4.038300037
8.54008,47.41056,3.608099937
8.54097,47.41056,3.112200022
8.54187,47.41056,2.88470006
8.54277,47.41056,2.631599903
8.54367,47.41056,2.405499935
8.54457,47.41056,2.384799957
8.54547,47.41056,2.532200098
8.54636,47.41056,2.852299929
8.54726,47.41056,3.557199955
8.54816,47.41056,3.791100025
8.54906,47.41056,3.99819994
8.54996,47.41056,3.756700039
8.55086,47.41056,3.946399927
8.55175,47.41056,4.383299828
8.55265,47.41056,4.863800049
8.55355,47.41056,5.407299995
8.55445,47.41056,5.546899796
8.55535,47.41056,5.206200123
8.55625,47.41056,4.813899994
8.55714,47.41056,4.577600002
8.55804,47.41056,4.817399979
8.55894,47.41056,6.106900215
8.55984,47.41056,7.181499958
8.56074,47.41056,8.011899948
8.56163,47.41056,7.39260006
8.56253,47.41056,6.270899773
8.56343,47.41056,4.721700192
8.56433,47.41056,3.748800039
8.56523,47.41056,3.870699883
8.56613,47.41056,4.263599873
8.56702,47.41056,4.922299862
8.56792,47.41056,5.654399872
8.56882,47.41056,5.940899849
8.56972,47.41056,5.766499996
8.57062,47.41056,4.938099861
8.57152,47.41056,4.032299995
8.57241,47.41056,2.938600063
8.57331,47.41056,2.602699995
8.57421,47.41056,2.865200043
8.57511,47.41056,3.792099953
8.57601,47.41056,4.996099949
8.57691,47.41056,6.142700195
8.5778,47.41056,6.967299938
8.5787,47.41056,7.530499935
8.5796,47.41056,7.50549984
8.5805,47.41056,7.379199982
8.5814,47.41056,6.851200104
8.5823,47.41056,6.027699947
8.58319,47.41056,5.404600143
8.47809,47.40995,0.143399999
8.47899,47.40995,0.319299996
8.47989,47.40995,0.633400023
8.48079,47.40995,1.153699994
8.48168,47.40995,1.815500021
8.48258,47.40995,2.782000065
8.48348,47.40995,3.432199955
8.48438,47.40995,3.723200083
8.48528,47.40995,3.549400091
8.48618,47.40995,2.83220005
8.48707,47.40995,2.064699888
8.48797,47.40995,1.76639998
8.48887,47.40995,1.665799975
8.48977,47.40995,1.786499977
8.49067,47.40995,1.965000033
8.49157,47.40995,1.97179997
8.49246,47.40995,1.82249999
8.49336,47.40995,1.725399971
8.49426,47.40995,1.50759995
8.49516,47.40995,1.285699964
8.49606,47.40995,1.083500028
8.49696,47.40995,0.832700014
8.49785,47.40995,0.48089999
8.49875,47.40995,0.350400001
8.49965,47.40995,0.260600001
8.50055,47.40995,0.064000003
8.50145,47.40995,0
8.50235,47.40995,0
8.50324,47.40995,0
8.50414,47.40995,0
8.50504,47.40995,0
8.50594,47.40995,0
8.50684,47.40995,0
8.50774,47.40995,0
8.50863,47.40995,0
8.50953,47.40995,0
8.51043,47.40995,0
8.51133,47.40995,0
8.51223,47.40995,0
8.51313,47.40995,0
8.51402,47.40995,0
8.51492,47.40995,0
8.51582,47.40995,0
8.51672,47.40995,0
8.51762,47.40995,0
8.51852,47.40995,0
8.51941,47.40995,0
8.52031,47.40995,0
8.52121,47.40995,0
8.52211,47.40995,0.077299997
8.52301,47.40995,0.358799994
8.52391,47.40995,0.999599993
8.5248,47.40995,1.755499959
8.5257,47.40995,2.461600065
8.5266,47.40995,2.871799946
8.5275,47.40995,2.72300005
8.5284,47.40995,2.529500008
8.5293,47.40995,2.422100067
8.53019,47.40995,3.072299957
8.53109,47.40995,4.456099987
8.53199,47.40995,5.67869997
8.53289,47.40995,6.860300064
8.53379,47.40995,7.210299969
8.53469,47.40995,6.568600178
8.53558,47.40995,5.886700153
8.53648,47.40995,5.259200096
8.53738,47.40995,4.599199772
8.53828,47.40995,4.093100071
8.53918,47.40995,3.599900007
8.54008,47.40995,3.377599955
8.54097,47.40995,3.187099934
8.54187,47.40995,3.003200054
8.54277,47.40995,2.643899918
8.54367,47.40995,2.445300102
8.54457,47.40995,2.280200005
8.54547,47.40995,2.222599983
8.54636,47.40995,2.674999952
8.54726,47.40995,3.283799887
8.54816,47.40995,3.834199905
8.54906,47.40995,4.259200096
8.54996,47.40995,4.470799923
8.55086,47.40995,4.600800037
8.55175,47.40995,4.961999893
8.55265,47.40995,5.231400013
8.55355,47.40995,5.48759985
8.55445,47.40995,5.427299976
8.55535,47.40995,5.261400223
8.55625,47.40995,5.030799866
8.55714,47.40995,4.820000172
8.55804,47.40995,5.579599857
8.55894,47.40995,6.912199974
8.55984,47.40995,7.820899963
8.56074,47.40995,8.239299774
8.56163,47.40995,7.464700222
8.56253,47.40995,5.883900166
8.56343,47.40995,4.720799923
8.56433,47.40995,3.826200008
8.56523,47.40995,3.933500052
8.56613,47.40995,4.461400032
8.56702,47.40995,4.985599995
8.56792,47.40995,5.223499775
8.56882,47.40995,5.578299999
8.56972,47.40995,5.466100216
8.57062,47.40995,5.011799812
8.57152,47.40995,4.065400124
8.57241,47.40995,3.104199886
8.57331,47.40995,2.773600101
8.57421,47.40995,3.014199972
8.57511,47.40995,3.991600037
8.57601,47.40995,5.500999928
8.57691,47.40995,6.840799809
8.5778,47.40995,7.848800182
8.5787,47.40995,8.61590004
8.5796,47.40995,8.861100197
8.5805,47.40995,8.959600449
8.5814,47.40995,8.729100227
8.5823,47.40995,8.028699875
8.58319,47.40995,7.383299828
8.58409,47.40995,6.454299927
8.58499,47.40995,6.038599968
8.58589,47.40995,5.21780014
8.47809,47.40935,0.248999998
8.47899,47.40935,0.501900017
8.47989,47.40935,0.845700026
8.48079,47.40935,1.409700036
8.48168,47.40935,2.000799894
8.48258,47.40935,2.589799881
8.48348,47.40935,3.165400028
8.48438,47.40935,3.559000015
8.48528,47.40935,3.403100014
8.48618,47.40935,3.136199951
8.48707,47.40935,2.659800053
8.48797,47.40935,2.378999949
8.48887,47.40935,2.408499956
8.48977,47.40935,2.383100033
8.49067,47.40935,2.563899994
8.49157,47.40935,2.598099947
8.49246,47.40935,2.677999973
8.49336,47.40935,2.525700092
8.49426,47.40935,2.371200085
8.49516,47.40935,2.216500044
8.49606,47.40935,1.951099992
8.49696,47.40935,1.614899993
8.49785,47.40935,1.349400043
8.49875,47.40935,0.987100005
8.49965,47.40935,0.696099997
8.50055,47.40935,0.442099988
8.50145,47.40935,0.226300001
8.50235,47.40935,0
8.50324,47.40935,0
8.50414,47.40935,0
8.50504,47.40935,0
8.50594,47.40935,0
8.50684,47.40935,0
8.50774,47.40935,0
8.50863,47.40935,0
8.50953,47.40935,0
8.51043,47.40935,0
8.51133,47.40935,0
8.51223,47.40935,0
8.51313,47.40935,0
8.51402,47.40935,0
8.51492,47.40935,0
8.51582,47.40935,0
8.51672,47.40935,0
8.51762,47.40935,0
8.51852,47.40935,0
8.51941,47.40935,0
8.52031,47.40935,0
8.52121,47.40935,0
8.52211,47.40935,0.0091
8.52301,47.40935,0.230800003
8.52391,47.40935,0.752399981
8.5248,47.40935,1.425999999
8.5257,47.40935,2.04369998
8.5266,47.40935,2.353499889
8.5275,47.40935,2.348099947
8.5284,47.40935,2.096600056
8.5293,47.40935,2.218699932
8.53019,47.40935,3.261699915
8.53109,47.40935,4.742800236
8.53199,47.40935,6.354199886
8.53289,47.40935,7.561200142
8.53379,47.40935,7.500899792
8.53469,47.40935,6.924499989
8.53558,47.40935,5.815100193
8.53648,47.40935,4.500400066
8.53738,47.40935,4.058700085
8.53828,47.40935,3.59739995
8.53918,47.40935,3.217999935
8.54008,47.40935,3.153399944
8.54097,47.40935,3.058000088
8.54187,47.40935,2.827399969
8.54277,47.40935,2.537800074
8.54367,47.40935,2.234999895
8.54457,47.40935,1.95539999
8.54547,47.40935,1.85619998
8.54636,47.40935,2.155499935
8.54726,47.40935,2.771800041
8.54816,47.40935,3.477499962
8.54906,47.40935,4.21570015
8.54996,47.40935,4.622700214
8.55086,47.40935,4.831500053
8.55175,47.40935,4.978700161
8.55265,47.40935,4.969500065
8.55355,47.40935,4.993500233
8.55445,47.40935,4.837600231
8.55535,47.40935,4.636400223
8.55625,47.40935,4.489500046
8.55714,47.40935,4.684899807
8.55804,47.40935,5.859499931
8.55894,47.40935,7.148799896
8.55984,47.40935,8.308699608
8.56074,47.40935,8.689299583
8.56163,47.40935,7.761000156
8.56253,47.40935,6.44810009
8.56343,47.40935,5.183400154
8.56433,47.40935,4.176599979
8.56523,47.40935,4.303199768
8.56613,47.40935,4.666800022
8.56702,47.40935,5.066500187
8.56792,47.40935,5.176599979
8.56882,47.40935,5.334700108
8.56972,47.40935,5.342599869
8.57062,47.40935,4.984899998
8.57152,47.40935,4.062200069
8.57241,47.40935,3.311199903
8.57331,47.40935,2.882200003
8.57421,47.40935,3.280999899
8.57511,47.40935,4.0145998
8.57601,47.40935,5.229899883
8.57691,47.40935,6.691699982
8.5778,47.40935,7.824500084
8.5787,47.40935,8.554300308
8.5796,47.40935,8.881699562
8.5805,47.40935,9.331299782
8.5814,47.40935,9.356200218
8.5823,47.40935,9.043600082
8.58319,47.40935,8.386500359
8.58409,47.40935,7.94080019
8.58499,47.40935,7.497900009
8.58589,47.40935,6.886700153
8.58679,47.40935,5.849699974
8.58769,47.40935,4.768799782
8.58858,47.40935,3.561800003
8.47809,47.40874,0.356299996
8.47899,47.40874,0.739099979
8.47989,47.40874,1.119400024
8.48079,47.40874,1.558500052
8.48168,47.40874,2.126899958
8.48258,47.40874,2.746700048
8.48348,47.40874,3.138299942
8.48438,47.40874,3.456799984
8.48528,47.40874,3.656500101
8.48618,47.40874,3.585999966
8.48707,47.40874,3.48119998
8.48797,47.40874,3.379300117
8.48887,47.40874,3.316200018
8.48977,47.40874,3.220900059
8.49067,47.40874,3.284499884
8.49157,47.40874,3.12229991
8.49246,47.40874,3.25270009
8.49336,47.40874,3.351300001
8.49426,47.40874,3.287800074
8.49516,47.40874,3.174599886
8.49606,47.40874,3.008899927
8.49696,47.40874,2.688899994
8.49785,47.40874,2.232300043
8.49875,47.40874,1.739099979
8.49965,47.40874,1.394000053
8.50055,47.40874,0.997900009
8.50145,47.40874,0.556299984
8.50235,47.40874,0.248699993
8.50324,47.40874,0.093099996
8.50414,47.40874,0
8.50504,47.40874,0
8.50594,47.40874,0
8.50684,47.40874,0
8.50774,47.40874,0
8.50863,47.40874,0
8.50953,47.40874,0
8.51043,47.40874,0
8.51133,47.40874,0
8.51223,47.40874,0
8.51313,47.40874,0
8.51402,47.40874,0
8.51492,47.40874,0
8.51582,47.40874,0
8.51672,47.40874,0
8.51762,47.40874,0
8.51852,47.40874,0
8.51941,47.40874,0
8.52031,47.40874,0
8.52121,47.40874,0
8.52211,47.40874,0
8.52301,47.40874,0.0469
8.52391,47.40874,0.502699971
8.5248,47.40874,1.013000011
8.5257,47.40874,1.526299953
8.5266,47.40874,1.782600045
8.5275,47.40874,1.695500016
8.5284,47.40874,1.480599999
8.5293,47.40874,1.873299956
8.53019,47.40874,3.001300097
8.53109,47.40874,5.022799969
8.53199,47.40874,6.958899975
8.53289,47.40874,8.09869957
8.53379,47.40874,8.430100441
8.53469,47.40874,7.538300037
8.53558,47.40874,6.22480011
8.53648,47.40874,4.756400108
8.53738,47.40874,4.110300064
8.53828,47.40874,3.531899929
8.53918,47.40874,3.147900105
8.54008,47.40874,2.9447999
8.54097,47.40874,2.663199902
8.54187,47.40874,2.579999924
8.54277,47.40874,2.372499943
8.54367,47.40874,2.049900055
8.54457,47.40874,1.638599992
8.54547,47.40874,1.483700037
8.54636,47.40874,1.769099951
8.54726,47.40874,2.378400087
8.54816,47.40874,3.031100035
8.54906,47.40874,3.953700066
8.54996,47.40874,4.519199848
8.55086,47.40874,4.809000015
8.55175,47.40874,4.813499928
8.55265,47.40874,4.572999954
8.55355,47.40874,4.468200207
8.55445,47.40874,4.220300198
8.55535,47.40874,3.853399992
8.55625,47.40874,4.05340004
8.55714,47.40874,4.521800041
8.55804,47.40874,5.823299885
8.55894,47.40874,7.53399992
8.55984,47.40874,8.666600227
8.56074,47.40874,9.121999741
8.56163,47.40874,8.329500198
8.56253,47.40874,7.038400173
8.56343,47.40874,5.578499794
8.56433,47.40874,4.854499817
8.56523,47.40874,4.986599922
8.56613,47.40874,5.179699898
8.56702,47.40874,5.190400124
8.56792,47.40874,5.157400131
8.56882,47.40874,4.939499855
8.56972,47.40874,5.140500069
8.57062,47.40874,4.931499958
8.57152,47.40874,4.478700161
8.57241,47.40874,3.637000084
8.57331,47.40874,3.149399996
8.57421,47.40874,3.220000029
8.57511,47.40874,3.835900068
8.57601,47.40874,4.960599899
8.57691,47.40874,5.877999783
8.5778,47.40874,6.696100235
8.5787,47.40874,7.47149992
8.5796,47.40874,7.871500015
8.5805,47.40874,8.567500114
8.5814,47.40874,8.957799912
8.5823,47.40874,8.963399887
8.58319,47.40874,8.911600113
8.58409,47.40874,8.72369957
8.58499,47.40874,8.638400078
8.58589,47.40874,8.23789978
8.58679,47.40874,7.438799858
8.58769,47.40874,6.113800049
8.58858,47.40874,4.559500217
8.58948,47.40874,3.007999897
8.59038,47.40874,1.492599964
8.59128,47.40874,0.442900002
8.47809,47.40813,0.430799991
8.47899,47.40813,0.852500021
8.47989,47.40813,1.438699961
8.48079,47.40813,1.960800052
8.48168,47.40813,2.369800091
8.48258,47.40813,2.734600067
8.48348,47.40813,3.161000013
8.48438,47.40813,3.403399944
8.48528,47.40813,3.786600113
8.48618,47.40813,4.206500053
8.48707,47.40813,4.461800098
8.48797,47.40813,4.33589983
8.48887,47.40813,4.14109993
8.48977,47.40813,3.800899982
8.49067,47.40813,3.666100025
8.49157,47.40813,3.569000006
8.49246,47.40813,3.566600084
8.49336,47.40813,3.779999971
8.49426,47.40813,4.105700016
8.49516,47.40813,4.068099976
8.49606,47.40813,3.892199993
8.49696,47.40813,3.535099983
8.49785,47.40813,3.14560008
8.49875,47.40813,2.696000099
8.49965,47.40813,2.144000053
8.50055,47.40813,1.634699941
8.50145,47.40813,1.237200022
8.50235,47.40813,0.708199978
8.50324,47.40813,0.338099986
8.50414,47.40813,0.187199995
8.50504,47.40813,0.119999997
8.50594,47.40813,0.031399999
8.50684,47.40813,0
8.50774,47.40813,0
8.50863,47.40813,0
8.50953,47.40813,0
8.51043,47.40813,0
8.51133,47.40813,0
8.51223,47.40813,0
8.51313,47.40813,0
8.51402,47.40813,0
8.51492,47.40813,0
8.51582,47.40813,0
8.51672,47.40813,0
8.51762,47.40813,0
8.51852,47.40813,0
8.51941,47.40813,0
8.52031,47.40813,0
8.52121,47.40813,0
8.52211,47.40813,0
8.52301,47.40813,0
8.52391,47.40813,0.250699997
8.5248,47.40813,0.60860002
8.5257,47.40813,0.97240001
8.5266,47.40813,1.132099986
8.5275,47.40813,1.070600033
8.5284,47.40813,1.041200042
8.5293,47.40813,1.299100041
8.53019,47.40813,2.64260006
8.53109,47.40813,4.656599998
8.53199,47.40813,6.97879982
8.53289,47.40813,8.474200249
8.53379,47.40813,9.057800293
8.53469,47.40813,8.155099869
8.53558,47.40813,7.135099888
8.53648,47.40813,5.340400219
8.53738,47.40813,4.443200111
8.53828,47.40813,3.667500019
8.53918,47.40813,3.168200016
8.54008,47.40813,2.638499975
8.54097,47.40813,2.467600107
8.54187,47.40813,2.420900106
8.54277,47.40813,2.120699883
8.54367,47.40813,1.975000024
8.54457,47.40813,1.635599971
8.54547,47.40813,1.385900021
8.54636,47.40813,1.588600039
8.54726,47.40813,2.064899921
8.54816,47.40813,2.773000002
8.54906,47.40813,3.556499958
8.54996,47.40813,4.241799831
8.55086,47.40813,4.610499859
8.55175,47.40813,4.676300049
8.55265,47.40813,4.366899967
8.55355,47.40813,4.188399792
8.55445,47.40813,3.954699993
8.55535,47.40813,3.67840004
8.55625,47.40813,3.815299988
8.55714,47.40813,4.354300022
8.55804,47.40813,5.92840004
8.55894,47.40813,7.483799934
8.55984,47.40813,8.943799973
8.56074,47.40813,9.497900009
8.56163,47.40813,8.929400444
8.56253,47.40813,7.692399979
8.56343,47.40813,6.463399887
8.56433,47.40813,5.609700203
8.56523,47.40813,5.404099941
8.56613,47.40813,5.566699982
8.56702,47.40813,5.304800034
8.56792,47.40813,5.079899788
8.56882,47.40813,5.022600174
8.56972,47.40813,5.034800053
8.57062,47.40813,5.006400108
8.57152,47.40813,4.837100029
8.57241,47.40813,4.180900097
8.57331,47.40813,3.655699968
8.57421,47.40813,3.588900089
8.57511,47.40813,3.951499939
8.57601,47.40813,4.456399918
8.57691,47.40813,4.976799965
8.5778,47.40813,5.655700207
8.5787,47.40813,6.338500023
8.5796,47.40813,6.910699844
8.5805,47.40813,7.593699932
8.5814,47.40813,8.254799843
8.5823,47.40813,8.832500458
8.58319,47.40813,9.292599678
8.58409,47.40813,9.320099831
8.58499,47.40813,9.562199593
8.58589,47.40813,9.277999878
8.58679,47.40813,8.441200256
8.58769,47.40813,7.468400002
8.58858,47.40813,5.863100052
8.58948,47.40813,4.097899914
8.59038,47.40813,2.575500011
8.59128,47.40813,1.355000019
8.59218,47.40813,1.144500017
8.59308,47.40813,1.3671
8.59397,47.40813,1.745300055
8.59487,47.40813,1.800600052
8.59577,47.40813,1.516800046
8.47809,47.40752,0.452699989
8.47899,47.40752,0.912699997
8.47989,47.40752,1.549499989
8.48079,47.40752,2.14470005
8.48168,47.40752,2.585200071
8.48258,47.40752,2.865099907
8.48348,47.40752,3.114099979
8.48438,47.40752,3.396199942
8.48528,47.40752,3.960299969
8.48618,47.40752,4.639400005
8.48707,47.40752,4.953499794
8.48797,47.40752,4.947999954
8.48887,47.40752,4.677400112
8.48977,47.40752,4.21420002
8.49067,47.40752,3.844399929
8.49157,47.40752,3.602799892
8.49246,47.40752,3.854500055
8.49336,47.40752,4.332399845
8.49426,47.40752,4.729700089
8.49516,47.40752,4.911600113
8.49606,47.40752,4.805900097
8.49696,47.40752,4.302100182
8.49785,47.40752,3.828000069
8.49875,47.40752,3.184000015
8.49965,47.40752,2.845400095
8.50055,47.40752,2.364300013
8.50145,47.40752,1.886899948
8.50235,47.40752,1.335199952
8.50324,47.40752,1.015100002
8.50414,47.40752,0.606400013
8.50504,47.40752,0.4111
8.50594,47.40752,0.337500006
8.50684,47.40752,0.140300006
8.50774,47.40752,0.045699999
8.50863,47.40752,0
8.50953,47.40752,0
8.51043,47.40752,0
8.51133,47.40752,0
8.51223,47.40752,0
8.51313,47.40752,0
8.51402,47.40752,0
8.51492,47.40752,0
8.51582,47.40752,0
8.51672,47.40752,0
8.51762,47.40752,0
8.51852,47.40752,0
8.51941,47.40752,0
8.52031,47.40752,0
8.52121,47.40752,0
8.52211,47.40752,0
8.52301,47.40752,0
8.52391,47.40752,0.054900002
8.5248,47.40752,0.326200008
8.5257,47.40752,0.498899996
8.5266,47.40752,0.644900024
8.5275,47.40752,0.583100021
8.5284,47.40752,0.433899999
8.5293,47.40752,0.636600018
8.53019,47.40752,2.043299913
8.53109,47.40752,3.994100094
8.53199,47.40752,6.224699974
8.53289,47.40752,7.987699986
8.53379,47.40752,8.706800461
8.53469,47.40752,8.295000076
8.53558,47.40752,7.138800144
8.53648,47.40752,5.713399887
8.53738,47.40752,4.671299934
8.53828,47.40752,3.586100101
8.53918,47.40752,2.863500118
8.54008,47.40752,2.407399893
8.54097,47.40752,2.167900085
8.54187,47.40752,2.157900095
8.54277,47.40752,2.175800085
8.54367,47.40752,2.026400089
8.54457,47.40752,1.887500048
8.54547,47.40752,1.807999969
8.54636,47.40752,1.927999973
8.54726,47.40752,2.392800093
8.54816,47.40752,3.08310008
8.54906,47.40752,3.69720006
8.54996,47.40752,4.200300217
8.55086,47.40752,4.395999908
8.55175,47.40752,4.563399792
8.55265,47.40752,4.387199879
8.55355,47.40752,4.255400181
8.55445,47.40752,3.86619997
8.55535,47.40752,3.742599964
8.55625,47.40752,4.048399925
8.55714,47.40752,4.445600033
8.55804,47.40752,6.049099922
8.55894,47.40752,7.758600235
8.55984,47.40752,9.239700317
8.56074,47.40752,9.662500381
8.56163,47.40752,9.145500183
8.56253,47.40752,7.97660017
8.56343,47.40752,6.892499924
8.56433,47.40752,5.74630022
8.56523,47.40752,5.581600189
8.56613,47.40752,5.412000179
8.56702,47.40752,5.030099869
8.56792,47.40752,4.643000126
8.56882,47.40752,4.501699924
8.56972,47.40752,4.809000015
8.57062,47.40752,4.968299866
8.57152,47.40752,4.921700001
8.57241,47.40752,4.500199795
8.57331,47.40752,3.98210001
8.57421,47.40752,3.891400099
8.57511,47.40752,3.752300024
8.57601,47.40752,4.054900169
8.57691,47.40752,4.488999844
8.5778,47.40752,4.986100197
8.5787,47.40752,5.516600132
8.5796,47.40752,5.986999989
8.5805,47.40752,6.733699799
8.5814,47.40752,7.487299919
8.5823,47.40752,8.357299805
8.58319,47.40752,8.855899811
8.58409,47.40752,9.608699799
8.58499,47.40752,9.883500099
8.58589,47.40752,10.09090042
8.58679,47.40752,9.284000397
8.58769,47.40752,8.422400475
8.58858,47.40752,6.666500092
8.58948,47.40752,5.269899845
8.59038,47.40752,3.518899918
8.59128,47.40752,2.653599977
8.59218,47.40752,2.11680007
8.59308,47.40752,2.146899939
8.59397,47.40752,2.321000099
8.59487,47.40752,2.376199961
8.59577,47.40752,1.98300004
8.59667,47.40752,1.334200025
8.59757,47.40752,0.685000002
8.47809,47.40691,0.341899991
8.47899,47.40691,0.812600017
8.47989,47.40691,1.474099994
8.48079,47.40691,2.083199978
8.48168,47.40691,2.509200096
8.48258,47.40691,2.648600101
8.48348,47.40691,2.758899927
8.48438,47.40691,3.016700029
8.48528,47.40691,3.563199997
8.48618,47.40691,4.377099991
8.48707,47.40691,4.90500021
8.48797,47.40691,5.025000095
8.48887,47.40691,4.767499924
8.48977,47.40691,4.222499847
8.49067,47.40691,3.755399942
8.49157,47.40691,3.715800047
8.49246,47.40691,4.057899952
8.49336,47.40691,4.685299873
8.49426,47.40691,5.169199944
8.49516,47.40691,5.374400139
8.49606,47.40691,5.210400105
8.49696,47.40691,4.812799931
8.49785,47.40691,4.163700104
8.49875,47.40691,3.66170001
8.49965,47.40691,3.189500093
8.50055,47.40691,2.898600101
8.50145,47.40691,2.497100115
8.50235,47.40691,2.099499941
8.50324,47.40691,1.641800046
8.50414,47.40691,1.435700059
8.50504,47.40691,1.09679997
8.50594,47.40691,0.814599991
8.50684,47.40691,0.522199988
8.50774,47.40691,0.299100012
8.50863,47.40691,0.073200002
8.50953,47.40691,0
8.51043,47.40691,0
8.51133,47.40691,0
8.51223,47.40691,0
8.51313,47.40691,0
8.51402,47.40691,0
8.51492,47.40691,0
8.51582,47.40691,0
8.51672,47.40691,0
8.51762,47.40691,0
8.51852,47.40691,0
8.51941,47.40691,0
8.52031,47.40691,0
8.52121,47.40691,0
8.52211,47.40691,0
8.52301,47.40691,0
8.52391,47.40691,0
8.5248,47.40691,0.064000003
8.5257,47.40691,0.1426
8.5266,47.40691,0.294999987
8.5275,47.40691,0.183400005
8.5284,47.40691,0.146300003
8.5293,47.40691,0.285299987
8.53019,47.40691,1.030200005
8.53109,47.40691,2.847199917
8.53199,47.40691,4.567200184
8.53289,47.40691,6.3677001
8.53379,47.40691,7.258200169
8.53469,47.40691,7.256400108
8.53558,47.40691,6.356400013
8.53648,47.40691,5.234000206
8.53738,47.40691,4.00909996
8.53828,47.40691,3.058099985
8.53918,47.40691,2.402100086
8.54008,47.40691,1.92050004
8.54097,47.40691,1.861400008
8.54187,47.40691,2.126300097
8.54277,47.40691,2.162800074
8.54367,47.40691,2.21269989
8.54457,47.40691,2.369899988
8.54547,47.40691,2.332299948
8.54636,47.40691,2.789499998
8.54726,47.40691,3.351599932
8.54816,47.40691,3.795399904
8.54906,47.40691,4.306099892
8.54996,47.40691,4.490799904
8.55086,47.40691,4.663099766
8.55175,47.40691,4.765299797
8.55265,47.40691,4.655900002
8.55355,47.40691,4.575300217
8.55445,47.40691,4.279399872
8.55535,47.40691,4.085800171
8.55625,47.40691,4.247700214
8.55714,47.40691,4.699800015
8.55804,47.40691,6.03429985
8.55894,47.40691,7.5479002
8.55984,47.40691,8.840999603
8.56074,47.40691,9.356699944
8.56163,47.40691,8.6541996
8.56253,47.40691,7.538099766
8.56343,47.40691,6.343400002
8.56433,47.40691,5.366799831
8.56523,47.40691,4.954100132
8.56613,47.40691,4.750699997
8.56702,47.40691,4.484000206
8.56792,47.40691,4.166399956
8.56882,47.40691,4.060200214
8.56972,47.40691,4.545100212
8.57062,47.40691,4.600299835
8.57152,47.40691,4.677000046
8.57241,47.40691,4.263100147
8.57331,47.40691,4.058499813
8.57421,47.40691,3.776200056
8.57511,47.40691,3.581099987
8.57601,47.40691,3.677400112
8.57691,47.40691,4.223100185
8.5778,47.40691,4.795199871
8.5787,47.40691,5.490200043
8.5796,47.40691,5.780799866
8.5805,47.40691,6.510300159
8.5814,47.40691,7.408199787
8.5823,47.40691,8.116399765
8.58319,47.40691,8.770600319
8.58409,47.40691,9.700499535
8.58499,47.40691,10.30319977
8.58589,47.40691,10.38710022
8.58679,47.40691,9.785699844
8.58769,47.40691,9.239600182
8.58858,47.40691,7.958399773
8.58948,47.40691,6.376900196
8.59038,47.40691,4.768099785
8.59128,47.40691,3.569999933
8.59218,47.40691,2.890399933
8.59308,47.40691,2.531800032
8.59397,47.40691,2.611500025
8.59487,47.40691,2.497999907
8.59577,47.40691,2.039200068
8.59667,47.40691,1.331900001
8.47809,47.40631,0.2227
8.47899,47.40631,0.650600016
8.47989,47.40631,1.249500036
8.48079,47.40631,1.765400052
8.48168,47.40631,2.102200031
8.48258,47.40631,2.207299948
8.48348,47.40631,2.156599998
8.48438,47.40631,2.451299906
8.48528,47.40631,3.036600113
8.48618,47.40631,3.859600067
8.48707,47.40631,4.452400208
8.48797,47.40631,4.648700237
8.48887,47.40631,4.353300095
8.48977,47.40631,3.947900057
8.49067,47.40631,3.595200062
8.49157,47.40631,3.746299982
8.49246,47.40631,4.139200211
8.49336,47.40631,5.013700008
8.49426,47.40631,5.475699902
8.49516,47.40631,5.776000023
8.49606,47.40631,5.573800087
8.49696,47.40631,5.124100208
8.49785,47.40631,4.33739996
8.49875,47.40631,3.905699968
8.49965,47.40631,3.532200098
8.50055,47.40631,3.339299917
8.50145,47.40631,2.98119998
8.50235,47.40631,2.797600031
8.50324,47.40631,2.568599939
8.50414,47.40631,2.210400105
8.50504,47.40631,1.857499957
8.50594,47.40631,1.584499955
8.50684,47.40631,1.054100037
8.50774,47.40631,0.613099992
8.50863,47.40631,0.282400012
8.50953,47.40631,0.0337
8.51043,47.40631,0
8.51133,47.40631,0
8.51223,47.40631,0
8.51313,47.40631,0
8.51402,47.40631,0
8.51492,47.40631,0
8.51582,47.40631,0
8.51672,47.40631,0
8.51762,47.40631,0
8.51852,47.40631,0
8.51941,47.40631,0
8.52031,47.40631,0
8.52121,47.40631,0
8.52211,47.40631,0
8.52301,47.40631,0
8.52391,47.40631,0
8.5248,47.40631,0
8.5257,47.40631,0.0091
8.5266,47.40631,0.050999999
8.5275,47.40631,0.046500001
8.5284,47.40631,0.0133
8.5293,47.40631,0.018300001
8.53019,47.40631,0.537599981
8.53109,47.40631,1.63349998
8.53199,47.40631,2.964600086
8.53289,47.40631,4.339700222
8.53379,47.40631,5.087200165
8.53469,47.40631,5.336100101
8.53558,47.40631,4.870100021
8.53648,47.40631,4.131299973
8.53738,47.40631,3.346699953
8.53828,47.40631,2.555799961
8.53918,47.40631,1.947600007
8.54008,47.40631,1.644999981
8.54097,47.40631,1.843099952
8.54187,47.40631,2.255000114
8.54277,47.40631,2.509799957
8.54367,47.40631,2.765000105
8.54457,47.40631,2.864500046
8.54547,47.40631,3.256299973
8.54636,47.40631,3.837599993
8.54726,47.40631,4.40530014
8.54816,47.40631,4.895400047
8.54906,47.40631,5.068699837
8.54996,47.40631,4.994599819
8.55086,47.40631,5.006299973
8.55175,47.40631,4.938499928
8.55265,47.40631,4.878099918
8.55355,47.40631,4.737800121
8.55445,47.40631,4.454500198
8.55535,47.40631,4.385499954
8.55625,47.40631,4.378900051
8.55714,47.40631,4.736899853
8.55804,47.40631,5.565299988
8.55894,47.40631,6.884500027
8.55984,47.40631,7.708099842
8.56074,47.40631,7.972300053
8.56163,47.40631,7.280600071
8.56253,47.40631,6.195899963
8.56343,47.40631,5.155700207
8.56433,47.40631,4.495999813
8.56523,47.40631,4.003900051
8.56613,47.40631,3.905200005
8.56702,47.40631,3.794500113
8.56792,47.40631,3.680299997
8.56882,47.40631,3.750099897
8.56972,47.40631,4.045000076
8.57062,47.40631,4.260200024
8.57152,47.40631,4.294300079
8.57241,47.40631,3.895999908
8.57331,47.40631,3.485800028
8.57421,47.40631,3.181099892
8.57511,47.40631,3.188800097
8.57601,47.40631,3.462500095
8.57691,47.40631,4.179900169
8.5778,47.40631,5.124000072
8.5787,47.40631,5.797100067
8.5796,47.40631,6.592400074
8.5805,47.40631,6.920400143
8.5814,47.40631,7.229899883
8.5823,47.40631,7.952199936
8.58319,47.40631,9.224900246
8.58409,47.40631,9.862000465
8.58499,47.40631,10.64319992
8.58589,47.40631,10.75660038
8.58679,47.40631,10.72980022
8.58769,47.40631,10.14459991
8.58858,47.40631,9.059200287
8.58948,47.40631,7.564599991
8.59038,47.40631,6.236000061
8.59128,47.40631,4.343599796
8.59218,47.40631,3.461400032
8.59308,47.40631,2.681499958
8.59397,47.40631,2.404599905
8.59487,47.40631,2.085799932
8.59577,47.40631,1.684599996
8.59667,47.40631,1.093700051
8.47899,47.4057,0.402500004
8.47989,47.4057,0.849900007
8.48079,47.4057,1.361099958
8.48168,47.4057,1.586199999
8.48258,47.4057,1.613499999
8.48348,47.4057,1.641000032
8.48438,47.4057,1.885200024
8.48528,47.4057,2.368400097
8.48618,47.4057,3.281399965
8.48707,47.4057,4.002299786
8.48797,47.4057,4.172500134
8.48887,47.4057,3.976799965
8.48977,47.4057,3.625099897
8.49067,47.4057,3.485300064
8.49157,47.4057,3.809299946
8.49246,47.4057,4.354599953
8.49336,47.4057,5.133100033
8.49426,47.4057,5.761099815
8.49516,47.4057,6.055900097
8.49606,47.4057,5.722000122
8.49696,47.4057,5.260099888
8.49785,47.4057,4.740399837
8.49875,47.4057,4.161300182
8.49965,47.4057,3.726500034
8.50055,47.4057,3.51789999
8.50145,47.4057,3.527100086
8.50235,47.4057,3.34739995
8.50324,47.4057,3.3052001
8.50414,47.4057,3.160900116
8.50504,47.4057,2.881000042
8.50594,47.4057,2.350899935
8.50684,47.4057,1.708400011
8.50774,47.4057,1.083199978
8.50863,47.4057,0.514299989
8.50953,47.4057,0.132100001
8.51043,47.4057,0.0133
8.51133,47.4057,0.0091
8.51223,47.4057,0
8.51313,47.4057,0
8.51402,47.4057,0
8.51492,47.4057,0
8.51582,47.4057,0
8.51672,47.4057,0
8.51762,47.4057,0
8.51852,47.4057,0
8.51941,47.4057,0
8.52031,47.4057,0
8.52121,47.4057,0
8.52211,47.4057,0
8.52301,47.4057,0
8.52391,47.4057,0
8.5248,47.4057,0
8.5257,47.4057,0
8.5266,47.4057,0
8.5275,47.4057,0.0063
8.5284,47.4057,0
8.5293,47.4057,0
8.53019,47.4057,0.106899999
8.53109,47.4057,0.655399978
8.53199,47.4057,1.561800003
8.53289,47.4057,2.454999924
8.53379,47.4057,2.965800047
8.53469,47.4057,3.339999914
8.53558,47.4057,3.386899948
8.53648,47.4057,3.127599955
8.53738,47.4057,2.699100018
8.53828,47.4057,2.201200008
8.53918,47.4057,1.868499994
8.54008,47.4057,1.979799986
8.54097,47.4057,2.238899946
8.54187,47.4057,2.851000071
8.54277,47.4057,3.248699903
8.54367,47.4057,3.536499977
8.54457,47.4057,3.755599976
8.54547,47.4057,4.204100132
8.54636,47.4057,4.933400154
8.54726,47.4057,5.54820013
8.54816,47.4057,5.75
8.54906,47.4057,5.774700165
8.54996,47.4057,5.503099918
8.55086,47.4057,5.343599796
8.55175,47.4057,5.197700024
8.55265,47.4057,5.033400059
8.55355,47.4057,4.848199844
8.55445,47.4057,4.62830019
8.55535,47.4057,4.208300114
8.55625,47.4057,4.16960001
8.55714,47.4057,4.226699829
8.55804,47.4057,4.75369978
8.55894,47.4057,5.466300011
8.55984,47.4057,5.965799809
8.56074,47.4057,6.189700127
8.56163,47.4057,5.474299908
8.56253,47.4057,4.527599812
8.56343,47.4057,3.722199917
8.56433,47.4057,3.07949996
8.56523,47.4057,3.059999943
8.56613,47.4057,2.884599924
8.56702,47.4057,3.128599882
8.56792,47.4057,3.318500042
8.56882,47.4057,3.544500113
8.56972,47.4057,3.647399902
8.57062,47.4057,3.737600088
8.57152,47.4057,3.637399912
8.57241,47.4057,3.281800032
8.57331,47.4057,2.760799885
8.57421,47.4057,2.579200029
8.57511,47.4057,2.547499895
8.57601,47.4057,3.230900049
8.57691,47.4057,4.09280014
8.5778,47.4057,5.224899769
8.5787,47.4057,6.427299976
8.5796,47.4057,7.134500027
8.5805,47.4057,7.401299953
8.5814,47.4057,7.708499908
8.5823,47.4057,7.985099792
8.58319,47.4057,9.006500244
8.58409,47.4057,9.844499588
8.58499,47.4057,10.41090012
8.58589,47.4057,10.97570038
8.58679,47.4057,11.21959972
8.58769,47.4057,10.88020039
8.58858,47.4057,10.03170013
8.58948,47.4057,8.892000198
8.59038,47.4057,6.961900234
8.59128,47.4057,5.178599834
8.59218,47.4057,3.681999922
8.59308,47.4057,2.405400038
8.59397,47.4057,1.852699995
8.59487,47.4057,1.500499964
8.59577,47.4057,1.063599944
8.47629,47.40509,0
8.47719,47.40509,0.0266
8.47809,47.40509,0.049699999
8.47899,47.40509,0.244800001
8.47989,47.40509,0.519500017
8.48079,47.40509,0.858799994
8.48168,47.40509,1.066499949
8.48258,47.40509,1.091599941
8.48348,47.40509,1.064800024
8.48438,47.40509,1.439299941
8.48528,47.40509,2.060499907
8.48618,47.40509,2.858500004
8.48707,47.40509,3.4921
8.48797,47.40509,3.787100077
8.48887,47.40509,3.64350009
8.48977,47.40509,3.328799963
8.49067,47.40509,3.177599907
8.49157,47.40509,3.595299959
8.49246,47.40509,4.241799831
8.49336,47.40509,5.086599827
8.49426,47.40509,5.57310009
8.49516,47.40509,5.882699966
8.49606,47.40509,5.823500156
8.49696,47.40509,5.317100048
8.49785,47.40509,4.63710022
8.49875,47.40509,4.148200035
8.49965,47.40509,3.816200018
8.50055,47.40509,3.741699934
8.50145,47.40509,3.736999989
8.50235,47.40509,3.722199917
8.50324,47.40509,3.847300053
8.50414,47.40509,3.810100079
8.50504,47.40509,3.495599985
8.50594,47.40509,3.074500084
8.50684,47.40509,2.302900076
8.50774,47.40509,1.551699996
8.50863,47.40509,0.799700022
8.50953,47.40509,0.291900009
8.51043,47.40509,0.043699998
8.51133,47.40509,0.017100001
8.51223,47.40509,0.0091
8.51313,47.40509,0
8.51402,47.40509,0
8.51492,47.40509,0
8.51582,47.40509,0
8.51672,47.40509,0
8.51762,47.40509,0
8.51852,47.40509,0
8.51941,47.40509,0
8.52031,47.40509,0
8.52121,47.40509,0
8.52211,47.40509,0
8.52301,47.40509,0
8.52391,47.40509,0
8.5248,47.40509,0
8.5257,47.40509,0
8.5266,47.40509,0
8.5275,47.40509,0
8.5284,47.40509,0
8.5293,47.40509,0
8.53019,47.40509,0
8.53109,47.40509,0.269400001
8.53199,47.40509,0.594799995
8.53289,47.40509,1.117799997
8.53379,47.40509,1.443300009
8.53469,47.40509,1.789899945
8.53558,47.40509,2.138999939
8.53648,47.40509,2.489099979
8.53738,47.40509,2.423799992
8.53828,47.40509,2.287400007
8.53918,47.40509,2.358200073
8.54008,47.40509,2.5704
8.54097,47.40509,2.915299892
8.54187,47.40509,3.636499882
8.54277,47.40509,4.144599915
8.54367,47.40509,4.39289999
8.54457,47.40509,4.79129982
8.54547,47.40509,5.011700153
8.54636,47.40509,5.656700134
8.54726,47.40509,6.090899944
8.54816,47.40509,6.25369978
8.54906,47.40509,6.077600002
8.54996,47.40509,5.841199875
8.55086,47.40509,5.432600021
8.55175,47.40509,5.13710022
8.55265,47.40509,4.87349987
8.55355,47.40509,4.647200108
8.55445,47.40509,4.227499962
8.55535,47.40509,3.99180007
8.55625,47.40509,3.768899918
8.55714,47.40509,3.527800083
8.55804,47.40509,3.6322999
8.55894,47.40509,3.929899931
8.55984,47.40509,4.149099827
8.56074,47.40509,4.067599773
8.56163,47.40509,3.589799881
8.56253,47.40509,3.0006001
8.56343,47.40509,2.370899916
8.56433,47.40509,2.172100067
8.56523,47.40509,2.127000093
8.56613,47.40509,2.291100025
8.56702,47.40509,2.721699953
8.56792,47.40509,3.027699947
8.56882,47.40509,3.409399986
8.56972,47.40509,3.533699989
8.57062,47.40509,3.46420002
8.57152,47.40509,3.154299974
8.57241,47.40509,2.769200087
8.57331,47.40509,2.218300104
8.57421,47.40509,1.956799984
8.57511,47.40509,2.036799908
8.57601,47.40509,2.652699947
8.57691,47.40509,3.923799992
8.5778,47.40509,5.159599781
8.5787,47.40509,6.492599964
8.5796,47.40509,7.214900017
8.5805,47.40509,7.499899864
8.5814,47.40509,7.601799965
8.5823,47.40509,7.942399979
8.58319,47.40509,8.889399529
8.58409,47.40509,10.08409977
8.58499,47.40509,10.87339973
8.58589,47.40509,11.54080009
8.58679,47.40509,11.60379982
8.58769,47.40509,11.61219978
8.58858,47.40509,10.8739996
8.58948,47.40509,9.897399902
8.59038,47.40509,7.930799961
8.59128,47.40509,5.813899994
8.59218,47.40509,3.549700022
8.59308,47.40509,2.145800114
8.59397,47.40509,1.099799991
8.59487,47.40509,0.708700001
8.59577,47.40509,0.458900005
8.4718,47.40448,0
8.4727,47.40448,0
8.4736,47.40448,0
8.4745,47.40448,0
8.4754,47.40448,0
8.47629,47.40448,0
8.47719,47.40448,0.018300001
8.47809,47.40448,0.034200002
8.47899,47.40448,0.104599997
8.47989,47.40448,0.298500001
8.48079,47.40448,0.523199975
8.48168,47.40448,0.638999999
8.48258,47.40448,0.741299987
8.48348,47.40448,0.795400023
8.48438,47.40448,1.181300044
8.48528,47.40448,1.804800034
8.48618,47.40448,2.567800045
8.48707,47.40448,3.238500118
8.48797,47.40448,3.527400017
8.48887,47.40448,3.636699915
8.48977,47.40448,3.391499996
8.49067,47.40448,3.339699984
8.49157,47.40448,3.562200069
8.49246,47.40448,3.989900112
8.49336,47.40448,4.643799782
8.49426,47.40448,5.260099888
8.49516,47.40448,5.666699886
8.49606,47.40448,5.638700008
8.49696,47.40448,5.294700146
8.49785,47.40448,4.66960001
8.49875,47.40448,4.148799896
8.49965,47.40448,3.874000072
8.50055,47.40448,3.85439992
8.50145,47.40448,3.783799887
8.50235,47.40448,3.863300085
8.50324,47.40448,4.024000168
8.50414,47.40448,4.048999786
8.50504,47.40448,3.905600071
8.50594,47.40448,3.512200117
8.50684,47.40448,2.783400059
8.50774,47.40448,1.993800044
8.50863,47.40448,1.260900021
8.50953,47.40448,0.502499998
8.51043,47.40448,0.145500004
8.51133,47.40448,0.034000002
8.51223,47.40448,0.0133
8.51313,47.40448,0
8.51402,47.40448,0
8.51492,47.40448,0
8.51582,47.40448,0
8.51672,47.40448,0
8.51762,47.40448,0
8.51852,47.40448,0
8.51941,47.40448,0
8.52031,47.40448,0
8.52121,47.40448,0
8.52211,47.40448,0
8.52301,47.40448,0
8.52391,47.40448,0
8.5248,47.40448,0
8.5257,47.40448,0
8.5266,47.40448,0
8.5275,47.40448,0
8.5284,47.40448,0
8.5293,47.40448,0
8.53019,47.40448,0
8.53109,47.40448,0.0091
8.53199,47.40448,0.190799996
8.53289,47.40448,0.408300012
8.53379,47.40448,0.691500008
8.53469,47.40448,1.158900023
8.53558,47.40448,1.606400013
8.53648,47.40448,2.369699955
8.53738,47.40448,2.508599997
8.53828,47.40448,2.778599977
8.53918,47.40448,2.897799969
8.54008,47.40448,3.247499943
8.54097,47.40448,3.836899996
8.54187,47.40448,4.460100174
8.54277,47.40448,5.079999924
8.54367,47.40448,5.490200043
8.54457,47.40448,5.570700169
8.54547,47.40448,5.584899902
8.54636,47.40448,6.029900074
8.54726,47.40448,6.194900036
8.54816,47.40448,6.259500027
8.54906,47.40448,6.127299786
8.54996,47.40448,5.842199802
8.55086,47.40448,5.434400082
8.55175,47.40448,5.125100136
8.55265,47.40448,4.698599815
8.55355,47.40448,4.30189991
8.55445,47.40448,3.930799961
8.55535,47.40448,3.614900112
8.55625,47.40448,3.092400074
8.55714,47.40448,2.894599915
8.55804,47.40448,2.627300024
8.55894,47.40448,2.588700056
8.55984,47.40448,2.531300068
8.56074,47.40448,2.449800015
8.56163,47.40448,2.014100075
8.56253,47.40448,1.637699962
8.56343,47.40448,1.344499946
8.56433,47.40448,1.290199995
8.56523,47.40448,1.336799979
8.56613,47.40448,1.782500029
8.56702,47.40448,2.198299885
8.56792,47.40448,2.592400074
8.56882,47.40448,2.953900099
8.56972,47.40448,3.12319994
8.57062,47.40448,3.024199963
8.57152,47.40448,2.613399982
8.57241,47.40448,2.219599962
8.57331,47.40448,1.673699975
8.57421,47.40448,1.357599974
8.57511,47.40448,1.474099994
8.57601,47.40448,2.207700014
8.57691,47.40448,3.359899998
8.5778,47.40448,4.652400017
8.5787,47.40448,5.790800095
8.5796,47.40448,6.600900173
8.5805,47.40448,6.94960022
8.5814,47.40448,7.278699875
8.5823,47.40448,7.675499916
8.58319,47.40448,8.67140007
8.58409,47.40448,9.660200119
8.58499,47.40448,11.14630032
8.58589,47.40448,11.50510025
8.58679,47.40448,11.85249996
8.58769,47.40448,11.95969963
8.58858,47.40448,11.59109974
8.58948,47.40448,10.2276001
8.59038,47.40448,8.455499649
8.59128,47.40448,6.113299847
8.59218,47.40448,3.951299906
8.59308,47.40448,2.012399912
8.59397,47.40448,0.882799983
8.59487,47.40448,0.380899996
8.46821,47.40387,0
8.46911,47.40387,0
8.47001,47.40387,0
8.47091,47.40387,0
8.4718,47.40387,0
8.4727,47.40387,0
8.4736,47.40387,0
8.4745,47.40387,0
8.4754,47.40387,0
8.47629,47.40387,0
8.47719,47.40387,0
8.47809,47.40387,0.018300001
8.47899,47.40387,0.0266
8.47989,47.40387,0.130700007
8.48079,47.40387,0.246700004
8.48168,47.40387,0.325500011
8.48258,47.40387,0.342599988
8.48348,47.40387,0.442299992
8.48438,47.40387,0.808300018
8.48528,47.40387,1.482599974
8.48618,47.40387,2.28579998
8.48707,47.40387,3.029200077
8.48797,47.40387,3.337199926
8.48887,47.40387,3.469899893
8.48977,47.40387,3.33130002
8.49067,47.40387,3.27940011
8.49157,47.40387,3.445800066
8.49246,47.40387,3.754199982
8.49336,47.40387,4.215499878
8.49426,47.40387,4.773700237
8.49516,47.40387,5.089799881
8.49606,47.40387,5.111700058
8.49696,47.40387,4.754899979
8.49785,47.40387,4.303199768
8.49875,47.40387,3.888099909
8.49965,47.40387,3.733799934
8.50055,47.40387,3.637599945
8.50145,47.40387,3.755100012
8.50235,47.40387,3.786600113
8.50324,47.40387,3.960299969
8.50414,47.40387,3.950299978
8.50504,47.40387,3.892800093
8.50594,47.40387,3.651599884
8.50684,47.40387,3.271300077
8.50774,47.40387,2.606800079
8.50863,47.40387,1.873999953
8.50953,47.40387,1.292899966
8.51043,47.40387,0.680800021
8.51133,47.40387,0.201800004
8.51223,47.40387,0.0517
8.51313,47.40387,0.0063
8.51402,47.40387,0
8.51492,47.40387,0
8.51582,47.40387,0
8.51672,47.40387,0
8.51762,47.40387,0
8.51852,47.40387,0
8.51941,47.40387,0
8.52031,47.40387,0
8.52121,47.40387,0
8.52211,47.40387,0
8.52301,47.40387,0
8.52391,47.40387,0
8.5248,47.40387,0
8.5257,47.40387,0
8.5266,47.40387,0
8.5275,47.40387,0
8.5284,47.40387,0
8.5293,47.40387,0
8.53019,47.40387,0
8.53109,47.40387,0
8.53199,47.40387,0.128000006
8.53289,47.40387,0.405800015
8.53379,47.40387,0.896799982
8.53469,47.40387,1.632099986
8.53558,47.40387,2.41050005
8.53648,47.40387,2.908299923
8.53738,47.40387,3.298000097
8.53828,47.40387,3.502899885
8.53918,47.40387,3.518599987
8.54008,47.40387,3.880899906
8.54097,47.40387,4.344900131
8.54187,47.40387,5.104499817
8.54277,47.40387,5.575300217
8.54367,47.40387,5.900800228
8.54457,47.40387,6.00880003
8.54547,47.40387,5.959799767
8.54636,47.40387,5.964000225
8.54726,47.40387,6.189499855
8.54816,47.40387,6.093100071
8.54906,47.40387,5.931399822
8.54996,47.40387,5.462100029
8.55086,47.40387,5.009300232
8.55175,47.40387,4.674900055
8.55265,47.40387,4.260200024
8.55355,47.40387,3.828099966
8.55445,47.40387,3.427299976
8.55535,47.40387,3.020100117
8.55625,47.40387,2.681200027
8.55714,47.40387,2.225300074
8.55804,47.40387,1.776200056
8.55894,47.40387,1.59070003
8.55984,47.40387,1.317100048
8.56074,47.40387,1.180999994
8.56163,47.40387,0.95480001
8.56253,47.40387,0.766200006
8.56343,47.40387,0.630999982
8.56433,47.40387,0.620899975
8.56523,47.40387,0.774200022
8.56613,47.40387,1.058099985
8.56702,47.40387,1.593700051
8.56792,47.40387,2.015399933
8.56882,47.40387,2.343800068
8.56972,47.40387,2.412199974
8.57062,47.40387,2.314899921
8.57152,47.40387,1.968500018
8.57241,47.40387,1.536200047
8.57331,47.40387,1.051599979
8.57421,47.40387,0.975700021
8.57511,47.40387,0.970799983
8.57601,47.40387,1.666499972
8.57691,47.40387,2.549299955
8.5778,47.40387,3.5704
8.5787,47.40387,4.52850008
8.5796,47.40387,5.293700218
8.5805,47.40387,5.609899998
8.5814,47.40387,6.118700027
8.5823,47.40387,6.662399769
8.58319,47.40387,8.026200294
8.58409,47.40387,9.247099876
8.58499,47.40387,10.33710003
8.58589,47.40387,10.94970036
8.58679,47.40387,11.58829975
8.58769,47.40387,11.42539978
8.58858,47.40387,10.81540012
8.58948,47.40387,9.844599724
8.59038,47.40387,8.314599991
8.59128,47.40387,5.973999977
8.59218,47.40387,3.846899986
8.59308,47.40387,2.146600008
8.59397,47.40387,1.043599963
8.59487,47.40387,0.374500006
8.46821,47.40327,0
8.46911,47.40327,0
8.47001,47.40327,0
8.47091,47.40327,0
8.4718,47.40327,0
8.4727,47.40327,0
8.4736,47.40327,0
8.4745,47.40327,0
8.4754,47.40327,0
8.47629,47.40327,0
8.47719,47.40327,0
8.47809,47.40327,0
8.47899,47.40327,0
8.47989,47.40327,0.0126
8.48079,47.40327,0.045699999
8.48168,47.40327,0.104199998
8.48258,47.40327,0.1131
8.48348,47.40327,0.220799997
8.48438,47.40327,0.550199986
8.48528,47.40327,1.072399974
8.48618,47.40327,1.768399954
8.48707,47.40327,2.560499907
8.48797,47.40327,2.898999929
8.48887,47.40327,3.199399948
8.48977,47.40327,3.335099936
8.49067,47.40327,3.453000069
8.49157,47.40327,3.524100065
8.49246,47.40327,3.810899973
8.49336,47.40327,4.144599915
8.49426,47.40327,4.432099819
8.49516,47.40327,4.445000172
8.49606,47.40327,4.435500145
8.49696,47.40327,4.094299793
8.49785,47.40327,3.749799967
8.49875,47.40327,3.323199987
8.49965,47.40327,3.264499903
8.50055,47.40327,3.310499907
8.50145,47.40327,3.552299976
8.50235,47.40327,3.601000071
8.50324,47.40327,3.626499891
8.50414,47.40327,3.730400085
8.50504,47.40327,3.723200083
8.50594,47.40327,3.674700022
8.50684,47.40327,3.50970006
8.50774,47.40327,3.327899933
8.50863,47.40327,2.809999943
8.50953,47.40327,2.1947999
8.51043,47.40327,1.576200008
8.51133,47.40327,0.878799975
8.51223,47.40327,0.312299997
8.51313,47.40327,0.064000003
8.51402,47.40327,0
8.51492,47.40327,0
8.51582,47.40327,0
8.51672,47.40327,0
8.51762,47.40327,0
8.51852,47.40327,0
8.51941,47.40327,0
8.52031,47.40327,0
8.52121,47.40327,0
8.52211,47.40327,0
8.52301,47.40327,0
8.52391,47.40327,0
8.5248,47.40327,0
8.5257,47.40327,0
8.5266,47.40327,0
8.5275,47.40327,0
8.5284,47.40327,0
8.5293,47.40327,0
8.53019,47.40327,0
8.53109,47.40327,0.118900001
8.53199,47.40327,0.569599986
8.53289,47.40327,1.227399945
8.53379,47.40327,2.256200075
8.53469,47.40327,3.316299915
8.53558,47.40327,3.940900087
8.53648,47.40327,4.298500061
8.53738,47.40327,4.33739996
8.53828,47.40327,3.991600037
8.53918,47.40327,4.175899982
8.54008,47.40327,4.12349987
8.54097,47.40327,4.607800007
8.54187,47.40327,5.208300114
8.54277,47.40327,5.698999882
8.54367,47.40327,5.812099934
8.54457,47.40327,5.939199924
8.54547,47.40327,5.772600174
8.54636,47.40327,5.631599903
8.54726,47.40327,5.552400112
8.54816,47.40327,5.361800194
8.54906,47.40327,5.164800167
8.54996,47.40327,4.839000225
8.55086,47.40327,4.39289999
8.55175,47.40327,3.874200106
8.55265,47.40327,3.454299927
8.55355,47.40327,3.08010006
8.55445,47.40327,2.664900064
8.55535,47.40327,2.448199987
8.55625,47.40327,2.047600031
8.55714,47.40327,1.648900032
8.55804,47.40327,1.25759995
8.55894,47.40327,0.712700009
8.55984,47.40327,0.586799979
8.56074,47.40327,0.49149999
8.56163,47.40327,0.420100003
8.56253,47.40327,0.261999995
8.56343,47.40327,0.182899997
8.56433,47.40327,0.183899999
8.56523,47.40327,0.380499989
8.56613,47.40327,0.569500029
8.56702,47.40327,0.895600021
8.56792,47.40327,1.23269999
8.56882,47.40327,1.481099963
8.56972,47.40327,1.602300048
8.57062,47.40327,1.464599967
8.57152,47.40327,1.241799951
8.57241,47.40327,0.964999974
8.57331,47.40327,0.669399977
8.57421,47.40327,0.564100027
8.57511,47.40327,0.636099994
8.57601,47.40327,0.966499984
8.57691,47.40327,1.658300042
8.5778,47.40327,2.27670002
8.5787,47.40327,2.96510005
8.5796,47.40327,3.460999966
8.5805,47.40327,3.875699997
8.5814,47.40327,4.498700142
8.5823,47.40327,5.640399933
8.58319,47.40327,6.811500072
8.58409,47.40327,8.175299644
8.58499,47.40327,9.184399605
8.58589,47.40327,10.00179958
8.58679,47.40327,10.17500019
8.58769,47.40327,10.20079994
8.58858,47.40327,9.621700287
8.58948,47.40327,8.859199524
8.59038,47.40327,7.606699944
8.59128,47.40327,6.012800217
8.59218,47.40327,4.152800083
8.59308,47.40327,2.727299929
8.59397,47.40327,1.457999945
8.59487,47.40327,0.712400019
8.59577,47.40327,0.247799993
8.46821,47.40266,0
8.46911,47.40266,0
8.47001,47.40266,0
8.47091,47.40266,0
8.4718,47.40266,0
8.4727,47.40266,0
8.4736,47.40266,0
8.4745,47.40266,0
8.4754,47.40266,0
8.47629,47.40266,0
8.47719,47.40266,0
8.47809,47.40266,0
8.47899,47.40266,0
8.47989,47.40266,0
8.48079,47.40266,0
8.48168,47.40266,0
8.48258,47.40266,0.050299998
8.48348,47.40266,0
8.48438,47.40266,0.288500011
8.48528,47.40266,0.72299999
8.48618,47.40266,1.330500007
8.48707,47.40266,1.897899985
8.48797,47.40266,2.360899925
8.48887,47.40266,2.817100048
8.48977,47.40266,3.152899981
8.49067,47.40266,3.371900082
8.49157,47.40266,3.640899897
8.49246,47.40266,3.994400024
8.49336,47.40266,4.22300005
8.49426,47.40266,4.276100159
8.49516,47.40266,4.179800034
8.49606,47.40266,3.824700117
8.49696,47.40266,3.414599895
8.49785,47.40266,3.005399942
8.49875,47.40266,2.654799938
8.49965,47.40266,2.788000107
8.50055,47.40266,3.192199945
8.50145,47.40266,3.366899967
8.50235,47.40266,3.45449996
8.50324,47.40266,3.513200045
8.50414,47.40266,3.451900005
8.50504,47.40266,3.500400066
8.50594,47.40266,3.682300091
8.50684,47.40266,3.886899948
8.50774,47.40266,4.245800018
8.50863,47.40266,4.16809988
8.50953,47.40266,3.631700039
8.51043,47.40266,2.969199896
8.51133,47.40266,1.989400029
8.51223,47.40266,1.02760005
8.51313,47.40266,0.335700005
8.51402,47.40266,0.100599997
8.51492,47.40266,0
8.51582,47.40266,0
8.51672,47.40266,0
8.51762,47.40266,0
8.51852,47.40266,0
8.51941,47.40266,0
8.52031,47.40266,0
8.52121,47.40266,0
8.52211,47.40266,0
8.52301,47.40266,0
8.52391,47.40266,0
8.5248,47.40266,0
8.5257,47.40266,0
8.5266,47.40266,0
8.5275,47.40266,0
8.5284,47.40266,0
8.5293,47.40266,0
8.53019,47.40266,0
8.53109,47.40266,0.328399986
8.53199,47.40266,1.152500033
8.53289,47.40266,2.564399958
8.53379,47.40266,4.035900116
8.53469,47.40266,5.151500225
8.53558,47.40266,5.914000034
8.53648,47.40266,5.988800049
8.53738,47.40266,5.446800232
8.53828,47.40266,4.827499866
8.53918,47.40266,4.437699795
8.54008,47.40266,4.28550005
8.54097,47.40266,4.630099773
8.54187,47.40266,4.841800213
8.54277,47.40266,5.323999882
8.54367,47.40266,5.313399792
8.54457,47.40266,5.171899796
8.54547,47.40266,5.187799931
8.54636,47.40266,5.075799942
8.54726,47.40266,4.809599876
8.54816,47.40266,4.656899929
8.54906,47.40266,4.337200165
8.54996,47.40266,3.924999952
8.55086,47.40266,3.502099991
8.55175,47.40266,2.961100101
8.55265,47.40266,2.479700089
8.55355,47.40266,2.227200031
8.55445,47.40266,1.986400008
8.55535,47.40266,1.801100016
8.55625,47.40266,1.561699986
8.55714,47.40266,1.235599995
8.55804,47.40266,0.748600006
8.55894,47.40266,0.400700003
8.55984,47.40266,0.207100004
8.56074,47.40266,0.055300001
8.56163,47.40266,0.128000006
8.56253,47.40266,0
8.56343,47.40266,0
8.56433,47.40266,0.018300001
8.56523,47.40266,0.0867
8.56613,47.40266,0.180299997
8.56702,47.40266,0.247999996
8.56792,47.40266,0.505999982
8.56882,47.40266,0.666000009
8.56972,47.40266,0.80430001
8.57062,47.40266,0.688899994
8.57152,47.40266,0.601599991
8.57241,47.40266,0.395999998
8.57331,47.40266,0.379700005
8.57421,47.40266,0.308099985
8.57511,47.40266,0.360500008
8.57601,47.40266,0.451900005
8.57691,47.40266,0.816399992
8.5778,47.40266,1.177099943
8.5787,47.40266,1.564100027
8.5796,47.40266,1.819000006
8.5805,47.40266,2.135699987
8.5814,47.40266,2.71449995
8.5823,47.40266,3.8671
8.58319,47.40266,5.277100086
8.58409,47.40266,6.371600151
8.58499,47.40266,7.404300213
8.58589,47.40266,8.11190033
8.58679,47.40266,8.505299568
8.58769,47.40266,8.480799675
8.58858,47.40266,8.186900139
8.58948,47.40266,7.766600132
8.59038,47.40266,6.869999886
8.59128,47.40266,5.542900085
8.59218,47.40266,4.470399857
8.59308,47.40266,3.051300049
8.59397,47.40266,1.89320004
8.59487,47.40266,1.034800053
8.59577,47.40266,0.485500008
8.59667,47.40266,0.101099998
8.46731,47.40205,0
8.46821,47.40205,0
8.46911,47.40205,0
8.47001,47.40205,0
8.47091,47.40205,0
8.4718,47.40205,0
8.4727,47.40205,0.0063
8.4736,47.40205,0
8.4745,47.40205,0
8.4754,47.40205,0
8.47629,47.40205,0
8.47719,47.40205,0
8.47809,47.40205,0
8.47899,47.40205,0
8.47989,47.40205,0
8.48079,47.40205,0.0274
8.48168,47.40205,0.039900001
8.48258,47.40205,0.045200001
8.48348,47.40205,0.039900001
8.48438,47.40205,0.118900001
8.48528,47.40205,0.298900008
8.48618,47.40205,0.710399985
8.48707,47.40205,1.17050004
8.48797,47.40205,1.546499968
8.48887,47.40205,2.119299889
8.48977,47.40205,2.634900093
8.49067,47.40205,3.110399961
8.49157,47.40205,3.548899889
8.49246,47.40205,3.848999977
8.49336,47.40205,3.972300053
8.49426,47.40205,4.05189991
8.49516,47.40205,3.634799957
8.49606,47.40205,3.084500074
8.49696,47.40205,2.576299906
8.49785,47.40205,2.079200029
8.49875,47.40205,2.099400043
8.49965,47.40205,2.531599998
8.50055,47.40205,3.032900095
8.50145,47.40205,3.488199949
8.50235,47.40205,3.655800104
8.50324,47.40205,3.522799969
8.50414,47.40205,3.330899954
8.50504,47.40205,3.496400118
8.50594,47.40205,3.805099964
8.50684,47.40205,4.496799946
8.50774,47.40205,4.99849987
8.50863,47.40205,5.3822999
8.50953,47.40205,5.156599998
8.51043,47.40205,4.388199806
8.51133,47.40205,3.188499928
8.51223,47.40205,2.084899902
8.51313,47.40205,0.922200024
8.51402,47.40205,0.353399992
8.51492,47.40205,0.095399998
8.51582,47.40205,0.0126
8.51672,47.40205,0
8.51762,47.40205,0.044
8.51852,47.40205,0.056600001
8.51941,47.40205,0.0063
8.52031,47.40205,0
8.52121,47.40205,0
8.52211,47.40205,0
8.52301,47.40205,0
8.52391,47.40205,0.031399999
8.5248,47.40205,0.0251
8.5257,47.40205,0
8.5266,47.40205,0.0126
8.5275,47.40205,0
8.5284,47.40205,0
8.5293,47.40205,0
8.53019,47.40205,0.094300002
8.53109,47.40205,0.563300014
8.53199,47.40205,1.838600039
8.53289,47.40205,3.732000113
8.53379,47.40205,5.512599945
8.53469,47.40205,6.859000206
8.53558,47.40205,7.393799782
8.53648,47.40205,7.163899899
8.53738,47.40205,6.395100117
8.53828,47.40205,5.230999947
8.53918,47.40205,4.553599834
8.54008,47.40205,4.414899826
8.54097,47.40205,4.264500141
8.54187,47.40205,4.573200226
8.54277,47.40205,4.509500027
8.54367,47.40205,4.552599907
8.54457,47.40205,4.36289978
8.54547,47.40205,4.083399773
8.54636,47.40205,3.877799988
8.54726,47.40205,3.80189991
8.54816,47.40205,3.520200014
8.54906,47.40205,3.225199938
8.54996,47.40205,2.905299902
8.55086,47.40205,2.445199966
8.55175,47.40205,2.012099981
8.55265,47.40205,1.655400038
8.55355,47.40205,1.397799969
8.55445,47.40205,1.304100037
8.55535,47.40205,1.300699949
8.55625,47.40205,1.181300044
8.55714,47.40205,0.797399998
8.55804,47.40205,0.476300001
8.55894,47.40205,0.187099993
8.55984,47.40205,0.031399999
8.56074,47.40205,0
8.56163,47.40205,0
8.56253,47.40205,0
8.56343,47.40205,0
8.56433,47.40205,0
8.56523,47.40205,0.018300001
8.56613,47.40205,0.035799999
8.56702,47.40205,0.056000002
8.56792,47.40205,0.085100003
8.56882,47.40205,0.1338
8.56972,47.40205,0.29550001
8.57062,47.40205,0.209800005
8.57152,47.40205,0.208499998
8.57241,47.40205,0.163900003
8.57331,47.40205,0.150299996
8.57421,47.40205,0.102200001
8.57511,47.40205,0.129199997
8.57601,47.40205,0.217500001
8.57691,47.40205,0.298400015
8.5778,47.40205,0.3838
8.5787,47.40205,0.58039999
8.5796,47.40205,0.642700016
8.5805,47.40205,0.654900014
8.5814,47.40205,1.33220005
8.5823,47.40205,2.273699999
8.58319,47.40205,3.468499899
8.58409,47.40205,4.630599976
8.58499,47.40205,5.932899952
8.58589,47.40205,6.742499828
8.58679,47.40205,7.058499813
8.58769,47.40205,6.978099823
8.58858,47.40205,6.984899998
8.58948,47.40205,6.544300079
8.59038,47.40205,6.007199764
8.59128,47.40205,5.276400089
8.59218,47.40205,4.575500011
8.59308,47.40205,3.416100025
8.59397,47.40205,2.285399914
8.59487,47.40205,1.217200041
8.59577,47.40205,0.541899979
8.59667,47.40205,0.143600002
8.46731,47.40144,0
8.46821,47.40144,0
8.46911,47.40144,0
8.47001,47.40144,0
8.47091,47.40144,0.0091
8.4718,47.40144,0.0133
8.4727,47.40144,0.0151
8.4736,47.40144,0.0133
8.4745,47.40144,0.0091
8.4754,47.40144,0
8.47629,47.40144,0
8.47719,47.40144,0
8.47809,47.40144,0
8.47899,47.40144,0
8.47989,47.40144,0.0274
8.48079,47.40144,0.0513
8.48168,47.40144,0.074600004
8.48258,47.40144,0.0845
8.48348,47.40144,0.074600004
8.48438,47.40144,0.0513
8.48528,47.40144,0.118900001
8.48618,47.40144,0.2245
8.48707,47.40144,0.567799985
8.48797,47.40144,0.974900007
8.48887,47.40144,1.477499962
8.48977,47.40144,2.148499966
8.49067,47.40144,2.605900049
8.49157,47.40144,3.101500034
8.49246,47.40144,3.597899914
8.49336,47.40144,3.79399991
8.49426,47.40144,3.649699926
8.49516,47.40144,3.279099941
8.49606,47.40144,2.573499918
8.49696,47.40144,1.879600048
8.49785,47.40144,1.639400005
8.49875,47.40144,1.818400025
8.49965,47.40144,2.392100096
8.50055,47.40144,3.124300003
8.50145,47.40144,3.706500053
8.50235,47.40144,3.896800041
8.50324,47.40144,3.798199892
8.50414,47.40144,3.52850008
8.50504,47.40144,3.321099997
8.50594,47.40144,3.783299923
8.50684,47.40144,4.567100048
8.50774,47.40144,5.494699955
8.50863,47.40144,6.147699833
8.50953,47.40144,6.249899864
8.51043,47.40144,5.526899815
8.51133,47.40144,4.242099762
8.51223,47.40144,2.809999943
8.51313,47.40144,1.646900058
8.51402,47.40144,0.73210001
8.51492,47.40144,0.359299988
8.51582,47.40144,0.201299995
8.51672,47.40144,0.266600013
8.51762,47.40144,0.271600008
8.51852,47.40144,0.2421
8.51941,47.40144,0.2051
8.52031,47.40144,0.158500001
8.52121,47.40144,0.0217
8.52211,47.40144,0.045699999
8.52301,47.40144,0.115699999
8.52391,47.40144,0.128600001
8.5248,47.40144,0.201700002
8.5257,47.40144,0.150700003
8.5266,47.40144,0.066699997
8.5275,47.40144,0.0266
8.5284,47.40144,0.055399999
8.5293,47.40144,0.051800001
8.53019,47.40144,0.190099999
8.53109,47.40144,0.695800006
8.53199,47.40144,2.203000069
8.53289,47.40144,3.89470005
8.53379,47.40144,6.033100128
8.53469,47.40144,7.335499763
8.53558,47.40144,7.832399845
8.53648,47.40144,7.32460022
8.53738,47.40144,6.432099819
8.53828,47.40144,5.267000198
8.53918,47.40144,4.680099964
8.54008,47.40144,4.237400055
8.54097,47.40144,4.10559988
8.54187,47.40144,4.022200108
8.54277,47.40144,3.729099989
8.54367,47.40144,3.499000072
8.54457,47.40144,3.206599951
8.54547,47.40144,3.096899986
8.54636,47.40144,2.763099909
8.54726,47.40144,2.622800112
8.54816,47.40144,2.440999985
8.54906,47.40144,2.043100119
8.54996,47.40144,1.707599998
8.55086,47.40144,1.361199975
8.55175,47.40144,1.041499972
8.55265,47.40144,1.008599997
8.55355,47.40144,0.925999999
8.55445,47.40144,1.031999946
8.55535,47.40144,1.123600006
8.55625,47.40144,1.002599955
8.55714,47.40144,0.673699975
8.55804,47.40144,0.342599988
8.55894,47.40144,0.081500001
8.55984,47.40144,0
8.56074,47.40144,0
8.56163,47.40144,0
8.56253,47.40144,0
8.56343,47.40144,0
8.56433,47.40144,0
8.56523,47.40144,0
8.56613,47.40144,0
8.56702,47.40144,0.0126
8.56792,47.40144,0.0063
8.56882,47.40144,0.018300001
8.56972,47.40144,0.0266
8.57062,47.40144,0.055300001
8.57152,47.40144,0.070600003
8.57241,47.40144,0.018300001
8.57331,47.40144,0
8.57421,47.40144,0.0266
8.57511,47.40144,0.074900001
8.57601,47.40144,0.072300002
8.57691,47.40144,0.082000002
8.5778,47.40144,0.156299993
8.5787,47.40144,0.105999999
8.5796,47.40144,0.141100004
8.5805,47.40144,0.224099994
8.5814,47.40144,0.500999987
8.5823,47.40144,1.14260006
8.58319,47.40144,2.259500027
8.58409,47.40144,3.577300072
8.58499,47.40144,4.761600018
8.58589,47.40144,5.811699867
8.58679,47.40144,6.1802001
8.58769,47.40144,6.401800156
8.58858,47.40144,6.116300106
8.58948,47.40144,5.910999775
8.59038,47.40144,5.556600094
8.59128,47.40144,5.071899891
8.59218,47.40144,4.453800201
8.59308,47.40144,3.683300018
8.59397,47.40144,2.615799904
8.59487,47.40144,1.543200016
8.59577,47.40144,0.719699979
8.46821,47.40083,0
8.46911,47.40083,0
8.47001,47.40083,0.0091
8.47091,47.40083,0.017100001
8.4718,47.40083,0.024900001
8.4727,47.40083,0.028200001
8.4736,47.40083,0.024900001
8.4745,47.40083,0.017100001
8.4754,47.40083,0.0091
8.47629,47.40083,0
8.47719,47.40083,0
8.47809,47.40083,0
8.47899,47.40083,0
8.47989,47.40083,0.039900001
8.48079,47.40083,0.074600004
8.48168,47.40083,0.108499996
8.48258,47.40083,0.123000003
8.48348,47.40083,0.246800005
8.48438,47.40083,0.168899998
8.48528,47.40083,0.184499994
8.48618,47.40083,0
8.48707,47.40083,0.090300001
8.48797,47.40083,0.449699998
8.48887,47.40083,0.979300022
8.48977,47.40083,1.541300058
8.49067,47.40083,2.239599943
8.49157,47.40083,2.644099951
8.49246,47.40083,2.930399895
8.49336,47.40083,3.195899963
8.49426,47.40083,3.039499998
8.49516,47.40083,2.555000067
8.49606,47.40083,2.000999928
8.49696,47.40083,1.458299994
8.49785,47.40083,1.140900016
8.49875,47.40083,1.511800051
8.49965,47.40083,2.371299982
8.50055,47.40083,3.261699915
8.50145,47.40083,3.863100052
8.50235,47.40083,4.237400055
8.50324,47.40083,4.168600082
8.50414,47.40083,3.813499928
8.50504,47.40083,3.576200008
8.50594,47.40083,3.907200098
8.50684,47.40083,4.613500118
8.50774,47.40083,5.573599815
8.50863,47.40083,6.303500175
8.50953,47.40083,6.602700233
8.51043,47.40083,6.01210022
8.51133,47.40083,4.898700237
8.51223,47.40083,3.549700022
8.51313,47.40083,2.301599979
8.51402,47.40083,1.310400009
8.51492,47.40083,0.873700023
8.51582,47.40083,0.692200005
8.51672,47.40083,0.688300014
8.51762,47.40083,0.657899976
8.51852,47.40083,0.76849997
8.51941,47.40083,0.609300017
8.52031,47.40083,0.433299989
8.52121,47.40083,0.367199987
8.52211,47.40083,0.27579999
8.52301,47.40083,0.329699993
8.52391,47.40083,0.441500008
8.5248,47.40083,0.49090001
8.5257,47.40083,0.508899987
8.5266,47.40083,0.333400011
8.5275,47.40083,0.217700005
8.5284,47.40083,0.230800003
8.5293,47.40083,0.325399995
8.53019,47.40083,0.389600009
8.53109,47.40083,0.976899981
8.53199,47.40083,2.034600019
8.53289,47.40083,3.678600073
8.53379,47.40083,5.445700169
8.53469,47.40083,6.683300018
8.53558,47.40083,7.086100101
8.53648,47.40083,6.548699856
8.53738,47.40083,5.664800167
8.53828,47.40083,4.906099796
8.53918,47.40083,4.303899765
8.54008,47.40083,4.131400108
8.54097,47.40083,4.023099899
8.54187,47.40083,3.658799887
8.54277,47.40083,3.163599968
8.54367,47.40083,2.734200001
8.54457,47.40083,2.260999918
8.54547,47.40083,1.958699942
8.54636,47.40083,1.753200054
8.54726,47.40083,1.443199992
8.54816,47.40083,1.234599948
8.54906,47.40083,1.119199991
8.54996,47.40083,0.890900016
8.55086,47.40083,0.612900019
8.55175,47.40083,0.575699985
8.55265,47.40083,0.549499989
8.55355,47.40083,0.701600015
8.55445,47.40083,0.991900027
8.55535,47.40083,1.022899985
8.55625,47.40083,0.90170002
8.55714,47.40083,0.592400014
8.55804,47.40083,0.255600005
8.55894,47.40083,0.073200002
8.55984,47.40083,0
8.56074,47.40083,0
8.56163,47.40083,0
8.56253,47.40083,0
8.56343,47.40083,0
8.56433,47.40083,0
8.56523,47.40083,0
8.56613,47.40083,0
8.56702,47.40083,0
8.56792,47.40083,0
8.56882,47.40083,0
8.56972,47.40083,0
8.57062,47.40083,0.0126
8.57152,47.40083,0
8.57241,47.40083,0
8.57331,47.40083,0
8.57421,47.40083,0.018300001
8.57511,47.40083,0.034200002
8.57601,47.40083,0.049699999
8.57691,47.40083,0.056299999
8.5778,47.40083,0.049699999
8.5787,47.40083,0.043299999
8.5796,47.40083,0.044199999
8.5805,47.40083,0.0151
8.5814,47.40083,0.261900008
8.5823,47.40083,0.755800009
8.58319,47.40083,1.556200027
8.58409,47.40083,2.77609992
8.58499,47.40083,3.999700069
8.58589,47.40083,4.918300152
8.58679,47.40083,5.427199841
8.58769,47.40083,5.723400116
8.58858,47.40083,5.358300209
8.58948,47.40083,5.214900017
8.59038,47.40083,4.892000198
8.59128,47.40083,4.696800232
8.59218,47.40083,4.335000038
8.59308,47.40083,3.776599884
8.59397,47.40083,2.843600035
8.59487,47.40083,1.756999969
8.59577,47.40083,0.847599983
8.46641,47.40023,0
8.46731,47.40023,0
8.46911,47.40023,0
8.47001,47.40023,0.0133
8.47091,47.40023,0.024900001
8.4718,47.40023,0.036200002
8.4727,47.40023,0.041000001
8.4736,47.40023,0.036200002
8.4745,47.40023,0.024900001
8.4754,47.40023,0.0133
8.47629,47.40023,0
8.47719,47.40023,0
8.47809,47.40023,0
8.47899,47.40023,0.0189
8.47989,47.40023,0.045200001
8.48079,47.40023,0.0845
8.48168,47.40023,0.324099988
8.48258,47.40023,0.569199979
8.48348,47.40023,0.914900005
8.48438,47.40023,1.07280004
8.48528,47.40023,0.924799979
8.48618,47.40023,0.619199991
8.48707,47.40023,0.569199979
8.48797,47.40023,0.498800009
8.48887,47.40023,1.062399983
8.48977,47.40023,1.56190002
8.49067,47.40023,2.259599924
8.49157,47.40023,2.541300058
8.49246,47.40023,2.878900051
8.49336,47.40023,2.832700014
8.49426,47.40023,2.575900078
8.49516,47.40023,2.174700022
8.49606,47.40023,1.567299962
8.49696,47.40023,1.136500001
8.49785,47.40023,0.993700027
8.49875,47.40023,1.297899961
8.49965,47.40023,2.100399971
8.50055,47.40023,3.019599915
8.50145,47.40023,3.956399918
8.50235,47.40023,4.36259985
8.50324,47.40023,4.386600018
8.50414,47.40023,4.327400208
8.50504,47.40023,4.194699764
8.50594,47.40023,4.012899876
8.50684,47.40023,4.541200161
8.50774,47.40023,5.421800137
8.50863,47.40023,6.087800026
8.50953,47.40023,6.347099781
8.51043,47.40023,6.020500183
8.51133,47.40023,5.000299931
8.51223,47.40023,3.845400095
8.51313,47.40023,2.727799892
8.51402,47.40023,1.970700026
8.51492,47.40023,1.524600029
8.51582,47.40023,1.341199994
8.51672,47.40023,1.412700057
8.51762,47.40023,1.562299967
8.51852,47.40023,1.549100041
8.51941,47.40023,1.366400003
8.52031,47.40023,1.13530004
8.52121,47.40023,0.722199976
8.52211,47.40023,0.644999981
8.52301,47.40023,0.756799996
8.52391,47.40023,0.932200015
8.5248,47.40023,1.026800036
8.5257,47.40023,0.982500017
8.5266,47.40023,0.83829999
8.5275,47.40023,0.684599996
8.5284,47.40023,0.549300015
8.5293,47.40023,0.771499991
8.53019,47.40023,0.913900018
8.53109,47.40023,1.274999976
8.53199,47.40023,2.102900028
8.53289,47.40023,3.183500052
8.53379,47.40023,4.179100037
8.53469,47.40023,5.275800228
8.53558,47.40023,5.626599789
8.53648,47.40023,5.296000004
8.53738,47.40023,4.691599846
8.53828,47.40023,4.075099945
8.53918,47.40023,3.874300003
8.54008,47.40023,3.930099964
8.54097,47.40023,3.730600119
8.54187,47.40023,3.279200077
8.54277,47.40023,2.687299967
8.54367,47.40023,1.944200039
8.54457,47.40023,1.416499972
8.54547,47.40023,1.056599975
8.54636,47.40023,0.833599985
8.54726,47.40023,0.692700028
8.54816,47.40023,0.587100029
8.54906,47.40023,0.315100014
8.54996,47.40023,0.210299999
8.55086,47.40023,0.163399994
8.55175,47.40023,0.205400005
8.55265,47.40023,0.410400003
8.55355,47.40023,0.746299982
8.55445,47.40023,0.967999995
8.55535,47.40023,1.00059998
8.55625,47.40023,0.851300001
8.55714,47.40023,0.560199976
8.55804,47.40023,0.261400014
8.55894,47.40023,0.089000002
8.55984,47.40023,0
8.56074,47.40023,0
8.56163,47.40023,0
8.56253,47.40023,0
8.56343,47.40023,0
8.56433,47.40023,0
8.56523,47.40023,0
8.56613,47.40023,0
8.56702,47.40023,0
8.56792,47.40023,0
8.56882,47.40023,0
8.56972,47.40023,0
8.57062,47.40023,0
8.57152,47.40023,0
8.57241,47.40023,0
8.57331,47.40023,0
8.57421,47.40023,0
8.57511,47.40023,0.018300001
8.57601,47.40023,0.0266
8.57691,47.40023,0.030200001
8.5778,47.40023,0.0266
8.5787,47.40023,0.018300001
8.5796,47.40023,0
8.5805,47.40023,0.0063
8.5814,47.40023,0.155499995
8.5823,47.40023,0.558200002
8.58319,47.40023,1.215800047
8.58409,47.40023,2.212100029
8.58499,47.40023,3.277400017
8.58589,47.40023,4.229199886
8.58679,47.40023,4.796700001
8.58769,47.40023,5.098999977
8.58858,47.40023,4.838900089
8.58948,47.40023,4.612100124
8.59038,47.40023,4.34280014
8.59128,47.40023,4.283100128
8.59218,47.40023,4.052599907
8.59308,47.40023,3.809600115
8.59397,47.40023,3.104700089
8.59487,47.40023,2.218800068
8.59577,47.40023,1.212800026
8.59667,47.40023,0.528400004
8.46641,47.39962,0
8.46731,47.39962,0
8.46821,47.39962,0
8.46911,47.39962,0.0063
8.47001,47.39962,0.0151
8.47091,47.39962,0.028200001
8.4718,47.39962,0.041000001
8.4727,47.39962,0.046399999
8.4736,47.39962,0.041000001
8.4745,47.39962,0.028200001
8.4754,47.39962,0.0151
8.47629,47.39962,0.0063
8.47719,47.39962,0
8.47809,47.39962,0
8.47899,47.39962,0
8.47989,47.39962,0.039900001
8.48079,47.39962,0.27579999
8.48168,47.39962,0.694700003
8.48258,47.39962,1.480700016
8.48348,47.39962,2.152699947
8.48438,47.39962,2.62229991
8.48528,47.39962,2.760999918
8.48618,47.39962,2.549700022
8.48707,47.39962,2.321500063
8.48797,47.39962,2.24090004
8.48887,47.39962,2.561000109
8.48977,47.39962,2.910599947
8.49067,47.39962,3.169399977
8.49157,47.39962,3.412899971
8.49246,47.39962,3.451900005
8.49336,47.39962,2.949800015
8.49426,47.39962,2.550600052
8.49516,47.39962,2.070899963
8.49606,47.39962,1.33070004
8.49696,47.39962,0.906099975
8.49785,47.39962,0.793900013
8.49875,47.39962,1.100900054
8.49965,47.39962,1.722499967
8.50055,47.39962,2.497499943
8.50145,47.39962,3.435400009
8.50235,47.39962,4.179999828
8.50324,47.39962,4.522200108
8.50414,47.39962,4.647699833
8.50504,47.39962,4.681900024
8.50594,47.39962,4.79309988
8.50684,47.39962,4.731800079
8.50774,47.39962,5.133600235
8.50863,47.39962,5.55700016
8.50953,47.39962,5.684299946
8.51043,47.39962,5.39260006
8.51133,47.39962,4.772699833
8.51223,47.39962,3.970400095
8.51313,47.39962,3.246400118
8.51402,47.39962,2.620599985
8.51492,47.39962,2.31430006
8.51582,47.39962,2.216700077
8.51672,47.39962,2.396800041
8.51762,47.39962,2.46600008
8.51852,47.39962,2.562200069
8.51941,47.39962,2.28399992
8.52031,47.39962,1.966400027
8.52121,47.39962,1.503999949
8.52211,47.39962,1.241000056
8.52301,47.39962,1.339599967
8.52391,47.39962,1.465999961
8.5248,47.39962,1.619799972
8.5257,47.39962,1.632799983
8.5266,47.39962,1.399600029
8.5275,47.39962,1.267099977
8.5284,47.39962,1.221400023
8.5293,47.39962,1.472200036
8.53019,47.39962,1.890100002
8.53109,47.39962,2.137300015
8.53199,47.39962,2.482800007
8.53289,47.39962,2.897599936
8.53379,47.39962,3.560199976
8.53469,47.39962,4.102099895
8.53558,47.39962,4.101099968
8.53648,47.39962,4.234899998
8.53738,47.39962,3.618000031
8.53828,47.39962,3.301300049
8.53918,47.39962,3.549400091
8.54008,47.39962,3.810800076
8.54097,47.39962,3.692899942
8.54187,47.39962,3.19720006
8.54277,47.39962,2.516299963
8.54367,47.39962,1.735900044
8.54457,47.39962,1.091899991
8.54547,47.39962,0.556999981
8.54636,47.39962,0.261000007
8.54726,47.39962,0.262899995
8.54816,47.39962,0.146599993
8.54906,47.39962,0.0274
8.54996,47.39962,0
8.55086,47.39962,0.031399999
8.55175,47.39962,0.239299998
8.55265,47.39962,0.493099988
8.55355,47.39962,0.770200014
8.55445,47.39962,0.959599972
8.55535,47.39962,0.998300016
8.55625,47.39962,0.81279999
8.55714,47.39962,0.546899974
8.55804,47.39962,0.255499989
8.55894,47.39962,0.116300002
8.55984,47.39962,0.037700001
8.56074,47.39962,0
8.56163,47.39962,0
8.56253,47.39962,0
8.56343,47.39962,0
8.56433,47.39962,0
8.56523,47.39962,0
8.56613,47.39962,0
8.56702,47.39962,0
8.56792,47.39962,0
8.56882,47.39962,0
8.56972,47.39962,0
8.57062,47.39962,0
8.57152,47.39962,0
8.57241,47.39962,0
8.57331,47.39962,0
8.57421,47.39962,0
8.57511,47.39962,0
8.57601,47.39962,0
8.57691,47.39962,0.0126
8.5778,47.39962,0
8.5787,47.39962,0
8.5796,47.39962,0
8.5805,47.39962,0
8.5814,47.39962,0.102799997
8.5823,47.39962,0.458499998
8.58319,47.39962,0.890200019
8.58409,47.39962,1.566900015
8.58499,47.39962,2.476300001
8.58589,47.39962,3.335400105
8.58679,47.39962,3.79489994
8.58769,47.39962,3.980900049
8.58858,47.39962,3.921900034
8.58948,47.39962,3.803600073
8.59038,47.39962,3.576400042
8.59128,47.39962,3.575700045
8.59218,47.39962,3.829699993
8.59308,47.39962,3.836100101
8.59397,47.39962,3.343600035
8.59487,47.39962,2.626100063
8.59577,47.39962,1.677899957
8.59667,47.39962,0.841300011
8.59757,47.39962,0.296400011
8.46731,47.39901,0
8.46821,47.39901,0
8.46911,47.39901,0
8.47001,47.39901,0.0133
8.47091,47.39901,0.024900001
8.4718,47.39901,0.036200002
8.4727,47.39901,0.041000001
8.4736,47.39901,0.036200002
8.4745,47.39901,0.024900001
8.4754,47.39901,0.0133
8.47629,47.39901,0
8.47719,47.39901,0
8.47809,47.39901,0
8.47899,47.39901,0
8.47989,47.39901,0.0274
8.48079,47.39901,0.417100012
8.48168,47.39901,1.195500016
8.48258,47.39901,2.394299984
8.48348,47.39901,3.549599886
8.48438,47.39901,4.466700077
8.48528,47.39901,4.90719986
8.48618,47.39901,5.01940012
8.48707,47.39901,4.652599812
8.48797,47.39901,4.936600208
8.48887,47.39901,5.025400162
8.48977,47.39901,5.29129982
8.49067,47.39901,4.951099873
8.49157,47.39901,4.604199886
8.49246,47.39901,4.080200195
8.49336,47.39901,3.578999996
8.49426,47.39901,2.631599903
8.49516,47.39901,2.118499994
8.49606,47.39901,1.404299974
8.49696,47.39901,0.798200011
8.49785,47.39901,0.646499991
8.49875,47.39901,0.75120002
8.49965,47.39901,1.116799951
8.50055,47.39901,1.878399968
8.50145,47.39901,2.717999935
8.50235,47.39901,3.612799883
8.50324,47.39901,4.387700081
8.50414,47.39901,4.954299927
8.50504,47.39901,5.12869978
8.50594,47.39901,5.320799828
8.50684,47.39901,5.201099873
8.50774,47.39901,5.280399799
8.50863,47.39901,5.173999786
8.50953,47.39901,5.187799931
8.51043,47.39901,4.785099983
8.51133,47.39901,4.461900234
8.51223,47.39901,4.039199829
8.51313,47.39901,3.591300011
8.51402,47.39901,3.18659997
8.51492,47.39901,3.141499996
8.51582,47.39901,3.255700111
8.51672,47.39901,3.573299885
8.51762,47.39901,3.554699898
8.51852,47.39901,3.646500111
8.51941,47.39901,3.262000084
8.52031,47.39901,2.847300053
8.52121,47.39901,2.376100063
8.52211,47.39901,1.810899973
8.52301,47.39901,1.91260004
8.52391,47.39901,2.124200106
8.5248,47.39901,2.291100025
8.5257,47.39901,2.352400064
8.5266,47.39901,2.226099968
8.5275,47.39901,1.928599954
8.5284,47.39901,2.109100103
8.5293,47.39901,2.507699966
8.53019,47.39901,3.081599951
8.53109,47.39901,3.344500065
8.53199,47.39901,3.380599976
8.53289,47.39901,3.666800022
8.53379,47.39901,3.652199984
8.53469,47.39901,3.878400087
8.53558,47.39901,4.081099987
8.53648,47.39901,3.83130002
8.53738,47.39901,3.565599918
8.53828,47.39901,3.62409997
8.53918,47.39901,3.638799906
8.54008,47.39901,3.833499908
8.54097,47.39901,3.799700022
8.54187,47.39901,3.445100069
8.54277,47.39901,2.894299984
8.54367,47.39901,2.122499943
8.54457,47.39901,1.23969996
8.54547,47.39901,0.752099991
8.54636,47.39901,0.437700003
8.54726,47.39901,0.234099999
8.54816,47.39901,0.136899993
8.54906,47.39901,0.084100001
8.54996,47.39901,0.018300001
8.55086,47.39901,0.0309
8.55175,47.39901,0.213200003
8.55265,47.39901,0.416999996
8.55355,47.39901,0.6875
8.55445,47.39901,0.850700021
8.55535,47.39901,0.860700011
8.55625,47.39901,0.717400014
8.55714,47.39901,0.486699998
8.55804,47.39901,0.216499999
8.55894,47.39901,0.094899997
8.55984,47.39901,0.0063
8.56074,47.39901,0
8.56163,47.39901,0
8.56253,47.39901,0
8.56343,47.39901,0
8.56433,47.39901,0
8.56523,47.39901,0
8.56613,47.39901,0
8.56702,47.39901,0
8.56792,47.39901,0
8.56882,47.39901,0
8.56972,47.39901,0
8.57062,47.39901,0
8.57152,47.39901,0
8.57241,47.39901,0
8.57331,47.39901,0
8.57421,47.39901,0
8.57511,47.39901,0
8.57601,47.39901,0
8.57691,47.39901,0
8.5778,47.39901,0
8.5787,47.39901,0
8.5796,47.39901,0
8.5805,47.39901,0.0189
8.5814,47.39901,0.045200001
8.5823,47.39901,0.230100006
8.58319,47.39901,0.563000023
8.58409,47.39901,1.040099978
8.58499,47.39901,1.539000034
8.58589,47.39901,2.095299959
8.58679,47.39901,2.56520009
8.58769,47.39901,2.667500019
8.58858,47.39901,2.688699961
8.58948,47.39901,2.553200006
8.59038,47.39901,2.564800024
8.59128,47.39901,2.801100016
8.59218,47.39901,3.277899981
8.59308,47.39901,3.496999979
8.59397,47.39901,3.381099939
8.59487,47.39901,2.779200077
8.59577,47.39901,1.914100051
8.59667,47.39901,1.048699975
8.59757,47.39901,0.364199996
8.47001,47.3984,0.0091
8.47091,47.3984,0.017100001
8.4718,47.3984,0.024900001
8.4727,47.3984,0.028200001
8.4736,47.3984,0.024900001
8.4745,47.3984,0.017100001
8.4754,47.3984,0.0091
8.47629,47.3984,0
8.47719,47.3984,0
8.47809,47.3984,0
8.47899,47.3984,0
8.47989,47.3984,0.138300002
8.48079,47.3984,0.559899986
8.48168,47.3984,1.575199962
8.48258,47.3984,2.931299925
8.48348,47.3984,4.490099907
8.48438,47.3984,5.873300076
8.48528,47.3984,6.687099934
8.48618,47.3984,7.014400005
8.48707,47.3984,7.250400066
8.48797,47.3984,7.787499905
8.48887,47.3984,8.058400154
8.48977,47.3984,7.976500034
8.49067,47.3984,7.402699947
8.49157,47.3984,6.342700005
8.49246,47.3984,5.048299789
8.49336,47.3984,4.018400192
8.49426,47.3984,3.009200096
8.49516,47.3984,2.195899963
8.49606,47.3984,1.47420001
8.49696,47.3984,0.831499994
8.49785,47.3984,0.457399994
8.49875,47.3984,0.348800004
8.49965,47.3984,0.672399998
8.50055,47.3984,1.107800007
8.50145,47.3984,1.883900046
8.50235,47.3984,2.862299919
8.50324,47.3984,3.890700102
8.50414,47.3984,4.65199995
8.50504,47.3984,5.268099785
8.50594,47.3984,5.533899784
8.50684,47.3984,5.424900055
8.50774,47.3984,5.046999931
8.50863,47.3984,4.736800194
8.50953,47.3984,4.464700222
8.51043,47.3984,4.311600208
8.51133,47.3984,4.071899891
8.51223,47.3984,3.999700069
8.51313,47.3984,3.836499929
8.51402,47.3984,3.787899971
8.51492,47.3984,3.91079998
8.51582,47.3984,4.183199883
8.51672,47.3984,4.398499966
8.51762,47.3984,4.553599834
8.51852,47.3984,4.448200226
8.51941,47.3984,4.073599815
8.52031,47.3984,3.634799957
8.52121,47.3984,3.049299955
8.52211,47.3984,2.737999916
8.52301,47.3984,2.633399963
8.52391,47.3984,2.711699963
8.5248,47.3984,3.12680006
8.5257,47.3984,3.136800051
8.5266,47.3984,2.936300039
8.5275,47.3984,2.783299923
8.5284,47.3984,3.049200058
8.5293,47.3984,3.604300022
8.53019,47.3984,4.382800102
8.53109,47.3984,4.792699814
8.53199,47.3984,4.968999863
8.53289,47.3984,4.813300133
8.53379,47.3984,4.793900013
8.53469,47.3984,4.782899857
8.53558,47.3984,4.669499874
8.53648,47.3984,4.629099846
8.53738,47.3984,4.39440012
8.53828,47.3984,4.311100006
8.53918,47.3984,4.32889986
8.54008,47.3984,4.375599861
8.54097,47.3984,4.459499836
8.54187,47.3984,4.407999992
8.54277,47.3984,3.841399908
8.54367,47.3984,2.943399906
8.54457,47.3984,2.184999943
8.54547,47.3984,1.48269999
8.54636,47.3984,1.022600055
8.54726,47.3984,0.676199973
8.54816,47.3984,0.405900002
8.54906,47.3984,0.187999994
8.54996,47.3984,0.069499999
8.55086,47.3984,0.0266
8.55175,47.3984,0.135399997
8.55265,47.3984,0.336400002
8.55355,47.3984,0.523599982
8.55445,47.3984,0.63380003
8.55535,47.3984,0.630599976
8.55625,47.3984,0.519500017
8.55714,47.3984,0.305099994
8.55804,47.3984,0.145699993
8.55894,47.3984,0.0682
8.55984,47.3984,0
8.56074,47.3984,0
8.56163,47.3984,0
8.56253,47.3984,0
8.56343,47.3984,0
8.56433,47.3984,0
8.56523,47.3984,0
8.56613,47.3984,0
8.56702,47.3984,0
8.56792,47.3984,0
8.56882,47.3984,0
8.56972,47.3984,0
8.57062,47.3984,0
8.57152,47.3984,0
8.57241,47.3984,0
8.57331,47.3984,0
8.57421,47.3984,0
8.57511,47.3984,0
8.57601,47.3984,0
8.57691,47.3984,0
8.5778,47.3984,0
8.5787,47.3984,0
8.5796,47.3984,0
8.5805,47.3984,0
8.5814,47.3984,0.039900001
8.5823,47.3984,0.165999994
8.58319,47.3984,0.379099995
8.58409,47.3984,0.557900012
8.58499,47.3984,0.825600028
8.58589,47.3984,1.105700016
8.58679,47.3984,1.426599979
8.58769,47.3984,1.581500053
8.58858,47.3984,1.57949996
8.58948,47.3984,1.507500052
8.59038,47.3984,1.675699949
8.59128,47.3984,2.05430007
8.59218,47.3984,2.61500001
8.59308,47.3984,2.983500004
8.59397,47.3984,3.094300032
8.59487,47.3984,2.689199924
8.59577,47.3984,1.907400012
8.59667,47.3984,1.072600007
8.59757,47.3984,0.394499987
8.4718,47.39779,0.038400002
8.4727,47.39779,0.084200002
8.4736,47.39779,0.0133
8.4745,47.39779,0.0091
8.4754,47.39779,0
8.47629,47.39779,0
8.47719,47.39779,0
8.47809,47.39779,0
8.47899,47.39779,0
8.47989,47.39779,0.050299998
8.48079,47.39779,0.576799989
8.48168,47.39779,1.504999995
8.48258,47.39779,3.040800095
8.48348,47.39779,4.702400208
8.48438,47.39779,6.236100197
8.48528,47.39779,7.302400112
8.48618,47.39779,7.968400002
8.48707,47.39779,8.941100121
8.48797,47.39779,9.817299843
8.48887,47.39779,10.11880016
8.48977,47.39779,10.08290005
8.49067,47.39779,9.143099785
8.49157,47.39779,7.43569994
8.49246,47.39779,5.613599777
8.49336,47.39779,3.996000052
8.49426,47.39779,2.934400082
8.49516,47.39779,1.984099984
8.49606,47.39779,1.236500025
8.49696,47.39779,0.660099983
8.49785,47.39779,0.378800005
8.49875,47.39779,0.223900005
8.49965,47.39779,0.132200003
8.50055,47.39779,0.421999991
8.50145,47.39779,1.156399965
8.50235,47.39779,1.892199993
8.50324,47.39779,3.007499933
8.50414,47.39779,4.022399902
8.50504,47.39779,4.753499985
8.50594,47.39779,5.025800228
8.50684,47.39779,5.002099991
8.50774,47.39779,4.672599792
8.50863,47.39779,4.330500126
8.50953,47.39779,3.901400089
8.51043,47.39779,3.803600073
8.51133,47.39779,3.631400108
8.51223,47.39779,3.682699919
8.51313,47.39779,3.771300077
8.51402,47.39779,4.031499863
8.51492,47.39779,4.279600143
8.51582,47.39779,4.731500149
8.51672,47.39779,4.982699871
8.51762,47.39779,5.100999832
8.51852,47.39779,5.085800171
8.51941,47.39779,4.785699844
8.52031,47.39779,4.22879982
8.52121,47.39779,3.822799921
8.52211,47.39779,3.392299891
8.52301,47.39779,3.432300091
8.52391,47.39779,3.524600029
8.5248,47.39779,3.643300056
8.5257,47.39779,3.800899982
8.5266,47.39779,3.530900002
8.5275,47.39779,3.511399984
8.5284,47.39779,3.851099968
8.5293,47.39779,4.506400108
8.53019,47.39779,5.364099979
8.53109,47.39779,5.926300049
8.53199,47.39779,6.274300098
8.53289,47.39779,6.085100174
8.53379,47.39779,5.961900234
8.53469,47.39779,5.910600185
8.53558,47.39779,5.897600174
8.53648,47.39779,5.714799881
8.53738,47.39779,5.44329977
8.53828,47.39779,5.274300098
8.53918,47.39779,5.23239994
8.54008,47.39779,5.326499939
8.54097,47.39779,5.516300201
8.54187,47.39779,5.545300007
8.54277,47.39779,5.273200035
8.54367,47.39779,4.493199825
8.54457,47.39779,3.50090003
8.54547,47.39779,2.698899984
8.54636,47.39779,1.926200032
8.54726,47.39779,1.189800024
8.54816,47.39779,0.710699975
8.54906,47.39779,0.404199988
8.54996,47.39779,0.159999996
8.55086,47.39779,0.067299999
8.55175,47.39779,0.116300002
8.55265,47.39779,0.251599997
8.55355,47.39779,0.304199994
8.55445,47.39779,0.427300006
8.55535,47.39779,0.348399997
8.55625,47.39779,0.283499986
8.55714,47.39779,0.168899998
8.55804,47.39779,0.078199998
8.55894,47.39779,0.0091
8.55984,47.39779,0
8.56074,47.39779,0
8.56163,47.39779,0
8.56253,47.39779,0
8.56343,47.39779,0
8.56433,47.39779,0
8.56523,47.39779,0
8.56613,47.39779,0
8.56702,47.39779,0
8.56792,47.39779,0
8.56882,47.39779,0
8.56972,47.39779,0
8.57062,47.39779,0
8.57152,47.39779,0
8.57241,47.39779,0
8.57331,47.39779,0
8.57421,47.39779,0
8.57511,47.39779,0
8.57601,47.39779,0
8.57691,47.39779,0
8.5778,47.39779,0
8.5787,47.39779,0
8.5796,47.39779,0
8.5805,47.39779,0
8.5814,47.39779,0.0274
8.5823,47.39779,0.0513
8.58319,47.39779,0.184300005
8.58409,47.39779,0.324900001
8.58499,47.39779,0.390700012
8.58589,47.39779,0.441500008
8.58679,47.39779,0.626800001
8.58769,47.39779,0.739700019
8.58858,47.39779,0.718299985
8.58948,47.39779,0.771799982
8.59038,47.39779,0.978799999
8.59128,47.39779,1.31280005
8.59308,47.39779,2.191699982
8.59397,47.39779,2.380399942
8.59487,47.39779,2.13499999
8.59667,47.39779,0.815699995
8.4745,47.39719,0.106899999
8.4754,47.39719,0.0063
8.47629,47.39719,0
8.47719,47.39719,0
8.47809,47.39719,0
8.47899,47.39719,0
8.47989,47.39719,0
8.48079,47.39719,0.316799998
8.48168,47.39719,1.075000048
8.48258,47.39719,2.278599977
8.48348,47.39719,3.713099957
8.48438,47.39719,5.125400066
8.48528,47.39719,6.298799992
8.48618,47.39719,7.426400185
8.48707,47.39719,8.490400314
8.48797,47.39719,9.913700104
8.48887,47.39719,10.47859955
8.48977,47.39719,10.33220005
8.49067,47.39719,9.184499741
8.49157,47.39719,7.259600163
8.49246,47.39719,5.061900139
8.49336,47.39719,3.335500002
8.49426,47.39719,2.086100101
8.49516,47.39719,1.460299969
8.49606,47.39719,0.799499989
8.49696,47.39719,0.395900011
8.49785,47.39719,0.291399986
8.49875,47.39719,0.192499995
8.49965,47.39719,0.088399999
8.50055,47.39719,0.094899997
8.50145,47.39719,0.416200012
8.50235,47.39719,1.178599954
8.50324,47.39719,2.085599899
8.50414,47.39719,2.990700006
8.50504,47.39719,3.760499954
8.50594,47.39719,4.122300148
8.50684,47.39719,4.157299995
8.50774,47.39719,4.029699802
8.50863,47.39719,3.988899946
8.50953,47.39719,3.43840003
8.51043,47.39719,3.296200037
8.51133,47.39719,3.492399931
8.51223,47.39719,3.593300104
8.51313,47.39719,3.806299925
8.51402,47.39719,4.191400051
8.51492,47.39719,4.545199871
8.51582,47.39719,4.889999866
8.51672,47.39719,5.09250021
8.51762,47.39719,5.11619997
8.51852,47.39719,5.17539978
8.51941,47.39719,4.957300186
8.52031,47.39719,4.616799831
8.52121,47.39719,4.4302001
8.52211,47.39719,4.116600037
8.52301,47.39719,4.097799778
8.52391,47.39719,4.348199844
8.5248,47.39719,4.481200218
8.5257,47.39719,4.399799824
8.5266,47.39719,4.169400215
8.5275,47.39719,4.165699959
8.5284,47.39719,4.527900219
8.5293,47.39719,5.22840023
8.53019,47.39719,6.105000019
8.53109,47.39719,6.798299789
8.53199,47.39719,6.984200001
8.53289,47.39719,7.063199997
8.53379,47.39719,6.743000031
8.53469,47.39719,6.665999889
8.53558,47.39719,6.598100185
8.53648,47.39719,6.409100056
8.53738,47.39719,6.230899811
8.53828,47.39719,6.137199879
8.53918,47.39719,5.862800121
8.54008,47.39719,6.277100086
8.54097,47.39719,6.757199764
8.54187,47.39719,6.958899975
8.54277,47.39719,6.740699768
8.54367,47.39719,6.043700218
8.54457,47.39719,5.011400223
8.54547,47.39719,3.827500105
8.54636,47.39719,2.814399958
8.54726,47.39719,1.836699963
8.54816,47.39719,1.095199943
8.54906,47.39719,0.622799993
8.54996,47.39719,0.2579
8.55086,47.39719,0.149900004
8.55175,47.39719,0.179299995
8.55265,47.39719,0.259799987
8.55355,47.39719,0.261000007
8.55445,47.39719,0.263900012
8.55535,47.39719,0.1567
8.55625,47.39719,0.122500002
8.55714,47.39719,0.0266
8.55804,47.39719,0.0091
8.55894,47.39719,0
8.55984,47.39719,0
8.56074,47.39719,0
8.56163,47.39719,0
8.56253,47.39719,0
8.56343,47.39719,0
8.56433,47.39719,0
8.56523,47.39719,0
8.56613,47.39719,0
8.56702,47.39719,0
8.56792,47.39719,0
8.56882,47.39719,0
8.56972,47.39719,0
8.57062,47.39719,0
8.57152,47.39719,0
8.57241,47.39719,0
8.57331,47.39719,0
8.57421,47.39719,0
8.57511,47.39719,0
8.57601,47.39719,0
8.57691,47.39719,0
8.5778,47.39719,0
8.5787,47.39719,0
8.5796,47.39719,0
8.5805,47.39719,0
8.5814,47.39719,0
8.5823,47.39719,0.0274
8.58319,47.39719,0.039900001
8.58409,47.39719,0.063500002
8.58499,47.39719,0.1294
8.58589,47.39719,0.135299996
8.58679,47.39719,0.156399995
8.58769,47.39719,0.2949
8.58858,47.39719,0.360700011
8.58948,47.39719,0.405000001
8.4745,47.39658,0.431300014
8.4754,47.39658,0.282700002
8.47629,47.39658,0.0287
8.47719,47.39658,0.0091
8.47809,47.39658,0
8.47899,47.39658,0
8.47989,47.39658,0.163399994
8.48079,47.39658,0.212200001
8.48168,47.39658,0.600499988
8.48258,47.39658,1.326300025
8.48348,47.39658,2.355200052
8.48438,47.39658,3.342700005
8.48528,47.39658,4.313199997
8.48618,47.39658,5.541100025
8.48707,47.39658,6.907899857
8.48797,47.39658,8.227999687
8.48887,47.39658,9.233099937
8.48977,47.39658,9.167200089
8.49067,47.39658,7.816599846
8.49157,47.39658,5.988200188
8.49246,47.39658,3.995699883
8.49336,47.39658,2.37770009
8.49426,47.39658,1.371099949
8.49516,47.39658,0.901300013
8.49606,47.39658,0.457399994
8.49696,47.39658,0.236499995
8.49785,47.39658,0.201000005
8.49875,47.39658,0.175799996
8.49965,47.39658,0.154599994
8.50055,47.39658,0
8.50145,47.39658,0.131500006
8.50235,47.39658,0.490999997
8.50324,47.39658,1.10710001
8.50414,47.39658,1.769400001
8.50504,47.39658,2.432300091
8.50594,47.39658,2.894000053
8.50684,47.39658,3.526599884
8.50774,47.39658,3.808599949
8.50863,47.39658,3.769500017
8.50953,47.39658,3.488600016
8.51043,47.39658,3.327300072
8.51133,47.39658,3.035300016
8.51223,47.39658,3.252199888
8.51313,47.39658,3.561800003
8.51402,47.39658,4.090499878
8.51492,47.39658,4.551599979
8.51582,47.39658,4.847199917
8.51672,47.39658,4.901599884
8.51762,47.39658,5.024799824
8.51852,47.39658,4.720699787
8.51941,47.39658,4.800300121
8.52031,47.39658,4.753799915
8.52121,47.39658,4.636600018
8.52211,47.39658,4.625599861
8.52301,47.39658,4.797100067
8.52391,47.39658,4.735899925
8.5248,47.39658,4.968599796
8.5257,47.39658,4.989200115
8.5266,47.39658,5.186600208
8.5275,47.39658,5.222899914
8.5284,47.39658,5.541399956
8.5293,47.39658,6.237100124
8.53019,47.39658,6.703400135
8.53109,47.39658,7.195799828
8.53199,47.39658,7.631999969
8.53289,47.39658,7.449699879
8.53379,47.39658,7.218599796
8.53469,47.39658,6.979599953
8.53558,47.39658,6.795300007
8.53648,47.39658,6.83220005
8.53738,47.39658,6.673500061
8.53828,47.39658,6.492000103
8.53918,47.39658,6.709400177
8.54008,47.39658,7.078299999
8.54097,47.39658,7.674699783
8.54187,47.39658,8.07559967
8.54277,47.39658,8.122599602
8.54367,47.39658,7.437799931
8.54457,47.39658,6.291999817
8.54547,47.39658,4.845799923
8.54636,47.39658,3.482800007
8.54726,47.39658,2.322299957
8.54816,47.39658,1.332399964
8.54906,47.39658,0.735099971
8.54996,47.39658,0.439599991
8.55086,47.39658,0.254299998
8.55175,47.39658,0.266600013
8.55265,47.39658,0.344900012
8.55355,47.39658,0.304399997
8.55445,47.39658,0.243900001
8.55535,47.39658,0.131400004
8.55625,47.39658,0.041700002
8.55714,47.39658,0.0091
8.55804,47.39658,0
8.55894,47.39658,0
8.55984,47.39658,0
8.56074,47.39658,0
8.56163,47.39658,0
8.56253,47.39658,0
8.56343,47.39658,0
8.56433,47.39658,0
8.56523,47.39658,0
8.56613,47.39658,0
8.56702,47.39658,0
8.56792,47.39658,0
8.56882,47.39658,0
8.56972,47.39658,0
8.57062,47.39658,0
8.57152,47.39658,0
8.57241,47.39658,0
8.57331,47.39658,0
8.57421,47.39658,0
8.57511,47.39658,0
8.57601,47.39658,0
8.57691,47.39658,0
8.5778,47.39658,0
8.5787,47.39658,0
8.5796,47.39658,0
8.5805,47.39658,0
8.5814,47.39658,0
8.5823,47.39658,0
8.58319,47.39658,0
8.58409,47.39658,0.0189
8.58499,47.39658,0
8.58589,47.39658,0.0126
8.58679,47.39658,0.018300001
8.58769,47.39658,0.078599997
8.58858,47.39658,0.121799998
8.58948,47.39658,0.1523
8.46641,47.39597,0
8.46731,47.39597,0
8.46821,47.39597,0.022500001
8.46911,47.39597,0.204899997
8.4727,47.39597,1.342599988
8.4736,47.39597,1.409199953
8.4745,47.39597,1.334599972
8.4754,47.39597,0.962000012
8.47629,47.39597,0.564800024
8.47719,47.39597,0.325300008
8.47809,47.39597,0.274899989
8.47899,47.39597,0.528900027
8.47989,47.39597,0.77759999
8.48079,47.39597,0.788299978
8.48168,47.39597,0.617799997
8.48258,47.39597,0.568099976
8.48348,47.39597,0.933099985
8.48438,47.39597,1.401000023
8.48528,47.39597,2.115600109
8.48618,47.39597,2.987900019
8.48707,47.39597,4.523600101
8.48797,47.39597,5.736400127
8.48887,47.39597,6.739200115
8.48977,47.39597,6.617099762
8.49067,47.39597,5.668000221
8.49157,47.39597,4.050600052
8.49246,47.39597,2.566999912
8.49336,47.39597,1.094900012
8.49426,47.39597,0.639500022
8.49516,47.39597,0.398400009
8.49606,47.39597,0.126800001
8.49696,47.39597,0.196400002
8.49785,47.39597,0.355699986
8.49875,47.39597,0.4102
8.49965,47.39597,0.397599995
8.50055,47.39597,0.321799994
8.50145,47.39597,0.176499993
8.50235,47.39597,0.127200007
8.50324,47.39597,0.461499989
8.50414,47.39597,0.87379998
8.50504,47.39597,1.358899951
8.50594,47.39597,2.299700022
8.50684,47.39597,3.061100006
8.50774,47.39597,3.592999935
8.50863,47.39597,3.894099951
8.50953,47.39597,3.790299892
8.51043,47.39597,3.529999971
8.51133,47.39597,3.1177001
8.51223,47.39597,2.969099998
8.51313,47.39597,3.350300074
8.51402,47.39597,3.936800003
8.51492,47.39597,4.251100063
8.51582,47.39597,4.591300011
8.51672,47.39597,4.534999847
8.51762,47.39597,4.46999979
8.51852,47.39597,4.449699879
8.51941,47.39597,4.307899952
8.52031,47.39597,4.185100079
8.52121,47.39597,4.572199821
8.52211,47.39597,4.703800201
8.52301,47.39597,4.932099819
8.52391,47.39597,5.069900036
8.5248,47.39597,5.281799793
8.5257,47.39597,5.662799835
8.5266,47.39597,6.163499832
8.5275,47.39597,6.639800072
8.5284,47.39597,6.803899765
8.5293,47.39597,7.175600052
8.53019,47.39597,7.831299782
8.53109,47.39597,7.996200085
8.53199,47.39597,7.857200146
8.53289,47.39597,7.632100105
8.53379,47.39597,7.193099976
8.53469,47.39597,6.79489994
8.53558,47.39597,6.554900169
8.53648,47.39597,6.449500084
8.53738,47.39597,6.534999847
8.53828,47.39597,6.651100159
8.53918,47.39597,7.045000076
8.54008,47.39597,7.730199814
8.54097,47.39597,8.443599701
8.54187,47.39597,8.844799995
8.54277,47.39597,8.825699806
8.54367,47.39597,8.183899879
8.54457,47.39597,6.972700119
8.54547,47.39597,5.474199772
8.54636,47.39597,3.795099974
8.54726,47.39597,2.482500076
8.54816,47.39597,1.627599955
8.54906,47.39597,0.935299993
8.54996,47.39597,0.498199999
8.55086,47.39597,0.399599999
8.55175,47.39597,0.434500009
8.55265,47.39597,0.471899986
8.55355,47.39597,0.409200013
8.55445,47.39597,0.293099999
8.55535,47.39597,0.146599993
8.55625,47.39597,0.0217
8.55714,47.39597,0
8.55804,47.39597,0
8.55894,47.39597,0
8.55984,47.39597,0
8.56074,47.39597,0
8.56163,47.39597,0
8.56253,47.39597,0
8.56343,47.39597,0
8.56433,47.39597,0
8.56523,47.39597,0
8.56613,47.39597,0
8.56702,47.39597,0
8.56792,47.39597,0
8.56882,47.39597,0
8.56972,47.39597,0
8.57062,47.39597,0
8.57152,47.39597,0
8.57241,47.39597,0
8.57331,47.39597,0
8.57421,47.39597,0
8.57511,47.39597,0
8.57601,47.39597,0
8.57691,47.39597,0
8.5778,47.39597,0
8.5787,47.39597,0
8.5796,47.39597,0
8.5805,47.39597,0
8.5814,47.39597,0
8.5823,47.39597,0
8.58319,47.39597,0
8.58409,47.39597,0
8.58499,47.39597,0
8.58589,47.39597,0
8.58679,47.39597,0
8.58769,47.39597,0
8.58858,47.39597,0.0126
8.58948,47.39597,0.031399999
8.59038,47.39597,0
8.46641,47.39536,0
8.46731,47.39536,0.0063
8.46821,47.39536,0.099200003
8.46911,47.39536,0.461600006
8.47001,47.39536,1.016100049
8.47091,47.39536,1.474300027
8.4718,47.39536,1.918900013
8.4727,47.39536,2.447900057
8.4736,47.39536,2.582499981
8.4745,47.39536,2.506799936
8.4754,47.39536,2.156199932
8.47629,47.39536,1.682800055
8.47719,47.39536,1.207700014
8.47809,47.39536,1.264799953
8.47899,47.39536,1.588099957
8.47989,47.39536,1.938500047
8.48079,47.39536,1.878700018
8.48168,47.39536,1.483700037
8.48258,47.39536,0.856599987
8.48348,47.39536,0.379299998
8.48438,47.39536,0.392500013
8.48528,47.39536,0.457500011
8.48618,47.39536,0.939100027
8.48707,47.39536,2.131299973
8.48797,47.39536,3.231100082
8.48887,47.39536,3.9302001
8.48977,47.39536,3.92779994
8.49067,47.39536,3.504499912
8.49157,47.39536,2.192100048
8.49246,47.39536,1.161399961
8.49336,47.39536,0.459699988
8.49426,47.39536,0.207800001
8.49516,47.39536,0.118900001
8.49606,47.39536,0.108900003
8.49696,47.39536,0.349099994
8.49785,47.39536,0.523699999
8.49875,47.39536,0.68779999
8.49965,47.39536,0.708599985
8.50055,47.39536,0.601199985
8.50145,47.39536,0.412
8.50235,47.39536,0.195999995
8.50324,47.39536,0.102200001
8.50414,47.39536,0.301899999
8.50504,47.39536,0.719099998
8.50594,47.39536,1.84070003
8.50684,47.39536,2.943399906
8.50774,47.39536,3.928299904
8.50863,47.39536,4.380099773
8.50953,47.39536,4.379300117
8.51043,47.39536,3.750400066
8.51133,47.39536,3.101599932
8.51223,47.39536,2.725399971
8.51313,47.39536,2.954699993
8.51402,47.39536,3.449100018
8.51492,47.39536,3.958400011
8.51582,47.39536,4.106200218
8.51672,47.39536,4.042600155
8.51762,47.39536,3.910599947
8.51852,47.39536,3.80979991
8.51941,47.39536,3.628299952
8.52031,47.39536,3.842900038
8.52121,47.39536,3.978300095
8.52211,47.39536,4.286499977
8.52301,47.39536,4.546500206
8.52391,47.39536,4.756599903
8.5248,47.39536,5.294700146
8.5257,47.39536,6.248899937
8.5266,47.39536,7.299600124
8.5275,47.39536,8.007200241
8.5284,47.39536,8.431200027
8.5293,47.39536,8.657500267
8.53019,47.39536,8.675800323
8.53109,47.39536,8.607899666
8.53199,47.39536,8.164699554
8.53289,47.39536,7.713699818
8.53379,47.39536,7.06430006
8.53469,47.39536,6.542699814
8.53558,47.39536,6.08949995
8.53648,47.39536,5.829599857
8.53738,47.39536,5.972799778
8.53828,47.39536,6.47879982
8.53918,47.39536,7.044400215
8.54008,47.39536,7.841499805
8.54097,47.39536,8.560299873
8.54187,47.39536,9.004599571
8.54277,47.39536,9.129799843
8.54367,47.39536,8.437000275
8.54457,47.39536,7.192800045
8.54547,47.39536,5.621399879
8.54636,47.39536,4.059599876
8.54726,47.39536,2.683199883
8.54816,47.39536,1.720999956
8.54906,47.39536,1.129799962
8.54996,47.39536,0.76819998
8.55086,47.39536,0.608500004
8.55175,47.39536,0.628899992
8.55265,47.39536,0.606000006
8.55355,47.39536,0.506500006
8.55445,47.39536,0.333200008
8.55535,47.39536,0.165199995
8.55625,47.39536,0.031399999
8.55714,47.39536,0
8.55804,47.39536,0
8.55894,47.39536,0
8.55984,47.39536,0
8.56074,47.39536,0
8.56163,47.39536,0
8.56253,47.39536,0
8.56343,47.39536,0
8.56433,47.39536,0
8.56523,47.39536,0
8.56613,47.39536,0
8.56702,47.39536,0
8.56792,47.39536,0
8.56882,47.39536,0
8.56972,47.39536,0
8.57062,47.39536,0
8.57152,47.39536,0
8.57241,47.39536,0
8.57331,47.39536,0
8.57421,47.39536,0
8.57511,47.39536,0
8.57601,47.39536,0
8.57691,47.39536,0
8.5778,47.39536,0
8.5787,47.39536,0
8.5796,47.39536,0
8.5805,47.39536,0
8.5814,47.39536,0
8.5823,47.39536,0
8.58319,47.39536,0
8.58409,47.39536,0
8.58499,47.39536,0
8.58589,47.39536,0
8.58679,47.39536,0
8.58769,47.39536,0
8.58858,47.39536,0
8.58948,47.39536,0
8.59038,47.39536,0
8.46731,47.39475,0.0063
8.46821,47.39475,0.303499997
8.46911,47.39475,0.824299991
8.47001,47.39475,1.464300036
8.47091,47.39475,2.077600002
8.4718,47.39475,2.819600105
8.4727,47.39475,3.439800024
8.4736,47.39475,3.817600012
8.4745,47.39475,4.022600174
8.4754,47.39475,3.620100021
8.47629,47.39475,2.908400059
8.47719,47.39475,2.469899893
8.47809,47.39475,2.580800056
8.47899,47.39475,3.11439991
8.47989,47.39475,3.598400116
8.48079,47.39475,3.59649992
8.48168,47.39475,2.980400085
8.48258,47.39475,2.06340003
8.48348,47.39475,1.074499965
8.48438,47.39475,0.642700016
8.48528,47.39475,0.610400021
8.48618,47.39475,0.67049998
8.48707,47.39475,0.976100028
8.48797,47.39475,1.697999954
8.48887,47.39475,2.076900005
8.48977,47.39475,2.140100002
8.49067,47.39475,1.791900039
8.49157,47.39475,1.195000052
8.49246,47.39475,0.444299996
8.49336,47.39475,0.169499993
8.49426,47.39475,0.0823
8.49516,47.39475,0
8.49606,47.39475,0.119800001
8.49696,47.39475,0.449200004
8.49785,47.39475,0.72329998
8.49875,47.39475,0.97420001
8.49965,47.39475,1.031000018
8.50055,47.39475,0.874800026
8.50145,47.39475,0.5995
8.50235,47.39475,0.2852
8.50324,47.39475,0.049699999
8.50414,47.39475,0.158899993
8.50504,47.39475,0.681100011
8.50594,47.39475,1.549399972
8.50684,47.39475,2.735399961
8.50774,47.39475,3.94569993
8.50863,47.39475,4.487299919
8.50953,47.39475,4.244900227
8.51043,47.39475,3.622699976
8.51133,47.39475,2.876699924
8.51223,47.39475,2.544199944
8.51313,47.39475,2.430000067
8.51402,47.39475,2.740600109
8.51492,47.39475,3.232199907
8.51582,47.39475,3.364700079
8.51672,47.39475,3.399699926
8.51762,47.39475,3.236999989
8.51852,47.39475,3.088700056
8.51941,47.39475,2.938299894
8.52031,47.39475,3.061199903
8.52121,47.39475,3.144500017
8.52211,47.39475,3.385499954
8.52301,47.39475,3.687799931
8.52391,47.39475,4.164500237
8.5248,47.39475,5.228499889
8.5257,47.39475,6.280399799
8.5266,47.39475,7.791699886
8.5275,47.39475,9.063199997
8.5284,47.39475,9.67689991
8.5293,47.39475,9.877900124
8.53019,47.39475,9.550200462
8.53109,47.39475,9.123600006
8.53199,47.39475,8.47840023
8.53289,47.39475,7.841100216
8.53379,47.39475,7.088500023
8.53469,47.39475,6.321100235
8.53558,47.39475,5.412899971
8.53648,47.39475,5.2354002
8.53738,47.39475,5.513199806
8.53828,47.39475,6.059899807
8.53918,47.39475,6.809700012
8.54008,47.39475,7.61590004
8.54097,47.39475,8.535200119
8.54187,47.39475,9.168999672
8.54277,47.39475,9.193200111
8.54367,47.39475,8.405799866
8.54457,47.39475,7.270999908
8.54547,47.39475,5.80340004
8.54636,47.39475,4.292600155
8.54726,47.39475,3.087899923
8.54816,47.39475,2.270400047
8.54906,47.39475,1.594099998
8.54996,47.39475,1.198199987
8.55086,47.39475,0.975199997
8.55175,47.39475,0.925599992
8.55265,47.39475,0.792100012
8.55355,47.39475,0.573899984
8.55445,47.39475,0.357600003
8.55535,47.39475,0.186499998
8.55625,47.39475,0.0126
8.55714,47.39475,0
8.55804,47.39475,0
8.55894,47.39475,0
8.55984,47.39475,0
8.56074,47.39475,0
8.56163,47.39475,0
8.56253,47.39475,0
8.56343,47.39475,0
8.56433,47.39475,0
8.56523,47.39475,0
8.56613,47.39475,0
8.56702,47.39475,0
8.56792,47.39475,0
8.56882,47.39475,0
8.56972,47.39475,0
8.57062,47.39475,0
8.57152,47.39475,0
8.57241,47.39475,0
8.57331,47.39475,0
8.57421,47.39475,0
8.57511,47.39475,0
8.57601,47.39475,0
8.57691,47.39475,0
8.5778,47.39475,0
8.5787,47.39475,0
8.5796,47.39475,0
8.5805,47.39475,0
8.5814,47.39475,0
8.5823,47.39475,0
8.58319,47.39475,0
8.58409,47.39475,0
8.58499,47.39475,0
8.58589,47.39475,0
8.58679,47.39475,0
8.58769,47.39475,0
8.58858,47.39475,0
8.58948,47.39475,0
8.46821,47.39415,0.493600011
8.46911,47.39415,1.141000032
8.47001,47.39415,1.998900056
8.47091,47.39415,2.706099987
8.4718,47.39415,3.582600117
8.4727,47.39415,4.397299767
8.4736,47.39415,4.977799892
8.4745,47.39415,5.280600071
8.4754,47.39415,5.025400162
8.47629,47.39415,4.313199997
8.47719,47.39415,4.044300079
8.47809,47.39415,4.159200192
8.47899,47.39415,5.046299934
8.47989,47.39415,5.459700108
8.48079,47.39415,5.529600143
8.48168,47.39415,4.747000217
8.48258,47.39415,3.676300049
8.48348,47.39415,2.459700108
8.48438,47.39415,1.762199998
8.48528,47.39415,1.497900009
8.48618,47.39415,1.470900059
8.48707,47.39415,1.507699966
8.48797,47.39415,1.503900051
8.48887,47.39415,1.41869998
8.48977,47.39415,1.302899957
8.49067,47.39415,0.822099984
8.49157,47.39415,0.427100003
8.49246,47.39415,0.194499999
8.49336,47.39415,0.0133
8.49426,47.39415,0
8.49516,47.39415,0.056600001
8.49606,47.39415,0.236300007
8.49696,47.39415,0.494800001
8.49785,47.39415,0.832099974
8.49875,47.39415,1.103899956
8.49965,47.39415,1.168300033
8.50055,47.39415,0.99119997
8.50145,47.39415,0.67930001
8.50235,47.39415,0.379799992
8.50324,47.39415,0.156900004
8.50414,47.39415,0.094700001
8.50504,47.39415,0.312700003
8.50594,47.39415,1.32009995
8.50684,47.39415,2.378700018
8.50774,47.39415,3.422699928
8.50863,47.39415,3.96269989
8.50953,47.39415,3.741699934
8.51043,47.39415,3.042599916
8.51133,47.39415,2.271100044
8.51223,47.39415,1.652699947
8.51313,47.39415,1.813500047
8.51402,47.39415,2.074199915
8.51492,47.39415,2.392699957
8.51582,47.39415,2.561300039
8.51672,47.39415,2.655699968
8.51762,47.39415,2.495800018
8.51852,47.39415,2.424299955
8.51941,47.39415,2.315500021
8.52031,47.39415,2.342999935
8.52121,47.39415,2.428299904
8.52211,47.39415,2.388799906
8.52301,47.39415,2.693700075
8.52391,47.39415,3.345400095
8.5248,47.39415,4.429500103
8.5257,47.39415,6.144999981
8.5266,47.39415,7.962200165
8.5275,47.39415,9.323300362
8.5284,47.39415,10.20979977
8.5293,47.39415,10.25349998
8.53019,47.39415,9.712300301
8.53109,47.39415,9.018500328
8.53199,47.39415,8.511199951
8.53289,47.39415,7.861100197
8.53379,47.39415,7.14289999
8.53469,47.39415,6.246900082
8.53558,47.39415,5.66960001
8.53648,47.39415,5.181300163
8.53738,47.39415,5.41779995
8.53828,47.39415,5.884200096
8.53918,47.39415,6.594399929
8.54008,47.39415,7.493999958
8.54097,47.39415,8.363599777
8.54187,47.39415,8.853099823
8.54277,47.39415,9.118499756
8.54367,47.39415,8.677200317
8.54457,47.39415,7.380899906
8.54547,47.39415,5.923500061
8.54636,47.39415,4.701000214
8.54726,47.39415,3.698600054
8.54816,47.39415,2.789400101
8.54906,47.39415,2.257699966
8.54996,47.39415,1.816100001
8.55086,47.39415,1.554700017
8.55175,47.39415,1.329399943
8.55265,47.39415,1.088999987
8.55355,47.39415,0.739099979
8.55445,47.39415,0.417699993
8.55535,47.39415,0.159299999
8.55625,47.39415,0.0251
8.55714,47.39415,0
8.55804,47.39415,0
8.55894,47.39415,0
8.55984,47.39415,0
8.56074,47.39415,0
8.56163,47.39415,0
8.56253,47.39415,0
8.56343,47.39415,0
8.56433,47.39415,0
8.56523,47.39415,0
8.56613,47.39415,0
8.56702,47.39415,0
8.56792,47.39415,0
8.56882,47.39415,0
8.56972,47.39415,0
8.57062,47.39415,0
8.57152,47.39415,0
8.57241,47.39415,0
8.57331,47.39415,0
8.57421,47.39415,0
8.57511,47.39415,0
8.57601,47.39415,0
8.57691,47.39415,0
8.5778,47.39415,0
8.5787,47.39415,0
8.5796,47.39415,0
8.5805,47.39415,0
8.5814,47.39415,0
8.5823,47.39415,0
8.58319,47.39415,0
8.58409,47.39415,0
8.58499,47.39415,0
8.58589,47.39415,0
8.58679,47.39415,0
8.58769,47.39415,0
8.58858,47.39415,0
8.46821,47.39354,0.843200028
8.46911,47.39354,1.608299971
8.47001,47.39354,2.406599998
8.47091,47.39354,3.146300077
8.4718,47.39354,4.059700012
8.4727,47.39354,4.891200066
8.4736,47.39354,5.717100143
8.4745,47.39354,6.129099846
8.4754,47.39354,5.774400234
8.47629,47.39354,5.19299984
8.47719,47.39354,5.390500069
8.47809,47.39354,5.659100056
8.47899,47.39354,6.497399807
8.47989,47.39354,7.311200142
8.48079,47.39354,7.273700237
8.48168,47.39354,6.210999966
8.48258,47.39354,4.992499828
8.48348,47.39354,3.806499958
8.48438,47.39354,3.105600119
8.48528,47.39354,2.994400024
8.48618,47.39354,2.969300032
8.48707,47.39354,2.723099947
8.48797,47.39354,2.338099957
8.48887,47.39354,2.078099966
8.48977,47.39354,1.590899944
8.49067,47.39354,0.909200013
8.49157,47.39354,0.548900008
8.49246,47.39354,0.323500007
8.49336,47.39354,0.0425
8.49426,47.39354,0.0063
8.49516,47.39354,0
8.49606,47.39354,0.138600007
8.49696,47.39354,0.4366
8.49785,47.39354,0.72329998
8.49875,47.39354,0.97420001
8.49965,47.39354,1.031000018
8.50055,47.39354,0.874800026
8.50145,47.39354,0.5995
8.50235,47.39354,0.2852
8.50324,47.39354,0.049699999
8.50414,47.39354,0.0266
8.50504,47.39354,0.167899996
8.50594,47.39354,0.810100019
8.50684,47.39354,1.623900056
8.50774,47.39354,2.402400017
8.50863,47.39354,2.809900045
8.50953,47.39354,2.716799974
8.51043,47.39354,2.194999933
8.51133,47.39354,1.591099977
8.51223,47.39354,1.053799987
8.51313,47.39354,1.157400012
8.51402,47.39354,1.306200027
8.51492,47.39354,1.586500049
8.51582,47.39354,1.671000004
8.51672,47.39354,1.848799944
8.51762,47.39354,1.896399975
8.51852,47.39354,1.829399943
8.51941,47.39354,1.69599998
8.52031,47.39354,1.760200024
8.52121,47.39354,1.553300023
8.52211,47.39354,1.685400009
8.52301,47.39354,1.947900057
8.52391,47.39354,2.68659997
8.5248,47.39354,3.692199945
8.5257,47.39354,5.337800026
8.5266,47.39354,7.18200016
8.5275,47.39354,8.71269989
8.5284,47.39354,9.446200371
8.5293,47.39354,9.563699722
8.53019,47.39354,9.180100441
8.53109,47.39354,8.470899582
8.53199,47.39354,7.859200001
8.53289,47.39354,7.388000011
8.53379,47.39354,7.248600006
8.53469,47.39354,6.674499989
8.53558,47.39354,6.085199833
8.53648,47.39354,5.71420002
8.53738,47.39354,5.863800049
8.53828,47.39354,6.171999931
8.53918,47.39354,6.750100136
8.54008,47.39354,7.365200043
8.54097,47.39354,8.122599602
8.54187,47.39354,8.758500099
8.54277,47.39354,8.873200417
8.54367,47.39354,8.590399742
8.54457,47.39354,7.63079977
8.54547,47.39354,6.342999935
8.54636,47.39354,5.082099915
8.54726,47.39354,4.275400162
8.54816,47.39354,3.496999979
8.54906,47.39354,2.91170001
8.54996,47.39354,2.502599955
8.55086,47.39354,2.075799942
8.55175,47.39354,1.756999969
8.55265,47.39354,1.361099958
8.55355,47.39354,0.82889998
8.55445,47.39354,0.464399993
8.55535,47.39354,0.172000006
8.55625,47.39354,0.0126
8.55714,47.39354,0
8.55804,47.39354,0
8.55894,47.39354,0
8.55984,47.39354,0
8.56074,47.39354,0
8.56163,47.39354,0
8.56253,47.39354,0
8.56343,47.39354,0
8.56433,47.39354,0
8.56523,47.39354,0
8.56613,47.39354,0
8.56702,47.39354,0
8.56792,47.39354,0
8.56882,47.39354,0
8.56972,47.39354,0
8.57062,47.39354,0
8.57152,47.39354,0
8.57241,47.39354,0
8.57331,47.39354,0
8.57421,47.39354,0
8.57511,47.39354,0
8.57601,47.39354,0
8.57691,47.39354,0
8.5778,47.39354,0
8.5787,47.39354,0
8.5796,47.39354,0
8.5805,47.39354,0
8.5814,47.39354,0
8.5823,47.39354,0
8.58319,47.39354,0
8.58409,47.39354,0
8.58499,47.39354,0
8.58589,47.39354,0
8.46821,47.39293,1.208400011
8.46911,47.39293,2.097599983
8.47001,47.39293,2.866899967
8.47091,47.39293,3.484400034
8.4718,47.39293,4.365099907
8.4727,47.39293,5.281199932
8.4736,47.39293,5.918000221
8.4745,47.39293,6.202000141
8.4754,47.39293,6.142499924
8.47629,47.39293,6.031000137
8.47719,47.39293,5.989799976
8.47809,47.39293,6.494699955
8.47899,47.39293,7.425000191
8.47989,47.39293,8.232999802
8.48079,47.39293,8.149399757
8.48168,47.39293,7.445700169
8.48258,47.39293,6.009699821
8.48348,47.39293,4.873799801
8.48438,47.39293,4.362699986
8.48528,47.39293,4.440700054
8.48618,47.39293,4.620900154
8.48707,47.39293,4.374400139
8.48797,47.39293,4.018899918
8.48887,47.39293,3.360699892
8.48977,47.39293,2.686300039
8.49067,47.39293,1.883100033
8.49157,47.39293,1.086500049
8.49246,47.39293,0.604200006
8.49336,47.39293,0.395000011
8.49426,47.39293,0.204600006
8.49516,47.39293,0.083899997
8.49606,47.39293,0.127499998
8.49696,47.39293,0.340000004
8.49785,47.39293,0.524500012
8.49875,47.39293,0.669499993
8.49965,47.39293,0.708599985
8.50055,47.39293,0.601199985
8.50145,47.39293,0.412
8.50235,47.39293,0.195999995
8.50324,47.39293,0.034200002
8.50414,47.39293,0.018300001
8.50504,47.39293,0.0274
8.50594,47.39293,0.179299995
8.50684,47.39293,0.885699987
8.50774,47.39293,1.286000013
8.50863,47.39293,1.622099996
8.50953,47.39293,1.608800054
8.51043,47.39293,1.276200056
8.51133,47.39293,0.676299989
8.51223,47.39293,0.50940001
8.51313,47.39293,0.537100017
8.51402,47.39293,0.570599973
8.51492,47.39293,0.793099999
8.51582,47.39293,0.9375
8.51672,47.39293,1.180600047
8.51762,47.39293,1.271999955
8.51852,47.39293,1.314200044
8.51941,47.39293,1.36740005
8.52031,47.39293,1.33829999
8.52121,47.39293,1.200199962
8.52211,47.39293,1.271600008
8.52301,47.39293,1.5273
8.52391,47.39293,2.058500052
8.5248,47.39293,2.933199883
8.5257,47.39293,4.260200024
8.5266,47.39293,5.767700195
8.5275,47.39293,7.02159977
8.5284,47.39293,7.747399807
8.5293,47.39293,7.991700172
8.53019,47.39293,7.48210001
8.53109,47.39293,7.140299797
8.53199,47.39293,7.026199818
8.53289,47.39293,7.036200047
8.53379,47.39293,7.069600105
8.53469,47.39293,6.980800152
8.53558,47.39293,6.78030014
8.53648,47.39293,6.780700207
8.53738,47.39293,6.907599926
8.53828,47.39293,7.004300117
8.53918,47.39293,7.176799774
8.54008,47.39293,7.419000149
8.54097,47.39293,7.718999863
8.54187,47.39293,8.355099678
8.54277,47.39293,8.748999596
8.54367,47.39293,8.466500282
8.54457,47.39293,7.773600101
8.54547,47.39293,6.835000038
8.54636,47.39293,5.649300098
8.54726,47.39293,4.790999889
8.54816,47.39293,4.027599812
8.54906,47.39293,3.400899887
8.54996,47.39293,3.055000067
8.55086,47.39293,2.644500017
8.55175,47.39293,2.14470005
8.55265,47.39293,1.600999951
8.55355,47.39293,1.045699954
8.55445,47.39293,0.511200011
8.55535,47.39293,0.178000003
8.55625,47.39293,0
8.55714,47.39293,0
8.55804,47.39293,0
8.55894,47.39293,0
8.55984,47.39293,0
8.56074,47.39293,0
8.56163,47.39293,0
8.56253,47.39293,0
8.56343,47.39293,0
8.56433,47.39293,0
8.56523,47.39293,0
8.56613,47.39293,0
8.56702,47.39293,0
8.56792,47.39293,0
8.56882,47.39293,0
8.56972,47.39293,0
8.57062,47.39293,0
8.57152,47.39293,0
8.57241,47.39293,0
8.57331,47.39293,0
8.57421,47.39293,0
8.57511,47.39293,0
8.57601,47.39293,0
8.57691,47.39293,0
8.5778,47.39293,0
8.5787,47.39293,0
8.5796,47.39293,0
8.5805,47.39293,0
8.5814,47.39293,0
8.5823,47.39293,0
8.58319,47.39293,0
8.58409,47.39293,0
8.58499,47.39293,0
8.46552,47.39232,0.095600002
8.46641,47.39232,0.27759999
8.46731,47.39232,0.840300024
8.46821,47.39232,1.600000024
8.46911,47.39232,2.457299948
8.47001,47.39232,3.230700016
8.47091,47.39232,3.92869997
8.4718,47.39232,4.543799877
8.4727,47.39232,5.224500179
8.4736,47.39232,5.789899826
8.4745,47.39232,6.135799885
8.4754,47.39232,6.104100227
8.47629,47.39232,6.119299889
8.47719,47.39232,6.138800144
8.47809,47.39232,6.702700138
8.47899,47.39232,7.761799812
8.47989,47.39232,8.454400063
8.48079,47.39232,8.366399765
8.48168,47.39232,7.756000042
8.48258,47.39232,6.534100056
8.48348,47.39232,5.652200222
8.48438,47.39232,5.5145998
8.48528,47.39232,5.551300049
8.48618,47.39232,5.782899857
8.48707,47.39232,5.828100204
8.48797,47.39232,5.450699806
8.48887,47.39232,4.728700161
8.48977,47.39232,4.054699898
8.49067,47.39232,3.059900045
8.49157,47.39232,2.069099903
8.49246,47.39232,1.450500011
8.49336,47.39232,0.967700005
8.49426,47.39232,0.772800028
8.49516,47.39232,0.529399991
8.49606,47.39232,0.342299998
8.49696,47.39232,0.220899999
8.49785,47.39232,0.323599994
8.49875,47.39232,0.375999987
8.49965,47.39232,0.379299998
8.50055,47.39232,0.321799994
8.50145,47.39232,0.176499993
8.50235,47.39232,0.0266
8.50324,47.39232,0.018300001
8.50414,47.39232,0
8.50504,47.39232,0
8.50594,47.39232,0.0337
8.50684,47.39232,0.128199995
8.50774,47.39232,0.366600007
8.50863,47.39232,0.789499998
8.50953,47.39232,0.612999976
8.51043,47.39232,0.60589999
8.51133,47.39232,0.522099972
8.51223,47.39232,0.352699995
8.51313,47.39232,0.277099997
8.51402,47.39232,0.204799995
8.51492,47.39232,0.213499993
8.51582,47.39232,0.429399997
8.51672,47.39232,0.606299996
8.51762,47.39232,0.816699982
8.51852,47.39232,0.985300004
8.51941,47.39232,1.009799957
8.52031,47.39232,0.921599984
8.52121,47.39232,1.222000003
8.52211,47.39232,1.34829998
8.52301,47.39232,1.556399941
8.52391,47.39232,1.989300013
8.5248,47.39232,2.50270009
8.5257,47.39232,3.117300034
8.5266,47.39232,3.998699903
8.5275,47.39232,5.049300194
8.5284,47.39232,5.70870018
8.5293,47.39232,5.744999886
8.53019,47.39232,5.61259985
8.53109,47.39232,5.557099819
8.53199,47.39232,5.744100094
8.53289,47.39232,6.314799786
8.53379,47.39232,6.781300068
8.53469,47.39232,7.206299782
8.53558,47.39232,7.459499836
8.53648,47.39232,7.808499813
8.53738,47.39232,7.967899799
8.53828,47.39232,8.120100021
8.53918,47.39232,7.669400215
8.54008,47.39232,7.447000027
8.54097,47.39232,7.539599895
8.54187,47.39232,7.732699871
8.54277,47.39232,8.047800064
8.54367,47.39232,8.019399643
8.54457,47.39232,7.77159977
8.54547,47.39232,7.038599968
8.54636,47.39232,5.966800213
8.54726,47.39232,5.080200195
8.54816,47.39232,4.399300098
8.54906,47.39232,3.889100075
8.54996,47.39232,3.300299883
8.55086,47.39232,2.84800005
8.55175,47.39232,2.479799986
8.55265,47.39232,1.914700031
8.55355,47.39232,1.191799998
8.55445,47.39232,0.652400017
8.55535,47.39232,0.25999999
8.55625,47.39232,0.044
8.55714,47.39232,0
8.55804,47.39232,0
8.55894,47.39232,0
8.55984,47.39232,0
8.56074,47.39232,0
8.56163,47.39232,0
8.56253,47.39232,0
8.56343,47.39232,0
8.56433,47.39232,0
8.56523,47.39232,0
8.56613,47.39232,0
8.56702,47.39232,0
8.56792,47.39232,0
8.56882,47.39232,0
8.56972,47.39232,0
8.57062,47.39232,0
8.57152,47.39232,0
8.57241,47.39232,0
8.57331,47.39232,0
8.57421,47.39232,0
8.57511,47.39232,0
8.57601,47.39232,0
8.57691,47.39232,0
8.5778,47.39232,0
8.5787,47.39232,0
8.5796,47.39232,0
8.5805,47.39232,0
8.5814,47.39232,0
8.5823,47.39232,0
8.58319,47.39232,0
8.58409,47.39232,0
8.58499,47.39232,0
8.46462,47.39171,0.0063
8.46552,47.39171,0.178299993
8.46641,47.39171,0.485199988
8.46731,47.39171,1.064100027
8.46821,47.39171,1.783499956
8.46911,47.39171,2.718600035
8.47001,47.39171,3.504100084
8.47091,47.39171,4.104100227
8.4718,47.39171,4.627299786
8.4727,47.39171,5.016300201
8.4736,47.39171,5.309899807
8.4745,47.39171,5.692800045
8.4754,47.39171,5.923999786
8.47629,47.39171,5.937600136
8.47719,47.39171,6.013899803
8.47809,47.39171,6.447000027
8.47899,47.39171,7.195899963
8.47989,47.39171,7.767700195
8.48079,47.39171,7.759900093
8.48168,47.39171,7.29489994
8.48258,47.39171,6.454599857
8.48348,47.39171,5.928500175
8.48438,47.39171,5.796199799
8.48528,47.39171,5.961599827
8.48618,47.39171,6.292500019
8.48707,47.39171,6.572800159
8.48797,47.39171,6.525300026
8.48887,47.39171,6.111599922
8.48977,47.39171,5.255400181
8.49067,47.39171,4.453700066
8.49157,47.39171,3.557199955
8.49246,47.39171,2.680299997
8.49336,47.39171,1.988399982
8.49426,47.39171,1.565799952
8.49516,47.39171,1.108299971
8.49606,47.39171,0.787400007
8.49696,47.39171,0.405999988
8.49785,47.39171,0.203999996
8.49875,47.39171,0.109800003
8.49965,47.39171,0.109700002
8.50055,47.39171,0
8.50145,47.39171,0.0126
8.50235,47.39171,0
8.50324,47.39171,0
8.50414,47.39171,0
8.50504,47.39171,0
8.50594,47.39171,0
8.50684,47.39171,0.0133
8.50774,47.39171,0.108900003
8.50863,47.39171,0.216299996
8.50953,47.39171,0.360100001
8.51043,47.39171,0.365500003
8.51133,47.39171,0.372599989
8.51223,47.39171,0.309100002
8.51313,47.39171,0.204799995
8.51402,47.39171,0.129800007
8.51492,47.39171,0.109099999
8.51582,47.39171,0.136099994
8.51672,47.39171,0.266900003
8.51762,47.39171,0.578000009
8.51852,47.39171,0.661000013
8.51941,47.39171,0.716099977
8.52031,47.39171,0.95539999
8.52121,47.39171,1.150599957
8.52211,47.39171,1.503100038
8.52301,47.39171,1.840999961
8.52391,47.39171,2.10619998
8.5248,47.39171,2.380700111
8.5257,47.39171,2.541300058
8.5266,47.39171,2.817199945
8.5275,47.39171,3.136499882
8.5284,47.39171,3.574399948
8.5293,47.39171,3.786900043
8.53019,47.39171,3.768899918
8.53109,47.39171,4.060900211
8.53199,47.39171,4.655099869
8.53289,47.39171,5.486199856
8.53379,47.39171,6.405700207
8.53469,47.39171,7.358699799
8.53558,47.39171,8.107999802
8.53648,47.39171,8.874799728
8.53738,47.39171,8.960800171
8.53828,47.39171,8.870499611
8.53918,47.39171,8.240300179
8.54008,47.39171,7.583600044
8.54097,47.39171,6.969399929
8.54187,47.39171,6.889500141
8.54277,47.39171,7.059500217
8.54367,47.39171,7.510099888
8.54457,47.39171,7.466199875
8.54547,47.39171,7.128200054
8.54636,47.39171,6.373700142
8.54726,47.39171,5.734399796
8.54816,47.39171,4.941800117
8.54906,47.39171,4.189199924
8.54996,47.39171,3.625400066
8.55086,47.39171,3.135999918
8.55175,47.39171,2.664499998
8.55265,47.39171,2.202100039
8.55355,47.39171,1.461300015
8.55445,47.39171,0.833700001
8.55535,47.39171,0.362300009
8.55625,47.39171,0.0612
8.55714,47.39171,0
8.55804,47.39171,0
8.55894,47.39171,0
8.55984,47.39171,0
8.56074,47.39171,0
8.56163,47.39171,0
8.56253,47.39171,0
8.56343,47.39171,0
8.56433,47.39171,0
8.56523,47.39171,0
8.56613,47.39171,0
8.56702,47.39171,0
8.56792,47.39171,0
8.56882,47.39171,0
8.56972,47.39171,0
8.57062,47.39171,0
8.57152,47.39171,0
8.57241,47.39171,0
8.57331,47.39171,0
8.57421,47.39171,0
8.57511,47.39171,0
8.57601,47.39171,0
8.57691,47.39171,0
8.5778,47.39171,0
8.5787,47.39171,0
8.5796,47.39171,0
8.5805,47.39171,0
8.5814,47.39171,0
8.5823,47.39171,0
8.58319,47.39171,0
8.58409,47.39171,0
8.58499,47.39171,0
8.46372,47.3911,0
8.46462,47.3911,0.056600001
8.46552,47.3911,0.194499999
8.46641,47.3911,0.568700016
8.46731,47.3911,1.092499971
8.46821,47.3911,1.897400022
8.46911,47.3911,2.658200026
8.47001,47.3911,3.461899996
8.47091,47.3911,4.116600037
8.4718,47.3911,4.492199898
8.4727,47.3911,4.77519989
8.4736,47.3911,5.13560009
8.4745,47.3911,5.40019989
8.4754,47.3911,5.512599945
8.47629,47.3911,5.832699776
8.47719,47.3911,5.944600105
8.47809,47.3911,6.179800034
8.47899,47.3911,6.558700085
8.47989,47.3911,6.958499908
8.48079,47.3911,7.031499863
8.48168,47.3911,6.790599823
8.48258,47.3911,5.985300064
8.48348,47.3911,5.696100235
8.48438,47.3911,5.572999954
8.48528,47.3911,5.725800037
8.48618,47.3911,6.007199764
8.48707,47.3911,6.424499989
8.48797,47.3911,6.714600086
8.48887,47.3911,6.847099781
8.48977,47.3911,6.359200001
8.49067,47.3911,5.60890007
8.49157,47.3911,4.89260006
8.49246,47.3911,3.987600088
8.49336,47.3911,3.230400085
8.49426,47.3911,2.390000105
8.49516,47.3911,1.817600012
8.49606,47.3911,1.24969995
8.49696,47.3911,0.768400013
8.49785,47.3911,0.326400012
8.49875,47.3911,0.176499993
8.49965,47.3911,0.109099999
8.50055,47.3911,0.0091
8.50145,47.3911,0
8.50235,47.3911,0.0251
8.50324,47.3911,0
8.50414,47.3911,0
8.50504,47.3911,0
8.50594,47.3911,0
8.50684,47.3911,0.0091
8.50774,47.3911,0.017100001
8.50863,47.3911,0.104699999
8.50953,47.3911,0.196199998
8.51043,47.3911,0.254400015
8.51133,47.3911,0.269300014
8.51223,47.3911,0.226199999
8.51313,47.3911,0.167400002
8.51402,47.3911,0.178200006
8.51492,47.3911,0.118299998
8.51582,47.3911,0.210899994
8.51672,47.3911,0.270099998
8.51762,47.3911,0.34040001
8.51852,47.3911,0.479299992
8.51941,47.3911,0.566900015
8.52031,47.3911,0.891700029
8.52121,47.3911,1.353500009
8.52211,47.3911,1.936200023
8.52301,47.3911,2.431900024
8.52391,47.3911,2.705899954
8.5248,47.3911,2.726099968
8.5257,47.3911,2.321000099
8.5266,47.3911,2.125400066
8.5275,47.3911,2.129899979
8.5284,47.3911,2.206199884
8.5293,47.3911,2.401400089
8.53019,47.3911,2.658299923
8.53109,47.3911,2.938699961
8.53199,47.3911,3.595700026
8.53289,47.3911,4.746799946
8.53379,47.3911,5.9229002
8.53469,47.3911,7.011099815
8.53558,47.3911,8.160599709
8.53648,47.3911,9.089500427
8.53738,47.3911,9.60340023
8.53828,47.3911,9.525400162
8.53918,47.3911,8.597900391
8.54008,47.3911,7.717299938
8.54097,47.3911,6.555900097
8.54187,47.3911,5.974299908
8.54277,47.3911,6.106599808
8.54367,47.3911,6.541100025
8.54457,47.3911,7.093100071
8.54547,47.3911,7.354100227
8.54636,47.3911,7.171700001
8.54726,47.3911,6.612500191
8.54816,47.3911,5.992300034
8.54906,47.3911,4.839000225
8.54996,47.3911,3.947799921
8.55086,47.3911,3.436100006
8.55175,47.3911,2.99180007
8.55265,47.3911,2.381099939
8.55355,47.3911,1.748100042
8.55445,47.3911,1.073099971
8.55535,47.3911,0.571399987
8.55625,47.3911,0.183599994
8.55714,47.3911,0.018300001
8.55804,47.3911,0
8.55894,47.3911,0
8.55984,47.3911,0
8.56074,47.3911,0
8.56163,47.3911,0
8.56253,47.3911,0
8.56343,47.3911,0
8.56433,47.3911,0
8.56523,47.3911,0
8.56613,47.3911,0
8.56702,47.3911,0
8.56792,47.3911,0
8.56882,47.3911,0
8.56972,47.3911,0
8.57062,47.3911,0
8.57152,47.3911,0
8.57241,47.3911,0
8.57331,47.3911,0
8.57421,47.3911,0
8.57511,47.3911,0
8.57601,47.3911,0
8.57691,47.3911,0
8.5778,47.3911,0
8.5787,47.3911,0
8.5796,47.3911,0
8.5805,47.3911,0
8.5814,47.3911,0
8.5823,47.3911,0
8.58319,47.3911,0
8.58409,47.3911,0
8.58589,47.3911,0
8.58679,47.3911,0
8.58769,47.3911,0
8.46372,47.3905,0
8.46462,47.3905,0.0126
8.46552,47.3905,0.196799994
8.46641,47.3905,0.490700006
8.46731,47.3905,1.010699987
8.46821,47.3905,1.628200054
8.46911,47.3905,2.346999884
8.47001,47.3905,3.076800108
8.47091,47.3905,3.691600084
8.4718,47.3905,4.166399956
8.4727,47.3905,4.752200127
8.4736,47.3905,5.261300087
8.4745,47.3905,5.723800182
8.4754,47.3905,5.946700096
8.47629,47.3905,6.232699871
8.47719,47.3905,6.202700138
8.47809,47.3905,6.109899998
8.47899,47.3905,6.32490015
8.47989,47.3905,6.597099781
8.48079,47.3905,6.679500103
8.48168,47.3905,6.476799965
8.48258,47.3905,6.04129982
8.48348,47.3905,5.625
8.48438,47.3905,4.990399837
8.48528,47.3905,4.938700199
8.48618,47.3905,5.265799999
8.48707,47.3905,5.911399841
8.48797,47.3905,6.456799984
8.48887,47.3905,6.922299862
8.48977,47.3905,7.13710022
8.49067,47.3905,6.634500027
8.49157,47.3905,5.953199863
8.49246,47.3905,5.062300205
8.49336,47.3905,4.050199986
8.49426,47.3905,3.114700079
8.49516,47.3905,2.498300076
8.49606,47.3905,1.536499977
8.49696,47.3905,1.046499968
8.49785,47.3905,0.559599996
8.49875,47.3905,0.319000006
8.49965,47.3905,0.161500007
8.50055,47.3905,0.123000003
8.50145,47.3905,0.053199999
8.50235,47.3905,0.097999997
8.50324,47.3905,0.103500001
8.50414,47.3905,0.080600001
8.50504,47.3905,0
8.50594,47.3905,0
8.50684,47.3905,0
8.50774,47.3905,0.0091
8.50863,47.3905,0.0682
8.50953,47.3905,0.117600001
8.51043,47.3905,0.162499994
8.51133,47.3905,0.178200006
8.51223,47.3905,0.185699999
8.51313,47.3905,0.246000007
8.51402,47.3905,0.390300006
8.51492,47.3905,0.504999995
8.51582,47.3905,0.54610002
8.51672,47.3905,0.541299999
8.51762,47.3905,0.506600022
8.51852,47.3905,0.434300005
8.51941,47.3905,0.574199975
8.52031,47.3905,0.914499998
8.52121,47.3905,1.546300054
8.52211,47.3905,2.278899908
8.52301,47.3905,3.098799944
8.52391,47.3905,3.348999977
8.5248,47.3905,3.223700047
8.5257,47.3905,2.824100018
8.5266,47.3905,2.361399889
8.5275,47.3905,1.703500032
8.5284,47.3905,1.740700006
8.5293,47.3905,1.808400035
8.53019,47.3905,1.87409997
8.53109,47.3905,2.204799891
8.53199,47.3905,2.844799995
8.53289,47.3905,3.881400108
8.53379,47.3905,5.076300144
8.53469,47.3905,6.181099892
8.53558,47.3905,7.394499779
8.53648,47.3905,8.546299934
8.53738,47.3905,9.282999992
8.53828,47.3905,9.34280014
8.53918,47.3905,8.491499901
8.54008,47.3905,7.216400146
8.54097,47.3905,6.111700058
8.54187,47.3905,5.056900024
8.54277,47.3905,5.072500229
8.54367,47.3905,5.762700081
8.54457,47.3905,6.779099941
8.54547,47.3905,7.557300091
8.54636,47.3905,8.201600075
8.54726,47.3905,7.967299938
8.54816,47.3905,7.080999851
8.54906,47.3905,5.79309988
8.54996,47.3905,4.752699852
8.55086,47.3905,3.743299961
8.55175,47.3905,3.233299971
8.55265,47.3905,2.742500067
8.55355,47.3905,2.041699886
8.55445,47.3905,1.319599986
8.55535,47.3905,0.729499996
8.55625,47.3905,0.363999993
8.55714,47.3905,0.150299996
8.55804,47.3905,0.0337
8.55894,47.3905,0
8.55984,47.3905,0
8.56074,47.3905,0
8.56163,47.3905,0
8.56253,47.3905,0
8.56343,47.3905,0
8.56433,47.3905,0
8.56523,47.3905,0
8.56613,47.3905,0
8.56702,47.3905,0
8.56792,47.3905,0
8.56882,47.3905,0
8.56972,47.3905,0
8.57062,47.3905,0
8.57152,47.3905,0
8.57241,47.3905,0
8.57331,47.3905,0
8.57421,47.3905,0
8.57511,47.3905,0
8.57601,47.3905,0
8.57691,47.3905,0
8.5778,47.3905,0
8.5787,47.3905,0
8.5796,47.3905,0
8.5805,47.3905,0
8.5814,47.3905,0
8.5823,47.3905,0
8.58319,47.3905,0
8.58409,47.3905,0
8.58589,47.3905,0
8.58679,47.3905,0
8.58769,47.3905,0
8.58858,47.3905,0
8.46282,47.38989,0
8.46372,47.38989,0
8.46462,47.38989,0
8.46552,47.38989,0.1215
8.46641,47.38989,0.375200003
8.46731,47.38989,0.7773
8.46821,47.38989,1.225800037
8.46911,47.38989,1.843700051
8.47001,47.38989,2.488300085
8.47091,47.38989,3.221100092
8.4718,47.38989,3.963099957
8.4727,47.38989,4.770500183
8.4736,47.38989,5.577400208
8.4745,47.38989,6.295100212
8.4754,47.38989,6.598800182
8.47629,47.38989,6.595099926
8.47719,47.38989,6.740799904
8.47809,47.38989,6.313499928
8.47899,47.38989,6.306499958
8.47989,47.38989,6.568600178
8.48079,47.38989,6.734099865
8.48168,47.38989,6.680300236
8.48258,47.38989,6.379399776
8.48348,47.38989,5.833600044
8.48438,47.38989,4.868599892
8.48528,47.38989,4.183599949
8.48618,47.38989,4.26429987
8.48707,47.38989,4.980800152
8.48797,47.38989,5.789700031
8.48887,47.38989,6.708000183
8.48977,47.38989,7.073900223
8.49067,47.38989,7.250999928
8.49157,47.38989,6.534100056
8.49246,47.38989,5.516600132
8.49336,47.38989,4.586800098
8.49426,47.38989,3.661099911
8.49516,47.38989,2.865600109
8.49606,47.38989,2.159800053
8.49696,47.38989,1.321699977
8.49785,47.38989,0.667699993
8.49875,47.38989,0.425199986
8.49965,47.38989,0.263599992
8.50055,47.38989,0.2447
8.50145,47.38989,0.264999986
8.50235,47.38989,0.430200011
8.50324,47.38989,0.393000007
8.50414,47.38989,0.335200012
8.50504,47.38989,0.221699998
8.50594,47.38989,0.089199997
8.50684,47.38989,0
8.50774,47.38989,0
8.50863,47.38989,0
8.50953,47.38989,0.0612
8.51043,47.38989,0.079800002
8.51133,47.38989,0.117899999
8.51223,47.38989,0.187299997
8.51313,47.38989,0.455599993
8.51402,47.38989,0.709500015
8.51492,47.38989,0.934000015
8.51582,47.38989,1.014799953
8.51672,47.38989,0.867699981
8.51762,47.38989,0.680100024
8.51852,47.38989,0.532700002
8.51941,47.38989,0.473800004
8.52031,47.38989,0.901199996
8.52121,47.38989,1.542700052
8.52211,47.38989,2.522900105
8.52301,47.38989,3.340399981
8.52391,47.38989,3.823800087
8.5248,47.38989,3.981300116
8.5257,47.38989,3.569900036
8.5266,47.38989,2.918499947
8.5275,47.38989,2.336800098
8.5284,47.38989,2.078000069
8.5293,47.38989,2.14989996
8.53019,47.38989,2.157099962
8.53109,47.38989,2.391400099
8.53199,47.38989,2.575200081
8.53289,47.38989,3.243900061
8.53379,47.38989,4.065499783
8.53469,47.38989,5.052299976
8.53558,47.38989,6.08190012
8.53648,47.38989,7.244400024
8.53738,47.38989,8.209799767
8.53828,47.38989,8.403100014
8.53918,47.38989,7.851299763
8.54008,47.38989,6.653100014
8.54097,47.38989,5.364299774
8.54187,47.38989,4.309100151
8.54277,47.38989,4.229400158
8.54367,47.38989,5.127500057
8.54457,47.38989,6.645400047
8.54547,47.38989,8.077899933
8.54636,47.38989,8.931699753
8.54726,47.38989,8.927100182
8.54816,47.38989,8.191399574
8.54906,47.38989,6.709000111
8.54996,47.38989,5.228899956
8.55086,47.38989,4.316599846
8.55175,47.38989,3.515300035
8.55265,47.38989,3.049099922
8.55355,47.38989,2.317800045
8.55445,47.38989,1.634600043
8.55535,47.38989,1.04519999
8.55625,47.38989,0.651899993
8.55714,47.38989,0.368900001
8.55804,47.38989,0.264899999
8.55894,47.38989,0.077299997
8.55984,47.38989,0.0091
8.56074,47.38989,0
8.56163,47.38989,0
8.56253,47.38989,0
8.56343,47.38989,0
8.56433,47.38989,0
8.56523,47.38989,0
8.56613,47.38989,0
8.56702,47.38989,0
8.56792,47.38989,0
8.56882,47.38989,0
8.56972,47.38989,0
8.57062,47.38989,0
8.57152,47.38989,0
8.57241,47.38989,0
8.57331,47.38989,0
8.57421,47.38989,0
8.57511,47.38989,0
8.57601,47.38989,0
8.57691,47.38989,0.062899999
8.5778,47.38989,0
8.5787,47.38989,0
8.5796,47.38989,0
8.5805,47.38989,0
8.5814,47.38989,0
8.5823,47.38989,0
8.58319,47.38989,0
8.58409,47.38989,0
8.58589,47.38989,0
8.58679,47.38989,0
8.58769,47.38989,0
8.58858,47.38989,0
8.46192,47.38928,0
8.46282,47.38928,0
8.46372,47.38928,0
8.46462,47.38928,0
8.46552,47.38928,0.018300001
8.46641,47.38928,0.197999999
8.46731,47.38928,0.402399987
8.46821,47.38928,0.814199984
8.46911,47.38928,1.192999959
8.47001,47.38928,1.874500036
8.47091,47.38928,2.631299973
8.4718,47.38928,3.579699993
8.4727,47.38928,4.768599987
8.4736,47.38928,5.96570015
8.4745,47.38928,6.787000179
8.4754,47.38928,7.62349987
8.47629,47.38928,7.756999969
8.47719,47.38928,7.48390007
8.47809,47.38928,6.929800034
8.47899,47.38928,6.831799984
8.47989,47.38928,6.687099934
8.48079,47.38928,7.17320013
8.48168,47.38928,7.464799881
8.48258,47.38928,6.877900124
8.48348,47.38928,6.031599998
8.48438,47.38928,5.002399921
8.48528,47.38928,3.946199894
8.48618,47.38928,3.621299982
8.48707,47.38928,4.118299961
8.48797,47.38928,5.094500065
8.48887,47.38928,6.397699833
8.48977,47.38928,7.023499966
8.49067,47.38928,7.153900146
8.49157,47.38928,6.535399914
8.49246,47.38928,5.56799984
8.49336,47.38928,4.38560009
8.49426,47.38928,3.68840003
8.49516,47.38928,3.082999945
8.49606,47.38928,2.368799925
8.49696,47.38928,1.663400054
8.49785,47.38928,1.018100023
8.49875,47.38928,0.521899998
8.49965,47.38928,0.486600012
8.50055,47.38928,0.573199987
8.50145,47.38928,0.72359997
8.50235,47.38928,0.819299996
8.50324,47.38928,0.8495
8.50414,47.38928,0.756799996
8.50504,47.38928,0.517199993
8.50594,47.38928,0.293000013
8.50684,47.38928,0.144700006
8.50774,47.38928,0.036600001
8.50863,47.38928,0
8.50953,47.38928,0
8.51043,47.38928,0
8.51133,47.38928,0.083899997
8.51223,47.38928,0.213699996
8.51313,47.38928,0.604700029
8.51402,47.38928,1.051699996
8.51492,47.38928,1.382099986
8.51582,47.38928,1.461699963
8.51672,47.38928,1.270699978
8.51762,47.38928,0.904100001
8.51852,47.38928,0.57889998
8.51941,47.38928,0.448900014
8.52031,47.38928,0.799600005
8.52121,47.38928,1.435600042
8.52211,47.38928,2.412800074
8.52301,47.38928,3.489000082
8.52391,47.38928,4.223899841
8.5248,47.38928,4.464900017
8.5257,47.38928,4.39470005
8.5266,47.38928,3.845999956
8.5275,47.38928,3.520900011
8.5284,47.38928,3.3671
8.5293,47.38928,3.442899942
8.53019,47.38928,3.378099918
8.53109,47.38928,3.124300003
8.53199,47.38928,2.89560008
8.53289,47.38928,2.861599922
8.53379,47.38928,3.081199884
8.53469,47.38928,3.691699982
8.53558,47.38928,4.734700203
8.53648,47.38928,5.595799923
8.53738,47.38928,6.486800194
8.53828,47.38928,6.837600231
8.53918,47.38928,6.712299824
8.54008,47.38928,5.986499786
8.54097,47.38928,4.805399895
8.54187,47.38928,3.744400024
8.54277,47.38928,4.033100128
8.54367,47.38928,4.918000221
8.54457,47.38928,6.394599915
8.54547,47.38928,8.162799835
8.54636,47.38928,9.303799629
8.54726,47.38928,9.3125
8.54816,47.38928,8.522500038
8.54906,47.38928,6.944300175
8.54996,47.38928,5.486499786
8.55086,47.38928,4.577700138
8.55175,47.38928,3.639300108
8.55265,47.38928,3.11619997
8.55355,47.38928,2.614099979
8.55445,47.38928,1.921599984
8.55535,47.38928,1.348399997
8.55625,47.38928,1.016499996
8.55714,47.38928,0.72359997
8.55804,47.38928,0.560199976
8.55894,47.38928,0.353799999
8.55984,47.38928,0.136000007
8.56074,47.38928,0.0091
8.56163,47.38928,0
8.56253,47.38928,0
8.56343,47.38928,0
8.56433,47.38928,0
8.56523,47.38928,0
8.56613,47.38928,0
8.56702,47.38928,0
8.56792,47.38928,0
8.56882,47.38928,0
8.56972,47.38928,0
8.57062,47.38928,0
8.57152,47.38928,0
8.57241,47.38928,0
8.57331,47.38928,0
8.57421,47.38928,0
8.57511,47.38928,0.091399997
8.57601,47.38928,0.133100003
8.57691,47.38928,0.1822
8.5778,47.38928,0.158199996
8.5787,47.38928,0.110299997
8.5796,47.38928,0
8.5805,47.38928,0
8.5814,47.38928,0
8.5823,47.38928,0
8.58319,47.38928,0
8.58409,47.38928,0
8.58499,47.38928,0
8.58589,47.38928,0
8.58679,47.38928,0
8.58769,47.38928,0
8.46192,47.38867,0
8.46282,47.38867,0
8.46372,47.38867,0
8.46462,47.38867,0
8.46552,47.38867,0
8.46641,47.38867,0.036600001
8.46731,47.38867,0.152199998
8.46821,47.38867,0.357800007
8.46911,47.38867,0.672599971
8.47001,47.38867,1.225600004
8.47091,47.38867,2.137300015
8.4718,47.38867,3.249000072
8.4727,47.38867,4.554999828
8.4736,47.38867,5.915999889
8.4745,47.38867,7.289000034
8.4754,47.38867,8.476799965
8.47629,47.38867,9.079199791
8.47719,47.38867,8.88710022
8.47809,47.38867,8.350099564
8.47899,47.38867,7.703000069
8.47989,47.38867,7.235000134
8.48079,47.38867,7.616700172
8.48168,47.38867,7.956600189
8.48258,47.38867,7.542900085
8.48348,47.38867,6.520199776
8.48438,47.38867,5.220600128
8.48528,47.38867,4.00579977
8.48618,47.38867,3.428999901
8.48707,47.38867,3.624799967
8.48797,47.38867,4.924399853
8.48887,47.38867,6.152200222
8.48977,47.38867,7.08409977
8.49067,47.38867,6.835199833
8.49157,47.38867,5.918200016
8.49246,47.38867,5.127299786
8.49336,47.38867,4.154600143
8.49426,47.38867,3.624000072
8.49516,47.38867,3.214900017
8.49606,47.38867,2.630599976
8.49696,47.38867,1.945600033
8.49785,47.38867,1.357300043
8.49875,47.38867,0.930700004
8.49965,47.38867,0.987200022
8.50055,47.38867,1.136000037
8.50145,47.38867,1.344200015
8.50235,47.38867,1.412400007
8.50324,47.38867,1.419700027
8.50414,47.38867,1.171300054
8.50504,47.38867,0.858399987
8.50594,47.38867,0.492799997
8.50684,47.38867,0.243799999
8.50774,47.38867,0.095799997
8.50863,47.38867,0.036600001
8.50953,47.38867,0.050299998
8.51043,47.38867,0.0189
8.51133,47.38867,0.0704
8.51223,47.38867,0.306400001
8.51313,47.38867,0.758099973
8.51402,47.38867,1.231099963
8.51492,47.38867,1.613800049
8.51582,47.38867,1.701900005
8.51672,47.38867,1.439299941
8.51762,47.38867,1.030900002
8.51852,47.38867,0.614899993
8.51941,47.38867,0.398499995
8.52031,47.38867,0.502900004
8.52121,47.38867,1.387799978
8.52211,47.38867,2.426599979
8.52301,47.38867,3.482199907
8.52391,47.38867,4.626200199
8.5248,47.38867,5.184999943
8.5257,47.38867,5.074399948
8.5266,47.38867,4.991300106
8.5275,47.38867,5.033400059
8.5284,47.38867,4.955299854
8.5293,47.38867,5.056300163
8.53019,47.38867,5.023700237
8.53109,47.38867,4.663700104
8.53199,47.38867,3.802400112
8.53289,47.38867,2.9381001
8.53379,47.38867,2.400899887
8.53469,47.38867,2.236399889
8.53558,47.38867,3.040400028
8.53648,47.38867,3.813800097
8.53738,47.38867,4.670100212
8.53828,47.38867,5.270400047
8.53918,47.38867,5.605400085
8.54008,47.38867,4.961100101
8.54097,47.38867,4.321400166
8.54187,47.38867,3.609600067
8.54277,47.38867,3.934900045
8.54367,47.38867,4.937600136
8.54457,47.38867,6.478199959
8.54547,47.38867,7.889100075
8.54636,47.38867,9.024600029
8.54726,47.38867,9.141799927
8.54816,47.38867,8.205400467
8.54906,47.38867,6.690000057
8.54996,47.38867,5.454599857
8.55086,47.38867,4.449500084
8.55175,47.38867,3.813899994
8.55265,47.38867,3.189100027
8.55355,47.38867,2.641400099
8.55445,47.38867,2.113199949
8.55535,47.38867,1.728000045
8.55625,47.38867,1.297099948
8.55714,47.38867,1.092300057
8.55804,47.38867,0.916100025
8.55894,47.38867,0.635900021
8.55984,47.38867,0.348399997
8.56074,47.38867,0.164199993
8.56163,47.38867,0.0063
8.56253,47.38867,0
8.56343,47.38867,0
8.56433,47.38867,0
8.56523,47.38867,0
8.56613,47.38867,0
8.56702,47.38867,0
8.56792,47.38867,0
8.56882,47.38867,0
8.56972,47.38867,0
8.57062,47.38867,0
8.57152,47.38867,0
8.57241,47.38867,0
8.57331,47.38867,0
8.57421,47.38867,0.091399997
8.57511,47.38867,0.216600001
8.57601,47.38867,0.364300013
8.57691,47.38867,0.469199985
8.5778,47.38867,0.434199989
8.5787,47.38867,0.314999998
8.5796,47.38867,0.167899996
8.5805,47.38867,0.0274
8.5814,47.38867,0
8.5823,47.38867,0
8.58319,47.38867,0
8.58409,47.38867,0
8.58499,47.38867,0
8.58589,47.38867,0
8.58679,47.38867,0
8.58769,47.38867,0
8.58858,47.38867,0
8.58948,47.38867,0
8.46192,47.38806,0
8.46282,47.38806,0
8.46372,47.38806,0
8.46462,47.38806,0
8.46552,47.38806,0
8.46641,47.38806,0
8.46731,47.38806,0.018300001
8.46821,47.38806,0.075800002
8.46911,47.38806,0.335399985
8.47001,47.38806,0.739700019
8.47091,47.38806,1.529899955
8.4718,47.38806,2.558500052
8.4727,47.38806,4.023700237
8.4736,47.38806,5.397299767
8.4745,47.38806,7.255599976
8.4754,47.38806,8.752900124
8.47629,47.38806,9.578499794
8.47719,47.38806,9.596899986
8.47809,47.38806,9.109999657
8.47899,47.38806,8.267299652
8.47989,47.38806,7.936900139
8.48079,47.38806,7.684100151
8.48168,47.38806,7.807199955
8.48258,47.38806,7.713600159
8.48348,47.38806,6.741399765
8.48438,47.38806,5.395400047
8.48528,47.38806,4.069300175
8.48618,47.38806,3.757800102
8.48707,47.38806,3.637000084
8.48797,47.38806,4.797500134
8.48887,47.38806,6.082300186
8.48977,47.38806,6.643499851
8.49067,47.38806,6.489200115
8.49157,47.38806,5.565499783
8.49246,47.38806,4.274700165
8.49336,47.38806,3.692399979
8.49426,47.38806,3.322599888
8.49516,47.38806,3.122600079
8.49606,47.38806,2.89289999
8.49696,47.38806,2.387599945
8.49785,47.38806,2.029700041
8.49875,47.38806,1.932999969
8.49965,47.38806,2.036999941
8.50055,47.38806,2.239000082
8.50145,47.38806,2.306900024
8.50235,47.38806,2.240700006
8.50324,47.38806,2.061199903
8.50414,47.38806,1.53489995
8.50504,47.38806,1.107300043
8.50594,47.38806,0.628000021
8.50684,47.38806,0.375099987
8.50774,47.38806,0.256500006
8.50863,47.38806,0.209999993
8.50953,47.38806,0.1646
8.51043,47.38806,0.213300005
8.51133,47.38806,0.169599995
8.51223,47.38806,0.237499997
8.51313,47.38806,0.68900001
8.51402,47.38806,1.163400054
8.51492,47.38806,1.523800015
8.51582,47.38806,1.603999972
8.51672,47.38806,1.352800012
8.51762,47.38806,0.913500011
8.51852,47.38806,0.523899972
8.51941,47.38806,0.244000003
8.52031,47.38806,0.561500013
8.52121,47.38806,1.209100008
8.52211,47.38806,2.329999924
8.52301,47.38806,3.667299986
8.52391,47.38806,4.686399937
8.5248,47.38806,5.47510004
8.5257,47.38806,6.006400108
8.5266,47.38806,6.168600082
8.5275,47.38806,6.49630022
8.5284,47.38806,6.72879982
8.5293,47.38806,7.088500023
8.53019,47.38806,7.133200169
8.53109,47.38806,6.447299957
8.53199,47.38806,4.903800011
8.53289,47.38806,3.413899899
8.53379,47.38806,2.13560009
8.53469,47.38806,1.416300058
8.53558,47.38806,1.657699943
8.53648,47.38806,2.284199953
8.53738,47.38806,3.022599936
8.53828,47.38806,3.772799969
8.53918,47.38806,4.218800068
8.54008,47.38806,4.137899876
8.54097,47.38806,3.877000093
8.54187,47.38806,3.8197999
8.54277,47.38806,4.174300194
8.54367,47.38806,5.243999958
8.54457,47.38806,6.449200153
8.54547,47.38806,7.82460022
8.54636,47.38806,8.479299545
8.54726,47.38806,8.295100212
8.54816,47.38806,7.364200115
8.54906,47.38806,6.156400204
8.54996,47.38806,4.927899837
8.55086,47.38806,4.271999836
8.55175,47.38806,3.690299988
8.55265,47.38806,3.259799957
8.55355,47.38806,2.763700008
8.55445,47.38806,2.210799932
8.55535,47.38806,1.869500041
8.55625,47.38806,1.671599984
8.55714,47.38806,1.443199992
8.55804,47.38806,1.260200024
8.55894,47.38806,0.990800023
8.55984,47.38806,0.699699998
8.56074,47.38806,0.415499985
8.56163,47.38806,0.191799998
8.56253,47.38806,0.098999999
8.56343,47.38806,0.0217
8.56433,47.38806,0
8.56523,47.38806,0
8.56613,47.38806,0
8.56702,47.38806,0
8.56792,47.38806,0
8.56882,47.38806,0
8.56972,47.38806,0
8.57062,47.38806,0
8.57152,47.38806,0
8.57241,47.38806,0
8.57331,47.38806,0
8.57421,47.38806,0.222200006
8.57511,47.38806,0.449200004
8.57601,47.38806,0.705900013
8.57691,47.38806,0.843299985
8.5778,47.38806,0.803300023
8.5787,47.38806,0.603600025
8.5796,47.38806,0.349099994
8.5805,47.38806,0.087800004
8.5814,47.38806,0.0274
8.5823,47.38806,0
8.58319,47.38806,0
8.58409,47.38806,0
8.58499,47.38806,0
8.58589,47.38806,0
8.58679,47.38806,0
8.58769,47.38806,0
8.58858,47.38806,0
8.58948,47.38806,0
8.59038,47.38806,0
8.59128,47.38806,0
8.46102,47.38746,0
8.46192,47.38746,0
8.46282,47.38746,0
8.46372,47.38746,0
8.46462,47.38746,0
8.46552,47.38746,0
8.46641,47.38746,0
8.46731,47.38746,0
8.46821,47.38746,0
8.46911,47.38746,0.0126
8.47001,47.38746,0.367700011
8.47091,47.38746,1.004699945
8.4718,47.38746,1.835999966
8.4727,47.38746,3.036900043
8.4736,47.38746,4.562900066
8.4745,47.38746,6.337999821
8.4754,47.38746,8.061800003
8.47629,47.38746,9.445599556
8.47719,47.38746,9.733400345
8.47809,47.38746,9.156700134
8.47899,47.38746,8.310500145
8.47989,47.38746,7.504399776
8.48079,47.38746,7.445000172
8.48168,47.38746,7.613999844
8.48258,47.38746,7.497300148
8.48348,47.38746,6.961699963
8.48438,47.38746,5.885200024
8.48528,47.38746,4.398799896
8.48618,47.38746,3.887200117
8.48707,47.38746,4.082699776
8.48797,47.38746,4.896500111
8.48887,47.38746,5.899400234
8.48977,47.38746,6.296899796
8.49067,47.38746,5.77699995
8.49157,47.38746,4.640100002
8.49246,47.38746,3.651400089
8.49336,47.38746,3.022500038
8.49426,47.38746,3.043400049
8.49516,47.38746,3.084000111
8.49606,47.38746,3.133699894
8.49696,47.38746,2.99819994
8.49785,47.38746,2.921299934
8.49875,47.38746,2.923899889
8.49965,47.38746,3.296799898
8.50055,47.38746,3.452300072
8.50145,47.38746,3.485399961
8.50235,47.38746,3.181900024
8.50324,47.38746,2.522799969
8.50414,47.38746,1.857800007
8.50504,47.38746,1.222599983
8.50594,47.38746,0.682299972
8.50684,47.38746,0.487899989
8.50774,47.38746,0.465000004
8.50863,47.38746,0.672399998
8.50953,47.38746,0.800700009
8.51043,47.38746,0.944999993
8.51133,47.38746,0.558600008
8.51223,47.38746,0.543099999
8.51313,47.38746,0.595600009
8.51402,47.38746,0.885500014
8.51492,47.38746,1.160599947
8.51582,47.38746,1.226799965
8.51672,47.38746,1.026900053
8.51762,47.38746,0.673300028
8.51852,47.38746,0.337300003
8.51941,47.38746,0.131600007
8.52031,47.38746,0.538100004
8.52121,47.38746,1.233399987
8.52211,47.38746,2.222500086
8.52301,47.38746,3.52670002
8.52391,47.38746,4.697299957
8.5248,47.38746,5.810400009
8.5257,47.38746,6.870200157
8.5266,47.38746,7.513000011
8.5275,47.38746,8.018500328
8.5284,47.38746,8.707699776
8.5293,47.38746,9.134599686
8.53019,47.38746,8.894800186
8.53109,47.38746,8.004500389
8.53199,47.38746,6.243199825
8.53289,47.38746,4.014800072
8.53379,47.38746,2.082999945
8.53469,47.38746,0.900399983
8.53558,47.38746,0.622699976
8.53648,47.38746,1.164899945
8.53738,47.38746,1.907999992
8.53828,47.38746,2.728600025
8.53918,47.38746,3.098400116
8.54008,47.38746,3.490700006
8.54097,47.38746,3.629199982
8.54187,47.38746,3.915699959
8.54277,47.38746,4.464300156
8.54367,47.38746,5.611499786
8.54457,47.38746,6.652599812
8.54547,47.38746,7.71999979
8.54636,47.38746,7.849899769
8.54726,47.38746,7.406000137
8.54816,47.38746,6.506199837
8.54906,47.38746,5.482900143
8.54996,47.38746,4.602399826
8.55086,47.38746,4.267399788
8.55175,47.38746,3.861000061
8.55265,47.38746,3.540800095
8.55355,47.38746,2.921200037
8.55445,47.38746,2.361399889
8.55535,47.38746,2.049299955
8.55625,47.38746,1.902699947
8.55714,47.38746,1.725800037
8.55804,47.38746,1.678799987
8.55894,47.38746,1.378299952
8.55984,47.38746,1.01730001
8.56074,47.38746,0.677999973
8.56163,47.38746,0.485599995
8.56253,47.38746,0.264600009
8.56343,47.38746,0.147
8.56433,47.38746,0.054000001
8.56523,47.38746,0.018300001
8.56613,47.38746,0
8.56702,47.38746,0
8.56792,47.38746,0
8.56882,47.38746,0
8.56972,47.38746,0
8.57062,47.38746,0
8.57152,47.38746,0
8.57241,47.38746,0.036600001
8.57331,47.38746,0.1435
8.57421,47.38746,0.377099991
8.57511,47.38746,0.690100014
8.57601,47.38746,1.011800051
8.57691,47.38746,1.162899971
8.5778,47.38746,1.106099963
8.5787,47.38746,0.851899981
8.5796,47.38746,0.522199988
8.5805,47.38746,0.218099996
8.5814,47.38746,0.039900001
8.5823,47.38746,0
8.58319,47.38746,0
8.58409,47.38746,0
8.58499,47.38746,0
8.58589,47.38746,0.0063
8.58679,47.38746,0.0251
8.58769,47.38746,0.0063
8.58858,47.38746,0.0126
8.58948,47.38746,0.0063
8.59038,47.38746,0
8.59128,47.38746,0
8.59218,47.38746,0
8.59308,47.38746,0
8.46102,47.38685,0
8.46192,47.38685,0
8.46282,47.38685,0
8.46372,47.38685,0
8.46462,47.38685,0
8.46552,47.38685,0
8.46641,47.38685,0
8.46731,47.38685,0
8.46821,47.38685,0
8.46911,47.38685,0
8.47001,47.38685,0.045699999
8.47091,47.38685,0.461800009
8.4718,47.38685,1.067199945
8.4727,47.38685,1.910300016
8.4736,47.38685,3.305399895
8.4745,47.38685,5.035099983
8.4754,47.38685,6.769800186
8.47629,47.38685,8.191699982
8.47719,47.38685,8.751799583
8.47809,47.38685,8.412799835
8.47899,47.38685,7.693500042
8.47989,47.38685,6.933899879
8.48079,47.38685,6.777999878
8.48168,47.38685,6.784599781
8.48258,47.38685,6.933400154
8.48348,47.38685,6.651500225
8.48438,47.38685,5.873000145
8.48528,47.38685,5.100699902
8.48618,47.38685,4.42840004
8.48707,47.38685,4.569099903
8.48797,47.38685,5.395800114
8.48887,47.38685,6.08010006
8.48977,47.38685,6.032400131
8.49067,47.38685,5.191599846
8.49157,47.38685,3.881500006
8.49246,47.38685,2.950400114
8.49336,47.38685,2.462800026
8.49426,47.38685,2.519599915
8.49516,47.38685,2.885499954
8.49606,47.38685,3.09890008
8.49696,47.38685,3.26789999
8.49785,47.38685,3.75270009
8.49875,47.38685,4.08589983
8.49965,47.38685,4.499300003
8.50055,47.38685,4.87130022
8.50145,47.38685,4.659200192
8.50235,47.38685,3.900099993
8.50324,47.38685,2.905299902
8.50414,47.38685,1.99240005
8.50504,47.38685,1.138700008
8.50594,47.38685,0.711000025
8.50684,47.38685,0.639599979
8.50774,47.38685,0.975099981
8.50863,47.38685,1.682199955
8.50953,47.38685,2.085200071
8.51043,47.38685,2.24119997
8.51133,47.38685,2.010699987
8.51223,47.38685,1.44749999
8.51313,47.38685,0.92110002
8.51402,47.38685,0.915899992
8.51492,47.38685,0.805599988
8.51582,47.38685,0.755900025
8.51672,47.38685,0.599399984
8.51762,47.38685,0.385600001
8.51852,47.38685,0.126399994
8.51941,47.38685,0.206799999
8.52031,47.38685,0.573199987
8.52121,47.38685,1.23300004
8.52211,47.38685,2.090199947
8.52301,47.38685,3.253499985
8.52391,47.38685,4.429999828
8.5248,47.38685,6.111499786
8.5257,47.38685,7.647900105
8.5266,47.38685,8.858099937
8.5275,47.38685,9.77009964
8.5284,47.38685,10.48270035
8.5293,47.38685,10.62779999
8.53019,47.38685,10.09039974
8.53109,47.38685,8.872200012
8.53199,47.38685,6.98210001
8.53289,47.38685,4.566299915
8.53379,47.38685,2.391700029
8.53469,47.38685,0.7755
8.53558,47.38685,0.443800002
8.53648,47.38685,0.755299985
8.53738,47.38685,1.218899965
8.53828,47.38685,1.929299951
8.53918,47.38685,2.379699945
8.54008,47.38685,2.813199997
8.54097,47.38685,3.235599995
8.54187,47.38685,3.855200052
8.54277,47.38685,4.637000084
8.54367,47.38685,5.860199928
8.54457,47.38685,6.846700192
8.54547,47.38685,7.526000023
8.54636,47.38685,7.634200096
8.54726,47.38685,6.923999786
8.54816,47.38685,5.912499905
8.54906,47.38685,5.070000172
8.54996,47.38685,4.651000023
8.55086,47.38685,4.548799992
8.55175,47.38685,4.474199772
8.55265,47.38685,4.16629982
8.55355,47.38685,3.543200016
8.55445,47.38685,2.824599981
8.55535,47.38685,2.35010004
8.55625,47.38685,2.111399889
8.55714,47.38685,2.002500057
8.55804,47.38685,1.899099946
8.55894,47.38685,1.709300041
8.55984,47.38685,1.405099988
8.56074,47.38685,1.085199952
8.56163,47.38685,0.757799983
8.56253,47.38685,0.549499989
8.56343,47.38685,0.332100004
8.56433,47.38685,0.124600001
8.56523,47.38685,0.052499998
8.56613,47.38685,0.018300001
8.56702,47.38685,0
8.56792,47.38685,0
8.56882,47.38685,0
8.56972,47.38685,0
8.57062,47.38685,0
8.57152,47.38685,0.036600001
8.57241,47.38685,0.086599998
8.57331,47.38685,0.187900007
8.57421,47.38685,0.502399981
8.57511,47.38685,0.846099973
8.57601,47.38685,1.164299965
8.57691,47.38685,1.329900026
8.5778,47.38685,1.238000035
8.5787,47.38685,0.952099979
8.5796,47.38685,0.585200012
8.5805,47.38685,0.216199994
8.5814,47.38685,0.0704
8.5823,47.38685,0.0189
8.58319,47.38685,0
8.58409,47.38685,0.0091
8.58499,47.38685,0.049899999
8.58589,47.38685,0.077399999
8.58679,47.38685,0.111500002
8.58769,47.38685,0.125799999
8.58858,47.38685,0.0933
8.58948,47.38685,0.050799999
8.59038,47.38685,0.031599998
8.59128,47.38685,0.0091
8.59218,47.38685,0
8.59308,47.38685,0
8.59397,47.38685,0
8.46013,47.38624,0
8.46102,47.38624,0
8.46192,47.38624,0
8.46282,47.38624,0
8.46372,47.38624,0
8.46462,47.38624,0
8.46552,47.38624,0
8.46641,47.38624,0
8.46731,47.38624,0
8.46821,47.38624,0
8.46911,47.38624,0
8.47001,47.38624,0
8.47091,47.38624,0.128000006
8.4718,47.38624,0.397399992
8.4727,47.38624,0.890600026
8.4736,47.38624,1.69599998
8.4745,47.38624,3.264199972
8.4754,47.38624,5.052100182
8.47629,47.38624,6.294499874
8.47719,47.38624,7.10860014
8.47809,47.38624,7.063000202
8.47899,47.38624,6.545899868
8.47989,47.38624,5.76609993
8.48079,47.38624,5.420100212
8.48168,47.38624,5.836999893
8.48258,47.38624,6.270599842
8.48348,47.38624,6.32460022
8.48438,47.38624,6.049600124
8.48528,47.38624,5.303800106
8.48618,47.38624,4.9927001
8.48707,47.38624,5.123899937
8.48797,47.38624,5.59649992
8.48887,47.38624,6.037099838
8.48977,47.38624,5.591599941
8.49067,47.38624,4.543600082
8.49157,47.38624,3.199199915
8.49246,47.38624,1.873299956
8.49336,47.38624,1.843600035
8.49426,47.38624,1.932600021
8.49516,47.38624,2.381400108
8.49606,47.38624,2.969099998
8.49696,47.38624,3.772500038
8.49785,47.38624,4.374100208
8.49875,47.38624,5.130700111
8.49965,47.38624,5.771299839
8.50055,47.38624,5.742800236
8.50145,47.38624,5.28429985
8.50235,47.38624,4.346899986
8.50324,47.38624,3.092400074
8.50414,47.38624,1.971300006
8.50504,47.38624,1.094200015
8.50594,47.38624,0.677900016
8.50684,47.38624,0.796700001
8.50774,47.38624,1.735000014
8.50863,47.38624,2.658400059
8.50953,47.38624,3.493400097
8.51043,47.38624,3.826600075
8.51133,47.38624,3.642800093
8.51223,47.38624,3.056400061
8.51313,47.38624,2.315599918
8.51402,47.38624,1.465299964
8.51492,47.38624,1.087299943
8.51582,47.38624,0.721499979
8.51672,47.38624,0.269199997
8.51762,47.38624,0.111199997
8.51852,47.38624,0.036600001
8.51941,47.38624,0
8.52031,47.38624,0.468300015
8.52121,47.38624,1.097200036
8.52211,47.38624,1.755800009
8.52301,47.38624,2.675600052
8.52391,47.38624,4.030099869
8.5248,47.38624,5.955599785
8.5257,47.38624,8.205699921
8.5266,47.38624,9.701899529
8.5275,47.38624,10.85980034
8.5284,47.38624,11.55830002
8.5293,47.38624,11.29669952
8.53019,47.38624,10.27840042
8.53109,47.38624,8.978199959
8.53199,47.38624,7.12169981
8.53289,47.38624,4.83409977
8.53379,47.38624,2.679399967
8.53469,47.38624,1.166499972
8.53558,47.38624,0.594200015
8.53648,47.38624,0.595700026
8.53738,47.38624,0.982800007
8.53828,47.38624,1.441400051
8.53918,47.38624,1.899299979
8.54008,47.38624,2.328500032
8.54097,47.38624,2.797600031
8.54187,47.38624,3.582799912
8.54277,47.38624,4.486000061
8.54367,47.38624,5.666200161
8.54457,47.38624,6.771299839
8.54547,47.38624,7.412099838
8.54636,47.38624,7.305399895
8.54726,47.38624,6.580699921
8.54816,47.38624,5.875999928
8.54906,47.38624,5.041699886
8.54996,47.38624,4.838900089
8.55086,47.38624,5.102700233
8.55175,47.38624,5.252999783
8.55265,47.38624,4.988900185
8.55355,47.38624,4.335700035
8.55445,47.38624,3.543499947
8.55535,47.38624,2.866400003
8.55625,47.38624,2.467799902
8.55714,47.38624,2.378799915
8.55804,47.38624,2.183900118
8.55894,47.38624,2.052000046
8.55984,47.38624,1.732900023
8.56074,47.38624,1.425300002
8.56163,47.38624,1.026600003
8.56253,47.38624,0.782100022
8.56343,47.38624,0.524200022
8.56433,47.38624,0.350100011
8.56523,47.38624,0.128900006
8.56613,47.38624,0.0266
8.56702,47.38624,0
8.56792,47.38624,0
8.56882,47.38624,0
8.56972,47.38624,0
8.57062,47.38624,0
8.57152,47.38624,0.062399998
8.57241,47.38624,0.142399997
8.57331,47.38624,0.256000012
8.57421,47.38624,0.536800027
8.57511,47.38624,0.826900005
8.57601,47.38624,1.103800058
8.57691,47.38624,1.230200052
8.5778,47.38624,1.115800023
8.5787,47.38624,0.856700003
8.5796,47.38624,0.538399994
8.5805,47.38624,0.204500005
8.5814,47.38624,0.058800001
8.5823,47.38624,0
8.58319,47.38624,0.0091
8.58409,47.38624,0.0537
8.58499,47.38624,0.111500002
8.58589,47.38624,0.194600001
8.58679,47.38624,0.278800011
8.58769,47.38624,0.254999995
8.58858,47.38624,0.219300002
8.58948,47.38624,0.149800003
8.59038,47.38624,0.0682
8.59128,47.38624,0.035399999
8.59218,47.38624,0.0091
8.59308,47.38624,0
8.59397,47.38624,0
8.45923,47.38563,0
8.46013,47.38563,0
8.46102,47.38563,0
8.46192,47.38563,0
8.46282,47.38563,0
8.46372,47.38563,0
8.46462,47.38563,0
8.46552,47.38563,0
8.46641,47.38563,0
8.46731,47.38563,0
8.46821,47.38563,0
8.46911,47.38563,0
8.47001,47.38563,0
8.47091,47.38563,0
8.4718,47.38563,0.146300003
8.4727,47.38563,0.362399995
8.4736,47.38563,0.942099988
8.4745,47.38563,1.919199944
8.4754,47.38563,3.314599991
8.47629,47.38563,4.547999859
8.47719,47.38563,5.261000156
8.47809,47.38563,5.478000164
8.47899,47.38563,5.353099823
8.47989,47.38563,4.897399902
8.48079,47.38563,4.768899918
8.48168,47.38563,5.205599785
8.48258,47.38563,5.543200016
8.48348,47.38563,6.035299778
8.48438,47.38563,5.700900078
8.48528,47.38563,5.539800167
8.48618,47.38563,5.601799965
8.48707,47.38563,5.786200047
8.48797,47.38563,5.85710001
8.48887,47.38563,5.872399807
8.48977,47.38563,5.105899811
8.49067,47.38563,3.840800047
8.49157,47.38563,2.489900112
8.49246,47.38563,1.340499997
8.49336,47.38563,0.913100004
8.49426,47.38563,1.213400006
8.49516,47.38563,2.117599964
8.49606,47.38563,2.811300039
8.49696,47.38563,4.040500164
8.49785,47.38563,5.215199947
8.49875,47.38563,6.177899837
8.49965,47.38563,6.615499973
8.50055,47.38563,6.458199978
8.50145,47.38563,5.472599983
8.50235,47.38563,4.177100182
8.50324,47.38563,2.864300013
8.50414,47.38563,1.725000024
8.50504,47.38563,0.896099985
8.50594,47.38563,0.618300021
8.50684,47.38563,1.00940001
8.50774,47.38563,2.115999937
8.50863,47.38563,3.371400118
8.50953,47.38563,4.655200005
8.51043,47.38563,5.490499973
8.51133,47.38563,5.650300026
8.51223,47.38563,5.143000126
8.51313,47.38563,4.186399937
8.51402,47.38563,3.176399946
8.51492,47.38563,2.299200058
8.51582,47.38563,1.378999949
8.51672,47.38563,0.651000023
8.51762,47.38563,0.195700005
8.51852,47.38563,0.063600004
8.51941,47.38563,0.0091
8.52031,47.38563,0.274300009
8.52121,47.38563,0.777800024
8.52211,47.38563,1.241299987
8.52301,47.38563,1.92019999
8.52391,47.38563,3.237499952
8.5248,47.38563,5.478899956
8.5257,47.38563,7.799699783
8.5266,47.38563,9.826999664
8.5275,47.38563,10.93029976
8.5284,47.38563,11.36419964
8.5293,47.38563,10.90019989
8.53019,47.38563,9.89109993
8.53109,47.38563,8.415499687
8.53199,47.38563,6.730500221
8.53289,47.38563,4.72840023
8.53379,47.38563,2.927099943
8.53469,47.38563,1.512300015
8.53558,47.38563,0.825200021
8.53648,47.38563,0.763000011
8.53738,47.38563,0.837700009
8.53828,47.38563,1.113000035
8.53918,47.38563,1.33920002
8.54008,47.38563,1.760200024
8.54097,47.38563,2.28579998
8.54187,47.38563,2.974100113
8.54277,47.38563,3.849699974
8.54367,47.38563,5.156300068
8.54457,47.38563,6.283400059
8.54547,47.38563,7.000599861
8.54636,47.38563,6.950500011
8.54726,47.38563,6.301000118
8.54816,47.38563,5.654600143
8.54906,47.38563,5.146800041
8.54996,47.38563,5.16989994
8.55086,47.38563,5.583000183
8.55175,47.38563,5.95359993
8.55265,47.38563,6.067900181
8.55355,47.38563,5.397900105
8.55445,47.38563,4.486000061
8.55535,47.38563,3.700099945
8.55625,47.38563,3.134200096
8.55714,47.38563,2.777199984
8.55804,47.38563,2.499000072
8.55894,47.38563,2.255599976
8.55984,47.38563,1.982800007
8.56074,47.38563,1.675799966
8.56163,47.38563,1.401800036
8.56253,47.38563,1.124600053
8.56343,47.38563,0.877900004
8.56433,47.38563,0.586899996
8.56523,47.38563,0.340499997
8.56613,47.38563,0.164900005
8.56702,47.38563,0.039999999
8.56792,47.38563,0
8.56882,47.38563,0
8.56972,47.38563,0
8.57062,47.38563,0.0251
8.57152,47.38563,0.079899997
8.57241,47.38563,0.152600005
8.57331,47.38563,0.254900008
8.57421,47.38563,0.429699987
8.57511,47.38563,0.69660002
8.57601,47.38563,0.869000018
8.57691,47.38563,0.929899991
8.5778,47.38563,0.83829999
8.5787,47.38563,0.62650001
8.5796,47.38563,0.329699993
8.5805,47.38563,0.127800003
8.5814,47.38563,0.0274
8.5823,47.38563,0
8.58319,47.38563,0.0133
8.58409,47.38563,0.087200001
8.58499,47.38563,0.230000004
8.58589,47.38563,0.362699986
8.58679,47.38563,0.452600002
8.58769,47.38563,0.45539999
8.58858,47.38563,0.379599988
8.58948,47.38563,0.234699994
8.59038,47.38563,0.1175
8.59128,47.38563,0.0515
8.59218,47.38563,0.0133
8.59308,47.38563,0
8.59397,47.38563,0
8.45833,47.38502,0
8.45923,47.38502,0
8.46013,47.38502,0
8.46102,47.38502,0
8.46192,47.38502,0
8.46282,47.38502,0
8.46372,47.38502,0
8.46462,47.38502,0
8.46552,47.38502,0
8.46641,47.38502,0
8.46731,47.38502,0
8.46821,47.38502,0
8.46911,47.38502,0
8.47001,47.38502,0
8.47091,47.38502,0.0091
8.4718,47.38502,0.066100001
8.4727,47.38502,0.183899999
8.4736,47.38502,0.541400015
8.4745,47.38502,1.005399942
8.4754,47.38502,1.954300046
8.47629,47.38502,2.900099993
8.47719,47.38502,3.704099894
8.47809,47.38502,3.983500004
8.47899,47.38502,3.971800089
8.47989,47.38502,3.982500076
8.48079,47.38502,4.272699833
8.48168,47.38502,4.778699875
8.48258,47.38502,5.23759985
8.48348,47.38502,5.632599831
8.48438,47.38502,5.735000134
8.48528,47.38502,5.748600006
8.48618,47.38502,5.647399902
8.48707,47.38502,5.857600212
8.48797,47.38502,5.761799812
8.48887,47.38502,5.400400162
8.48977,47.38502,4.47179985
8.49067,47.38502,3.215899944
8.49157,47.38502,1.717300057
8.49246,47.38502,0.848200023
8.49336,47.38502,0.521200001
8.49426,47.38502,0.930000007
8.49516,47.38502,1.828199983
8.49606,47.38502,3.16779995
8.49696,47.38502,4.793799877
8.49785,47.38502,6.101399899
8.49875,47.38502,7.112699986
8.49965,47.38502,7.185800076
8.50055,47.38502,6.489099979
8.50145,47.38502,5.253399849
8.50235,47.38502,3.898000002
8.50324,47.38502,2.502099991
8.50414,47.38502,1.49059999
8.50504,47.38502,0.858500004
8.50594,47.38502,0.798799992
8.50684,47.38502,1.110499978
8.50774,47.38502,2.199300051
8.50863,47.38502,3.635200024
8.50953,47.38502,5.136600018
8.51043,47.38502,6.444300175
8.51133,47.38502,6.900100231
8.51223,47.38502,6.832600117
8.51313,47.38502,6.433199883
8.51402,47.38502,5.621500015
8.51492,47.38502,4.432099819
8.51582,47.38502,3.222899914
8.51672,47.38502,1.925899982
8.51762,47.38502,0.895699978
8.51852,47.38502,0.466199994
8.51941,47.38502,0.160099998
8.52031,47.38502,0.0823
8.52121,47.38502,0.374900013
8.52211,47.38502,0.70599997
8.52301,47.38502,1.148499966
8.52391,47.38502,2.132499933
8.5248,47.38502,4.379899979
8.5257,47.38502,6.597000122
8.5266,47.38502,8.716799736
8.5275,47.38502,9.937000275
8.5284,47.38502,10.10459995
8.5293,47.38502,9.586099625
8.53019,47.38502,8.755700111
8.53109,47.38502,7.289899826
8.53199,47.38502,6.214099884
8.53289,47.38502,4.854000092
8.53379,47.38502,3.220799923
8.53469,47.38502,1.952900052
8.53558,47.38502,1.39470005
8.53648,47.38502,1.050799966
8.53738,47.38502,0.804099977
8.53828,47.38502,0.868900001
8.53918,47.38502,1.033100009
8.54008,47.38502,1.229799986
8.54097,47.38502,1.714599967
8.54187,47.38502,2.382499933
8.54277,47.38502,3.135200024
8.54367,47.38502,4.197100163
8.54457,47.38502,5.409800053
8.54547,47.38502,6.023499966
8.54636,47.38502,6.219399929
8.54726,47.38502,5.907400131
8.54816,47.38502,5.491399765
8.54906,47.38502,5.15719986
8.54996,47.38502,5.417699814
8.55086,47.38502,5.994999886
8.55175,47.38502,6.594799995
8.55265,47.38502,6.775899887
8.55355,47.38502,6.225699902
8.55445,47.38502,5.486700058
8.55535,47.38502,4.738299847
8.55625,47.38502,4.031400204
8.55714,47.38502,3.468499899
8.55804,47.38502,3.067800045
8.55894,47.38502,2.53760004
8.55984,47.38502,2.185499907
8.56074,47.38502,1.884500027
8.56163,47.38502,1.699100018
8.56253,47.38502,1.480599999
8.56343,47.38502,1.219400048
8.56433,47.38502,0.879100025
8.56523,47.38502,0.637600005
8.56613,47.38502,0.358700007
8.56702,47.38502,0.151899993
8.56792,47.38502,0.0274
8.56882,47.38502,0
8.56972,47.38502,0
8.57062,47.38502,0.0063
8.57152,47.38502,0.068300001
8.57241,47.38502,0.140900001
8.57331,47.38502,0.260199994
8.57421,47.38502,0.326400012
8.57511,47.38502,0.434899986
8.57601,47.38502,0.498800009
8.57691,47.38502,0.577199996
8.5778,47.38502,0.42930001
8.5787,47.38502,0.32249999
8.5796,47.38502,0.173500001
8.5805,47.38502,0.054900002
8.5814,47.38502,0
8.5823,47.38502,0.0063
8.58319,47.38502,0.040199999
8.58409,47.38502,0.153799996
8.58499,47.38502,0.318199992
8.58589,47.38502,0.485199988
8.58679,47.38502,0.593299985
8.58769,47.38502,0.591099977
8.58858,47.38502,0.485199988
8.58948,47.38502,0.331900001
8.59038,47.38502,0.164199993
8.59128,47.38502,0.064599998
8.45833,47.38441,0
8.45923,47.38441,0
8.46013,47.38441,0
8.46102,47.38441,0
8.46192,47.38441,0
8.46282,47.38441,0
8.46372,47.38441,0
8.46462,47.38441,0
8.46552,47.38441,0
8.46641,47.38441,0
8.46731,47.38441,0
8.46821,47.38441,0
8.46911,47.38441,0
8.47001,47.38441,0
8.47091,47.38441,0.032200001
8.4718,47.38441,0.102300003
8.4727,47.38441,0.190799996
8.4736,47.38441,0.330300003
8.4745,47.38441,0.663200021
8.4754,47.38441,1.019299984
8.47629,47.38441,1.533300042
8.47719,47.38441,2.204200029
8.47809,47.38441,2.572400093
8.47899,47.38441,3.025500059
8.47989,47.38441,3.504199982
8.48079,47.38441,3.951299906
8.48168,47.38441,4.380899906
8.48258,47.38441,4.766499996
8.48348,47.38441,5.047100067
8.48438,47.38441,5.373300076
8.48528,47.38441,5.431200027
8.48618,47.38441,5.688799858
8.48707,47.38441,5.513700008
8.48797,47.38441,5.277500153
8.48887,47.38441,4.755700111
8.48977,47.38441,3.628799915
8.49067,47.38441,2.321000099
8.49157,47.38441,1.223799944
8.49246,47.38441,0.396600008
8.49336,47.38441,0.252099991
8.49426,47.38441,0.870100021
8.49516,47.38441,2.009900093
8.49606,47.38441,3.581599951
8.49696,47.38441,5.530200005
8.49785,47.38441,7.129899979
8.49875,47.38441,7.910099983
8.49965,47.38441,7.684500217
8.50055,47.38441,6.470900059
8.50145,47.38441,5.148700237
8.50235,47.38441,3.603800058
8.50324,47.38441,2.259200096
8.50414,47.38441,1.491799951
8.50504,47.38441,1.097100019
8.50594,47.38441,0.921899974
8.50684,47.38441,1.131000042
8.50774,47.38441,2.153899908
8.50863,47.38441,3.499599934
8.50953,47.38441,5.110199928
8.51043,47.38441,6.523799896
8.51133,47.38441,7.65749979
8.51223,47.38441,8.163399696
8.51313,47.38441,8.021699905
8.51402,47.38441,7.293399811
8.51492,47.38441,6.417699814
8.51582,47.38441,4.953199863
8.51672,47.38441,3.626699924
8.51762,47.38441,2.328500032
8.51852,47.38441,1.343799949
8.51941,47.38441,0.756900012
8.52031,47.38441,0.340299994
8.52121,47.38441,0.073200002
8.52211,47.38441,0.100599997
8.52301,47.38441,0.334899992
8.52391,47.38441,1.10010004
8.5248,47.38441,2.653800011
8.5257,47.38441,5.009900093
8.5266,47.38441,6.680500031
8.5275,47.38441,7.879799843
8.5284,47.38441,8.05850029
8.5293,47.38441,7.747499943
8.53019,47.38441,7.010700226
8.53109,47.38441,6.386499882
8.53199,47.38441,5.627999783
8.53289,47.38441,4.795000076
8.53379,47.38441,3.615400076
8.53469,47.38441,2.579200029
8.53558,47.38441,2.015799999
8.53648,47.38441,1.556399941
8.53738,47.38441,1.154600024
8.53828,47.38441,0.836000025
8.53918,47.38441,0.738499999
8.54008,47.38441,0.823899984
8.54097,47.38441,1.15170002
8.54187,47.38441,1.602800012
8.54277,47.38441,2.533900023
8.54367,47.38441,3.378400087
8.54457,47.38441,4.361499786
8.54547,47.38441,5.237500191
8.54636,47.38441,5.692599773
8.54726,47.38441,5.502900124
8.54816,47.38441,5.278100014
8.54906,47.38441,5.138500214
8.54996,47.38441,5.44960022
8.55086,47.38441,6.057899952
8.55175,47.38441,6.830299854
8.55265,47.38441,6.981900215
8.55355,47.38441,6.614799976
8.55445,47.38441,6.166399956
8.55535,47.38441,5.53910017
8.55625,47.38441,4.691999912
8.55714,47.38441,4.224199772
8.55804,47.38441,3.378999949
8.55894,47.38441,2.86590004
8.55984,47.38441,2.400599957
8.56074,47.38441,2.100600004
8.56163,47.38441,1.970100045
8.56253,47.38441,1.835999966
8.56343,47.38441,1.563799977
8.56433,47.38441,1.264099956
8.56523,47.38441,0.853900015
8.56613,47.38441,0.5273
8.56702,47.38441,0.282499999
8.56792,47.38441,0.095399998
8.56882,47.38441,0
8.56972,47.38441,0
8.57062,47.38441,0.0063
8.57152,47.38441,0.127000004
8.57241,47.38441,0.168899998
8.57331,47.38441,0.228100002
8.57421,47.38441,0.263300002
8.57511,47.38441,0.281800002
8.57601,47.38441,0.242200002
8.57691,47.38441,0.2403
8.5778,47.38441,0.164299995
8.5787,47.38441,0.104500003
8.5796,47.38441,0.0274
8.5805,47.38441,0
8.5814,47.38441,0
8.5823,47.38441,0
8.58319,47.38441,0.0196
8.58409,47.38441,0.172299996
8.58499,47.38441,0.331499994
8.58589,47.38441,0.515299976
8.58679,47.38441,0.632600009
8.58769,47.38441,0.622399986
8.58858,47.38441,0.50150001
8.58948,47.38441,0.329299986
8.59038,47.38441,0.135600001
8.59128,47.38441,0.064000003
8.59218,47.38441,0.0133
8.59308,47.38441,0
8.45923,47.38381,0
8.46013,47.38381,0
8.46102,47.38381,0
8.46192,47.38381,0
8.46282,47.38381,0
8.46372,47.38381,0
8.46462,47.38381,0
8.46552,47.38381,0
8.46641,47.38381,0
8.46731,47.38381,0
8.46821,47.38381,0
8.46911,47.38381,0
8.47001,47.38381,0.0063
8.47091,47.38381,0.021400001
8.4718,47.38381,0.0832
8.4727,47.38381,0.183599994
8.4736,47.38381,0.270500004
8.4745,47.38381,0.465200007
8.4754,47.38381,0.6505
8.47629,47.38381,1.014799953
8.47719,47.38381,1.280599952
8.47809,47.38381,1.875800014
8.47899,47.38381,2.443599939
8.47989,47.38381,2.944200039
8.48079,47.38381,3.449199915
8.48168,47.38381,3.914299965
8.48258,47.38381,4.212299824
8.48348,47.38381,4.575699806
8.48438,47.38381,4.947100163
8.48528,47.38381,5.072299957
8.48618,47.38381,5.174200058
8.48707,47.38381,5.044400215
8.48797,47.38381,4.545199871
8.48887,47.38381,3.643699884
8.48977,47.38381,2.788599968
8.49067,47.38381,1.666800022
8.49157,47.38381,0.868099988
8.49246,47.38381,0.321700007
8.49336,47.38381,0.256700009
8.49426,47.38381,0.960300028
8.49516,47.38381,2.387099981
8.49606,47.38381,4.418900013
8.49696,47.38381,6.647600174
8.49785,47.38381,8.380900383
8.49875,47.38381,8.963399887
8.49965,47.38381,8.216600418
8.50055,47.38381,6.711999893
8.50145,47.38381,4.895699978
8.50235,47.38381,3.316099882
8.50324,47.38381,2.459199905
8.50414,47.38381,1.751899958
8.50504,47.38381,1.475600004
8.50594,47.38381,1.257500052
8.50684,47.38381,1.444399953
8.50774,47.38381,2.243099928
8.50863,47.38381,3.305599928
8.50953,47.38381,4.649099827
8.51043,47.38381,6.192500114
8.51133,47.38381,7.673500061
8.51223,47.38381,8.650500298
8.51313,47.38381,9.148400307
8.51402,47.38381,8.729100227
8.51492,47.38381,8.015600204
8.51582,47.38381,6.886300087
8.51672,47.38381,5.525700092
8.51762,47.38381,4.238999844
8.51852,47.38381,2.902800083
8.51941,47.38381,2.001399994
8.52031,47.38381,1.108700037
8.52121,47.38381,0.536800027
8.52211,47.38381,0.064000003
8.52301,47.38381,0
8.52391,47.38381,0.493200004
8.5248,47.38381,1.732499957
8.5257,47.38381,3.401000023
8.5266,47.38381,4.968800068
8.5275,47.38381,5.797500134
8.5284,47.38381,5.892199993
8.5293,47.38381,5.865699768
8.53019,47.38381,5.295400143
8.53109,47.38381,5.105500221
8.53199,47.38381,5.030399799
8.53289,47.38381,4.487500191
8.53379,47.38381,3.782000065
8.53469,47.38381,3.166399956
8.53558,47.38381,2.588999987
8.53648,47.38381,2.080600023
8.53738,47.38381,1.493700027
8.53828,47.38381,0.977299988
8.53918,47.38381,0.729099989
8.54008,47.38381,0.642700016
8.54097,47.38381,0.843100011
8.54187,47.38381,1.260599971
8.54277,47.38381,1.807600021
8.54367,47.38381,2.647900105
8.54457,47.38381,3.658400059
8.54547,47.38381,4.624800205
8.54636,47.38381,5.195099831
8.54726,47.38381,5.549600124
8.54816,47.38381,5.434899807
8.54906,47.38381,5.354800224
8.54996,47.38381,5.608399868
8.55086,47.38381,6.187900066
8.55175,47.38381,6.596300125
8.55265,47.38381,6.795300007
8.55355,47.38381,6.641600132
8.55445,47.38381,6.249300003
8.55535,47.38381,5.931399822
8.55625,47.38381,5.461800098
8.55714,47.38381,4.699800015
8.55804,47.38381,3.844899893
8.55894,47.38381,3.281399965
8.55984,47.38381,2.540699959
8.56074,47.38381,2.236700058
8.56163,47.38381,2.161999941
8.56253,47.38381,2.028800011
8.56343,47.38381,1.878700018
8.56433,47.38381,1.522300005
8.56523,47.38381,1.114599943
8.56613,47.38381,0.744599998
8.56702,47.38381,0.444700003
8.56792,47.38381,0.257499993
8.56882,47.38381,0.117600001
8.56972,47.38381,0.086499996
8.57062,47.38381,0.133599997
8.57152,47.38381,0.183300003
8.57241,47.38381,0.272500008
8.57331,47.38381,0.273799986
8.57421,47.38381,0.226099998
8.57511,47.38381,0.178599998
8.57601,47.38381,0.125300005
8.57691,47.38381,0.049699999
8.5778,47.38381,0.0189
8.5787,47.38381,0
8.5796,47.38381,0
8.5805,47.38381,0
8.5814,47.38381,0
8.5823,47.38381,0
8.58319,47.38381,0.040600002
8.58409,47.38381,0.142399997
8.58499,47.38381,0.294699997
8.58589,47.38381,0.453799993
8.58679,47.38381,0.551199973
8.58769,47.38381,0.534600019
8.58858,47.38381,0.421600014
8.58948,47.38381,0.270000011
8.59038,47.38381,0.126200005
8.59128,47.38381,0.035399999
8.59218,47.38381,0.0091
8.45743,47.3832,0
8.45833,47.3832,0
8.45923,47.3832,0
8.46013,47.3832,0
8.46102,47.3832,0
8.46192,47.3832,0
8.46282,47.3832,0
8.46372,47.3832,0
8.46462,47.3832,0
8.46552,47.3832,0
8.46641,47.3832,0
8.46731,47.3832,0
8.46821,47.3832,0
8.46911,47.3832,0
8.47001,47.3832,0
8.47091,47.3832,0.0133
8.4718,47.3832,0.0656
8.4727,47.3832,0.139699996
8.4736,47.3832,0.202999994
8.4745,47.3832,0.236200005
8.4754,47.3832,0.32069999
8.47629,47.3832,0.527199984
8.47719,47.3832,0.775200009
8.47809,47.3832,1.242300034
8.47899,47.3832,1.818400025
8.47989,47.3832,2.476099968
8.48079,47.3832,2.902100086
8.48168,47.3832,3.253400087
8.48258,47.3832,3.631799936
8.48348,47.3832,3.939800024
8.48438,47.3832,4.210299969
8.48528,47.3832,4.418900013
8.48618,47.3832,4.404099941
8.48707,47.3832,4.168000221
8.48797,47.3832,3.518100023
8.48887,47.3832,2.706799984
8.48977,47.3832,1.777400017
8.49067,47.3832,1.039499998
8.49157,47.3832,0.507300019
8.49246,47.3832,0.253100008
8.49336,47.3832,0.381399989
8.49426,47.3832,1.270300031
8.49516,47.3832,2.819099903
8.49606,47.3832,5.011700153
8.49696,47.3832,7.523700237
8.49785,47.3832,9.092300415
8.49875,47.3832,9.577400208
8.49965,47.3832,8.764800072
8.50055,47.3832,6.960999966
8.50145,47.3832,4.915999889
8.50235,47.3832,3.46359992
8.50324,47.3832,2.449399948
8.50414,47.3832,1.962100029
8.50504,47.3832,1.74969995
8.50594,47.3832,1.796599984
8.50684,47.3832,1.794999957
8.50774,47.3832,2.343600035
8.50863,47.3832,3.269500017
8.50953,47.3832,4.466400146
8.51043,47.3832,6.049900055
8.51133,47.3832,7.651899815
8.51223,47.3832,8.937700272
8.51313,47.3832,9.528400421
8.51402,47.3832,9.466199875
8.51492,47.3832,9.039500237
8.51582,47.3832,8.494700432
8.51672,47.3832,7.581399918
8.51762,47.3832,6.400100231
8.51852,47.3832,5.272600174
8.51941,47.3832,4.034800053
8.52031,47.3832,2.471600056
8.52121,47.3832,1.448400021
8.52211,47.3832,0.56400001
8.52301,47.3832,0.461499989
8.52391,47.3832,0.488099992
8.5248,47.3832,1.656599998
8.5257,47.3832,2.779799938
8.5266,47.3832,3.735899925
8.5275,47.3832,4.312699795
8.5284,47.3832,4.266200066
8.5293,47.3832,4.038700104
8.53019,47.3832,4.107500076
8.53109,47.3832,4.16779995
8.53199,47.3832,4.204899788
8.53289,47.3832,4.037700176
8.53379,47.3832,3.635299921
8.53469,47.3832,3.33829999
8.53558,47.3832,2.870300055
8.53648,47.3832,2.460500002
8.53738,47.3832,1.895300031
8.53828,47.3832,1.271700025
8.53918,47.3832,0.774999976
8.54008,47.3832,0.630599976
8.54097,47.3832,0.683000028
8.54187,47.3832,0.943000019
8.54277,47.3832,1.443699956
8.54367,47.3832,2.218199968
8.54457,47.3832,3.134599924
8.54547,47.3832,4.336699963
8.54636,47.3832,5.124400139
8.54726,47.3832,5.75579977
8.54816,47.3832,5.800899982
8.54906,47.3832,5.709799767
8.54996,47.3832,5.764100075
8.55086,47.3832,6.045300007
8.55175,47.3832,6.308300018
8.55265,47.3832,6.478700161
8.55355,47.3832,6.327000141
8.55445,47.3832,6.221300125
8.55535,47.3832,5.889800072
8.55625,47.3832,5.623300076
8.55714,47.3832,5.07310009
8.55804,47.3832,4.34070015
8.55894,47.3832,3.505700111
8.55984,47.3832,3.00999999
8.56074,47.3832,2.584700108
8.56163,47.3832,2.371099949
8.56253,47.3832,2.205899954
8.56343,47.3832,2.022099972
8.56433,47.3832,1.623100042
8.56523,47.3832,1.27639997
8.56613,47.3832,0.977199972
8.56702,47.3832,0.745999992
8.56792,47.3832,0.458900005
8.56882,47.3832,0.345899999
8.56972,47.3832,0.29339999
8.57062,47.3832,0.334699988
8.57152,47.3832,0.374599993
8.57241,47.3832,0.385699987
8.57331,47.3832,0.352699995
8.57421,47.3832,0.294200003
8.57511,47.3832,0.143900007
8.57601,47.3832,0.0757
8.57691,47.3832,0
8.5778,47.3832,0
8.5787,47.3832,0
8.5796,47.3832,0
8.5805,47.3832,0
8.5814,47.3832,0
8.5823,47.3832,0
8.58319,47.3832,0
8.58409,47.3832,0.084799998
8.58499,47.3832,0.209600002
8.58589,47.3832,0.317299992
8.58679,47.3832,0.388000011
8.58769,47.3832,0.375200003
8.58858,47.3832,0.284399986
8.58948,47.3832,0.160699993
8.59038,47.3832,0.049899999
8.59128,47.3832,0.0091
8.59218,47.3832,0
8.59308,47.3832,0
8.45743,47.38259,0
8.45833,47.38259,0
8.45923,47.38259,0
8.46013,47.38259,0
8.46102,47.38259,0
8.46192,47.38259,0
8.46282,47.38259,0
8.46372,47.38259,0
8.46462,47.38259,0
8.46552,47.38259,0
8.46641,47.38259,0
8.46731,47.38259,0
8.46821,47.38259,0
8.46911,47.38259,0
8.47001,47.38259,0
8.47091,47.38259,0.0091
8.4718,47.38259,0.0262
8.4727,47.38259,0.069399998
8.4736,47.38259,0.120399997
8.4745,47.38259,0.1382
8.4754,47.38259,0.127100006
8.47629,47.38259,0.145600006
8.47719,47.38259,0.387400001
8.47809,47.38259,0.68809998
8.47899,47.38259,1.256299973
8.47989,47.38259,1.755100012
8.48079,47.38259,2.288800001
8.48168,47.38259,2.666599989
8.48258,47.38259,3.028800011
8.48348,47.38259,3.443799973
8.48438,47.38259,3.762300015
8.48528,47.38259,3.795300007
8.48618,47.38259,3.627199888
8.48707,47.38259,3.060100079
8.48797,47.38259,2.31340003
8.48887,47.38259,1.716099977
8.48977,47.38259,0.942099988
8.49067,47.38259,0.481000006
8.49157,47.38259,0.426099986
8.49246,47.38259,0.296900004
8.49336,47.38259,0.56370002
8.49426,47.38259,1.413100004
8.49516,47.38259,2.83829999
8.49606,47.38259,5.223400116
8.49696,47.38259,7.572100163
8.49785,47.38259,9.128199577
8.49875,47.38259,9.487000465
8.49965,47.38259,8.568099976
8.50055,47.38259,6.758200169
8.50145,47.38259,4.920400143
8.50235,47.38259,3.538199902
8.50324,47.38259,2.599299908
8.50414,47.38259,2.368700027
8.50504,47.38259,2.091200113
8.50594,47.38259,2.5776999
8.50684,47.38259,2.976399899
8.50774,47.38259,3.455899954
8.50863,47.38259,4.141799927
8.50953,47.38259,5.085499763
8.51043,47.38259,6.214600086
8.51133,47.38259,7.278800011
8.51223,47.38259,8.616999626
8.51313,47.38259,9.337499619
8.51402,47.38259,9.502099991
8.51492,47.38259,9.493800163
8.51582,47.38259,9.23279953
8.51672,47.38259,9.004899979
8.51762,47.38259,8.421500206
8.51852,47.38259,7.34280014
8.51941,47.38259,5.954899788
8.52031,47.38259,4.326099873
8.52121,47.38259,2.638799906
8.52211,47.38259,1.635400057
8.52301,47.38259,1.235399961
8.52391,47.38259,1.358899951
8.5248,47.38259,2.124000072
8.5257,47.38259,3.015899897
8.5266,47.38259,3.632800102
8.5275,47.38259,3.700799942
8.5284,47.38259,3.461299896
8.5293,47.38259,3.323499918
8.53019,47.38259,3.190399885
8.53109,47.38259,3.19810009
8.53199,47.38259,3.294199944
8.53289,47.38259,3.200500011
8.53379,47.38259,3.049799919
8.53469,47.38259,2.873100042
8.53558,47.38259,2.689199924
8.53648,47.38259,2.39989996
8.53738,47.38259,1.961599946
8.53828,47.38259,1.373100042
8.53918,47.38259,0.864199996
8.54008,47.38259,0.546899974
8.54097,47.38259,0.554400027
8.54187,47.38259,0.698199987
8.54277,47.38259,1.157899976
8.54367,47.38259,1.799499989
8.54457,47.38259,2.795399904
8.54547,47.38259,4.000199795
8.54636,47.38259,5.127299786
8.54726,47.38259,5.72480011
8.54816,47.38259,6.008100033
8.54906,47.38259,5.893799782
8.54996,47.38259,5.772099972
8.55086,47.38259,5.629099846
8.55175,47.38259,5.855500221
8.55265,47.38259,5.89289999
8.55355,47.38259,5.799699783
8.55445,47.38259,5.915599823
8.55535,47.38259,5.818600178
8.55625,47.38259,5.648499966
8.55714,47.38259,5.258200169
8.55804,47.38259,4.488999844
8.55894,47.38259,4.026299953
8.55984,47.38259,3.303900003
8.56074,47.38259,2.781899929
8.56163,47.38259,2.608400106
8.56253,47.38259,2.336600065
8.56343,47.38259,1.891700029
8.56433,47.38259,1.666100025
8.56523,47.38259,1.457000017
8.56613,47.38259,1.324499965
8.56702,47.38259,1.159999967
8.56792,47.38259,0.904900014
8.56882,47.38259,0.723800004
8.56972,47.38259,0.721899986
8.57062,47.38259,0.627499998
8.57152,47.38259,0.611599982
8.57241,47.38259,0.578700006
8.57331,47.38259,0.499300003
8.57421,47.38259,0.328999996
8.57511,47.38259,0.168300003
8.57601,47.38259,0.075400002
8.57691,47.38259,0.031399999
8.5778,47.38259,0
8.5787,47.38259,0
8.5796,47.38259,0
8.5805,47.38259,0
8.5814,47.38259,0
8.5823,47.38259,0
8.58319,47.38259,0
8.58409,47.38259,0.045699999
8.58499,47.38259,0.094599999
8.58589,47.38259,0.162200004
8.58679,47.38259,0.207699999
8.58769,47.38259,0.173999995
8.58858,47.38259,0.1338
8.58948,47.38259,0.070299998
8.59038,47.38259,0
8.59128,47.38259,0
8.59218,47.38259,0
8.59308,47.38259,0
8.59397,47.38259,0
8.45653,47.38198,0
8.45743,47.38198,0
8.45833,47.38198,0
8.45923,47.38198,0
8.46013,47.38198,0
8.46102,47.38198,0
8.46192,47.38198,0
8.46282,47.38198,0
8.46372,47.38198,0
8.46462,47.38198,0
8.46552,47.38198,0
8.46641,47.38198,0
8.46731,47.38198,0
8.46821,47.38198,0
8.46911,47.38198,0
8.47001,47.38198,0
8.47091,47.38198,0
8.4718,47.38198,0.0091
8.4727,47.38198,0.022500001
8.4736,47.38198,0.0284
8.4745,47.38198,0.047200002
8.4754,47.38198,0.041299999
8.47629,47.38198,0.0091
8.47719,47.38198,0.0779
8.47809,47.38198,0.370299995
8.47899,47.38198,0.750400007
8.47989,47.38198,1.181900024
8.48079,47.38198,1.708099961
8.48168,47.38198,2.173000097
8.48258,47.38198,2.604300022
8.48348,47.38198,2.971899986
8.48438,47.38198,3.180500031
8.48528,47.38198,3.229599953
8.48618,47.38198,2.812200069
8.48707,47.38198,2.217499971
8.48797,47.38198,1.562399983
8.48887,47.38198,0.935100019
8.48977,47.38198,0.940500021
8.49067,47.38198,0.590300024
8.49157,47.38198,0.589100003
8.49246,47.38198,0.769200027
8.49336,47.38198,0.887000024
8.49426,47.38198,1.422700047
8.49516,47.38198,2.702600002
8.49606,47.38198,4.679900169
8.49696,47.38198,6.52489996
8.49785,47.38198,8.044400215
8.49875,47.38198,8.364800453
8.49965,47.38198,7.532400131
8.50055,47.38198,6.041200161
8.50145,47.38198,4.618599892
8.50235,47.38198,3.474100113
8.50324,47.38198,3.103800058
8.50414,47.38198,2.836999893
8.50504,47.38198,3.14199996
8.50594,47.38198,3.69659996
8.50684,47.38198,4.151000023
8.50774,47.38198,4.726900101
8.50863,47.38198,5.501999855
8.50953,47.38198,6.130300045
8.51043,47.38198,6.995500088
8.51133,47.38198,7.831500053
8.51223,47.38198,8.617400169
8.51313,47.38198,8.89869976
8.51402,47.38198,9.011500359
8.51492,47.38198,9.134799957
8.51582,47.38198,9.473899841
8.51672,47.38198,9.781900406
8.51762,47.38198,9.792699814
8.51852,47.38198,9.077199936
8.51941,47.38198,7.667099953
8.52031,47.38198,5.908299923
8.52121,47.38198,4.132699966
8.52211,47.38198,3.092600107
8.52301,47.38198,2.472100019
8.52391,47.38198,2.828999996
8.5248,47.38198,3.322400093
8.5257,47.38198,3.994600058
8.5266,47.38198,4.196700096
8.5275,47.38198,4.119599819
8.5284,47.38198,3.53579998
8.5293,47.38198,3.256900072
8.53019,47.38198,3.012000084
8.53109,47.38198,2.792099953
8.53199,47.38198,2.48029995
8.53289,47.38198,2.218800068
8.53379,47.38198,2.181499958
8.53469,47.38198,2.092999935
8.53558,47.38198,2.110699892
8.53648,47.38198,2.098999977
8.53738,47.38198,1.76970005
8.53828,47.38198,1.264999986
8.53918,47.38198,0.760599971
8.54008,47.38198,0.449499995
8.54097,47.38198,0.325199991
8.54187,47.38198,0.545300007
8.54277,47.38198,0.826099992
8.54367,47.38198,1.397799969
8.54457,47.38198,2.432199955
8.54547,47.38198,3.685400009
8.54636,47.38198,4.750899792
8.54726,47.38198,5.410399914
8.54816,47.38198,5.679100037
8.54906,47.38198,5.641499996
8.54996,47.38198,5.340899944
8.55086,47.38198,5.152500153
8.55175,47.38198,5.182199955
8.55265,47.38198,5.284599781
8.55355,47.38198,5.382400036
8.55445,47.38198,5.539999962
8.55535,47.38198,5.59829998
8.55625,47.38198,5.638999939
8.55714,47.38198,5.304200172
8.55804,47.38198,4.809800148
8.55894,47.38198,4.357699871
8.55984,47.38198,3.674900055
8.56074,47.38198,3.233400106
8.56163,47.38198,2.664099932
8.56253,47.38198,2.227900028
8.56343,47.38198,1.948400021
8.56433,47.38198,1.706599951
8.56523,47.38198,1.606999993
8.56613,47.38198,1.702600002
8.56702,47.38198,1.643100023
8.56792,47.38198,1.567499995
8.56882,47.38198,1.308599949
8.56972,47.38198,1.11590004
8.57062,47.38198,0.980799973
8.57152,47.38198,0.852900028
8.57241,47.38198,0.695200026
8.57331,47.38198,0.568099976
8.57421,47.38198,0.382800013
8.57511,47.38198,0.195600003
8.57601,47.38198,0.066500001
8.57691,47.38198,0
8.5778,47.38198,0
8.5787,47.38198,0
8.5796,47.38198,0
8.5805,47.38198,0
8.5814,47.38198,0
8.5823,47.38198,0
8.58319,47.38198,0
8.58409,47.38198,0
8.58499,47.38198,0.045699999
8.58589,47.38198,0.066500001
8.58679,47.38198,0.081699997
8.58769,47.38198,0.079099998
8.58858,47.38198,0.045699999
8.58948,47.38198,0
8.59038,47.38198,0
8.59128,47.38198,0
8.59218,47.38198,0
8.59308,47.38198,0
8.59397,47.38198,0
8.59487,47.38198,0
8.44935,47.38137,0
8.45024,47.38137,0
8.45114,47.38137,0
8.45204,47.38137,0
8.45294,47.38137,0
8.45384,47.38137,0
8.45474,47.38137,0
8.45563,47.38137,0
8.45653,47.38137,0
8.45743,47.38137,0
8.45833,47.38137,0
8.45923,47.38137,0
8.46013,47.38137,0
8.46102,47.38137,0
8.46192,47.38137,0
8.46282,47.38137,0
8.46372,47.38137,0
8.46462,47.38137,0
8.46552,47.38137,0
8.46641,47.38137,0
8.46731,47.38137,0
8.46821,47.38137,0
8.46911,47.38137,0
8.47001,47.38137,0
8.47091,47.38137,0
8.4718,47.38137,0
8.4727,47.38137,0
8.4736,47.38137,0.0063
8.4745,47.38137,0.0063
8.4754,47.38137,0
8.47629,47.38137,0
8.47719,47.38137,0.028000001
8.47809,47.38137,0.191400006
8.47899,47.38137,0.441000015
8.47989,47.38137,0.852699995
8.48079,47.38137,1.38499999
8.48168,47.38137,1.988100052
8.48258,47.38137,2.494800091
8.48348,47.38137,2.906800032
8.48438,47.38137,2.956199884
8.48528,47.38137,2.778199911
8.48618,47.38137,2.21510005
8.48707,47.38137,1.650699973
8.48797,47.38137,1.608999968
8.48887,47.38137,1.723199964
8.48977,47.38137,1.774399996
8.49067,47.38137,2.21510005
8.49157,47.38137,2.297100067
8.49246,47.38137,1.815999985
8.49336,47.38137,1.566599965
8.49426,47.38137,1.691300035
8.49516,47.38137,2.234899998
8.49606,47.38137,3.504400015
8.49696,47.38137,5.099699974
8.49785,47.38137,6.163300037
8.49875,47.38137,6.447800159
8.49965,47.38137,6.054900169
8.50055,47.38137,4.991899967
8.50145,47.38137,4.328999996
8.50235,47.38137,3.930500031
8.50324,47.38137,3.9921
8.50414,47.38137,4.136300087
8.50504,47.38137,4.691299915
8.50594,47.38137,5.195899963
8.50684,47.38137,5.851900101
8.50774,47.38137,6.530099869
8.50863,47.38137,6.72879982
8.50953,47.38137,7.185299873
8.51043,47.38137,7.82310009
8.51133,47.38137,8.088899612
8.51223,47.38137,8.320899963
8.51313,47.38137,8.418000221
8.51402,47.38137,8.58370018
8.51492,47.38137,8.710499763
8.51582,47.38137,9.397999763
8.51672,47.38137,10.04290009
8.51762,47.38137,10.36100006
8.51852,47.38137,9.839699745
8.51941,47.38137,8.659999847
8.52031,47.38137,6.914999962
8.52121,47.38137,5.417399883
8.52211,47.38137,4.260200024
8.52301,47.38137,3.778800011
8.52391,47.38137,3.814399958
8.5248,47.38137,4.332600117
8.5257,47.38137,4.791699886
8.5266,47.38137,4.879099846
8.5275,47.38137,4.685599804
8.5284,47.38137,4.052100182
8.5293,47.38137,3.484999895
8.53019,47.38137,3.140500069
8.53109,47.38137,2.451200008
8.53199,47.38137,2.023799896
8.53289,47.38137,1.563500047
8.53379,47.38137,1.27760005
8.53469,47.38137,1.338999987
8.53558,47.38137,1.476099968
8.53648,47.38137,1.479099989
8.53738,47.38137,1.29429996
8.53828,47.38137,0.977999985
8.53918,47.38137,0.551999986
8.54008,47.38137,0.297399998
8.54097,47.38137,0.198500007
8.54187,47.38137,0.3046
8.54277,47.38137,0.566100001
8.54367,47.38137,1.013399959
8.54457,47.38137,1.986400008
8.54547,47.38137,3.111900091
8.54636,47.38137,4.035200119
8.54726,47.38137,4.675199986
8.54816,47.38137,4.928100109
8.54906,47.38137,4.680900097
8.54996,47.38137,4.399300098
8.55086,47.38137,4.186100006
8.55175,47.38137,4.274000168
8.55265,47.38137,4.495500088
8.55355,47.38137,4.686699867
8.55445,47.38137,5.052000046
8.55535,47.38137,5.287000179
8.55625,47.38137,5.40320015
8.55714,47.38137,5.157599926
8.55804,47.38137,4.835299969
8.55894,47.38137,4.430099964
8.55984,47.38137,4.027299881
8.56074,47.38137,3.343600035
8.56163,47.38137,2.780600071
8.56253,47.38137,2.20810008
8.56343,47.38137,1.790799975
8.56433,47.38137,1.666900039
8.56523,47.38137,1.84920001
8.56613,47.38137,2.009500027
8.56702,47.38137,2.145699978
8.56792,47.38137,2.038800001
8.56882,47.38137,1.843799949
8.56972,47.38137,1.521100044
8.57062,47.38137,1.242200017
8.57152,47.38137,0.984300017
8.57241,47.38137,0.817099988
8.57331,47.38137,0.57160002
8.57421,47.38137,0.354400009
8.57511,47.38137,0.130700007
8.57601,47.38137,0.064599998
8.57691,47.38137,0
8.5778,47.38137,0
8.5787,47.38137,0
8.5796,47.38137,0
8.5805,47.38137,0
8.5814,47.38137,0
8.5823,47.38137,0
8.58319,47.38137,0
8.58409,47.38137,0
8.58499,47.38137,0
8.58589,47.38137,0
8.58679,47.38137,0.031399999
8.58769,47.38137,0
8.58858,47.38137,0
8.58948,47.38137,0
8.59038,47.38137,0
8.59128,47.38137,0
8.59218,47.38137,0
8.59308,47.38137,0
8.59397,47.38137,0
8.59487,47.38137,0
8.44935,47.38076,0
8.45024,47.38076,0
8.45114,47.38076,0
8.45204,47.38076,0
8.45294,47.38076,0
8.45384,47.38076,0
8.45474,47.38076,0
8.45563,47.38076,0
8.45653,47.38076,0
8.45743,47.38076,0
8.45833,47.38076,0
8.45923,47.38076,0
8.46013,47.38076,0
8.46102,47.38076,0
8.46192,47.38076,0
8.46282,47.38076,0
8.46372,47.38076,0
8.46462,47.38076,0
8.46552,47.38076,0
8.46641,47.38076,0
8.46731,47.38076,0
8.46821,47.38076,0
8.46911,47.38076,0
8.47001,47.38076,0
8.47091,47.38076,0
8.4718,47.38076,0
8.4727,47.38076,0
8.4736,47.38076,0
8.4745,47.38076,0
8.4754,47.38076,0
8.47629,47.38076,0
8.47719,47.38076,0
8.47809,47.38076,0.076499999
8.47899,47.38076,0.393599987
8.47989,47.38076,0.769599974
8.48079,47.38076,1.520499945
8.48168,47.38076,2.237400055
8.48258,47.38076,2.77699995
8.48348,47.38076,3.180799961
8.48438,47.38076,3.067300081
8.48528,47.38076,2.614500046
8.48618,47.38076,2.294199944
8.48707,47.38076,2.274699926
8.48797,47.38076,2.385799885
8.48887,47.38076,3.203700066
8.48977,47.38076,3.886600018
8.49067,47.38076,4.326000214
8.49157,47.38076,4.275700092
8.49246,47.38076,3.824300051
8.49336,47.38076,2.915299892
8.49426,47.38076,2.191200018
8.49516,47.38076,2.006000042
8.49606,47.38076,2.637900114
8.49696,47.38076,3.572099924
8.49785,47.38076,4.306099892
8.49875,47.38076,4.687600136
8.49965,47.38076,4.533699989
8.50055,47.38076,4.247200012
8.50145,47.38076,4.457399845
8.50235,47.38076,4.666500092
8.50324,47.38076,5.352799892
8.50414,47.38076,6.052199841
8.50504,47.38076,6.462500095
8.50594,47.38076,6.985000134
8.50684,47.38076,7.222799778
8.50774,47.38076,7.495100021
8.50863,47.38076,7.826099873
8.50953,47.38076,8.06210041
8.51043,47.38076,8.262200356
8.51133,47.38076,8.540599823
8.51223,47.38076,8.345899582
8.51313,47.38076,7.993599892
8.51402,47.38076,7.902800083
8.51492,47.38076,8.36950016
8.51582,47.38076,9.017999649
8.51672,47.38076,9.902400017
8.51762,47.38076,10.27630043
8.51852,47.38076,9.832699776
8.51941,47.38076,8.853500366
8.52031,47.38076,7.538199902
8.52121,47.38076,5.986100197
8.52211,47.38076,5.363200188
8.52301,47.38076,4.931399822
8.52391,47.38076,4.708000183
8.5248,47.38076,4.840099812
8.5257,47.38076,4.879700184
8.5266,47.38076,4.953199863
8.5275,47.38076,4.718800068
8.5284,47.38076,4.302400112
8.5293,47.38076,3.785900116
8.53019,47.38076,3.238600016
8.53109,47.38076,2.624799967
8.53199,47.38076,1.869500041
8.53289,47.38076,1.167600036
8.53379,47.38076,0.768000007
8.53469,47.38076,0.726000011
8.53558,47.38076,0.82160002
8.53648,47.38076,0.866699994
8.53738,47.38076,0.805100024
8.53828,47.38076,0.571500003
8.53918,47.38076,0.359400004
8.54008,47.38076,0.145899996
8.54097,47.38076,0.130600005
8.54187,47.38076,0.127100006
8.54277,47.38076,0.303900003
8.54367,47.38076,0.681900024
8.54457,47.38076,1.32280004
8.54547,47.38076,2.139800072
8.54636,47.38076,3.143199921
8.54726,47.38076,3.475300074
8.54816,47.38076,3.549200058
8.54906,47.38076,3.318399906
8.54996,47.38076,3.129800081
8.55086,47.38076,2.929399967
8.55175,47.38076,3.179699898
8.55265,47.38076,3.494800091
8.55355,47.38076,3.948800087
8.55445,47.38076,4.344799995
8.55535,47.38076,4.54090023
8.55625,47.38076,4.909699917
8.55714,47.38076,4.928199768
8.55804,47.38076,4.634699821
8.55894,47.38076,4.386000156
8.55984,47.38076,3.976700068
8.56074,47.38076,3.370800018
8.56163,47.38076,2.702100039
8.56253,47.38076,2.070300102
8.56343,47.38076,1.758599997
8.56433,47.38076,1.787400007
8.56523,47.38076,2.005500078
8.56613,47.38076,2.336499929
8.56702,47.38076,2.479799986
8.56792,47.38076,2.35529995
8.56882,47.38076,2.066299915
8.56972,47.38076,1.730599999
8.57062,47.38076,1.356299996
8.57152,47.38076,1.047099948
8.57241,47.38076,0.784500003
8.57331,47.38076,0.552299976
8.57421,47.38076,0.340499997
8.57511,47.38076,0.148699999
8.57601,47.38076,0.0091
8.57691,47.38076,0
8.5778,47.38076,0
8.5787,47.38076,0
8.5796,47.38076,0
8.5805,47.38076,0
8.5814,47.38076,0
8.5823,47.38076,0
8.58319,47.38076,0
8.58409,47.38076,0
8.58499,47.38076,0
8.58589,47.38076,0
8.58679,47.38076,0
8.58769,47.38076,0
8.58858,47.38076,0
8.58948,47.38076,0
8.59038,47.38076,0
8.59128,47.38076,0
8.59218,47.38076,0
8.59308,47.38076,0
8.59397,47.38076,0
8.59487,47.38076,0
8.59577,47.38076,0
8.59667,47.38076,0
8.45024,47.38016,0
8.45114,47.38016,0
8.45204,47.38016,0
8.45294,47.38016,0
8.45384,47.38016,0
8.45474,47.38016,0
8.45563,47.38016,0
8.45653,47.38016,0
8.45743,47.38016,0
8.45833,47.38016,0
8.45923,47.38016,0
8.46013,47.38016,0
8.46102,47.38016,0
8.46192,47.38016,0
8.46282,47.38016,0
8.46372,47.38016,0
8.46462,47.38016,0
8.46552,47.38016,0
8.46641,47.38016,0
8.46731,47.38016,0
8.46821,47.38016,0
8.46911,47.38016,0
8.47001,47.38016,0
8.47091,47.38016,0
8.4718,47.38016,0
8.4727,47.38016,0
8.4736,47.38016,0
8.4745,47.38016,0
8.4754,47.38016,0
8.47629,47.38016,0
8.47719,47.38016,0
8.47809,47.38016,0.073200002
8.47899,47.38016,0.401199996
8.47989,47.38016,0.878000021
8.48079,47.38016,1.716400027
8.48168,47.38016,2.612799883
8.48258,47.38016,3.295099974
8.48348,47.38016,3.482800007
8.48438,47.38016,3.476200104
8.48528,47.38016,3.042599916
8.48618,47.38016,2.579400063
8.48707,47.38016,2.984200001
8.48797,47.38016,3.942100048
8.48887,47.38016,4.986599922
8.48977,47.38016,6.331600189
8.49067,47.38016,6.909699917
8.49157,47.38016,6.623300076
8.49246,47.38016,5.715400219
8.49336,47.38016,4.203000069
8.49426,47.38016,3.082400084
8.49516,47.38016,2.338999987
8.49606,47.38016,2.04369998
8.49696,47.38016,2.654599905
8.49785,47.38016,3.158499956
8.49875,47.38016,3.386800051
8.49965,47.38016,3.633699894
8.50055,47.38016,4.038400173
8.50145,47.38016,4.700699806
8.50235,47.38016,5.374800205
8.50324,47.38016,6.464900017
8.50414,47.38016,7.137700081
8.50504,47.38016,7.716800213
8.50594,47.38016,7.837600231
8.50684,47.38016,7.987299919
8.50774,47.38016,8.037899971
8.50863,47.38016,8.074999809
8.50953,47.38016,8.008999825
8.51043,47.38016,8.220199585
8.51133,47.38016,8.029999733
8.51223,47.38016,8.081500053
8.51313,47.38016,7.931799889
8.51402,47.38016,7.909999847
8.51492,47.38016,8.451100349
8.51582,47.38016,9.084799767
8.51672,47.38016,9.719599724
8.51762,47.38016,9.794599533
8.51852,47.38016,9.380900383
8.51941,47.38016,8.649900436
8.52031,47.38016,7.367800236
8.52121,47.38016,6.469799995
8.52211,47.38016,6.085299969
8.52301,47.38016,5.680399895
8.52391,47.38016,5.460599899
8.5248,47.38016,5.090600014
8.5257,47.38016,4.826099873
8.5266,47.38016,4.586900234
8.5275,47.38016,4.495900154
8.5284,47.38016,4.261099815
8.5293,47.38016,3.899100065
8.53019,47.38016,3.465600014
8.53109,47.38016,2.806200027
8.53199,47.38016,1.983999968
8.53289,47.38016,1.135900021
8.53379,47.38016,0.596499979
8.53469,47.38016,0.373699993
8.53558,47.38016,0.413199991
8.53648,47.38016,0.377200007
8.53738,47.38016,0.391400009
8.53828,47.38016,0.272700012
8.53918,47.38016,0.187299997
8.54008,47.38016,0.119800001
8.54097,47.38016,0.045699999
8.54187,47.38016,0.041999999
8.54277,47.38016,0.122100003
8.54367,47.38016,0.270399988
8.54457,47.38016,0.841499984
8.54547,47.38016,1.454100013
8.54636,47.38016,2.011800051
8.54726,47.38016,2.339099884
8.54816,47.38016,2.214699984
8.54906,47.38016,1.926200032
8.54996,47.38016,1.752400041
8.55086,47.38016,1.703600049
8.55175,47.38016,1.927800059
8.55265,47.38016,2.452199936
8.55355,47.38016,3.06430006
8.55445,47.38016,3.540699959
8.55535,47.38016,4.008500099
8.55625,47.38016,4.339900017
8.55714,47.38016,4.344099998
8.55804,47.38016,4.351900101
8.55894,47.38016,4.117300034
8.55984,47.38016,3.650599957
8.56074,47.38016,3.157000065
8.56163,47.38016,2.556200027
8.56253,47.38016,1.993800044
8.56343,47.38016,1.759600043
8.56433,47.38016,1.838799953
8.56523,47.38016,2.254100084
8.56613,47.38016,2.557199955
8.56702,47.38016,2.593199968
8.56792,47.38016,2.409600019
8.56882,47.38016,2.067500114
8.56972,47.38016,1.774399996
8.57062,47.38016,1.39260006
8.57152,47.38016,1.004999995
8.57241,47.38016,0.762099981
8.57331,47.38016,0.547999978
8.57421,47.38016,0.265599996
8.57511,47.38016,0.104800001
8.57601,47.38016,0.035399999
8.57691,47.38016,0.0091
8.5778,47.38016,0
8.5787,47.38016,0
8.5796,47.38016,0
8.5805,47.38016,0
8.5814,47.38016,0
8.5823,47.38016,0
8.58319,47.38016,0
8.58409,47.38016,0
8.58499,47.38016,0
8.58589,47.38016,0
8.58679,47.38016,0
8.58769,47.38016,0
8.58858,47.38016,0
8.58948,47.38016,0
8.59038,47.38016,0
8.59128,47.38016,0
8.59218,47.38016,0
8.59308,47.38016,0
8.59397,47.38016,0
8.59487,47.38016,0
8.59577,47.38016,0
8.59667,47.38016,0
8.59757,47.38016,0
8.45114,47.37955,0
8.45204,47.37955,0
8.45294,47.37955,0
8.45384,47.37955,0
8.45474,47.37955,0
8.45563,47.37955,0
8.45653,47.37955,0
8.45743,47.37955,0
8.45833,47.37955,0
8.45923,47.37955,0
8.46013,47.37955,0
8.46102,47.37955,0
8.46192,47.37955,0
8.46282,47.37955,0
8.46372,47.37955,0
8.46462,47.37955,0
8.46552,47.37955,0
8.46641,47.37955,0
8.46731,47.37955,0
8.46821,47.37955,0
8.46911,47.37955,0
8.47001,47.37955,0
8.47091,47.37955,0
8.4718,47.37955,0
8.4727,47.37955,0
8.4736,47.37955,0
8.4745,47.37955,0
8.4754,47.37955,0
8.47629,47.37955,0
8.47719,47.37955,0
8.47809,47.37955,0.147699997
8.47899,47.37955,0.426499993
8.47989,47.37955,1.058099985
8.48079,47.37955,2.086499929
8.48168,47.37955,3.053900003
8.48258,47.37955,3.889899969
8.48348,47.37955,4.176000118
8.48438,47.37955,3.934499979
8.48528,47.37955,3.632499933
8.48618,47.37955,4.0072999
8.48707,47.37955,4.348800182
8.48797,47.37955,5.607800007
8.48887,47.37955,7.164999962
8.48977,47.37955,8.336400032
8.49067,47.37955,8.777600288
8.49157,47.37955,8.308300018
8.49246,47.37955,7.128600121
8.49336,47.37955,5.786600113
8.49426,47.37955,4.147799969
8.49516,47.37955,2.874700069
8.49606,47.37955,2.372600079
8.49696,47.37955,2.519299984
8.49785,47.37955,2.539900064
8.49875,47.37955,2.828099966
8.49965,47.37955,3.355999947
8.50055,47.37955,3.853399992
8.50145,47.37955,4.786799908
8.50235,47.37955,6.083499908
8.50324,47.37955,7.085199833
8.50414,47.37955,7.533199787
8.50504,47.37955,7.893300056
8.50594,47.37955,7.74119997
8.50684,47.37955,7.575699806
8.50774,47.37955,7.349599838
8.50863,47.37955,7.459000111
8.50953,47.37955,7.543700218
8.51043,47.37955,7.570700169
8.51133,47.37955,7.458000183
8.51223,47.37955,7.525000095
8.51313,47.37955,7.56400013
8.51402,47.37955,7.989900112
8.51492,47.37955,8.57159996
8.51582,47.37955,9.243300438
8.51672,47.37955,9.564499855
8.51762,47.37955,9.492099762
8.51852,47.37955,8.856200218
8.51941,47.37955,8.216500282
8.52031,47.37955,7.18900013
8.52121,47.37955,6.961299896
8.52211,47.37955,6.575500011
8.52301,47.37955,6.387800217
8.52391,47.37955,6.009300232
8.5248,47.37955,5.397399902
8.5257,47.37955,4.676199913
8.5266,47.37955,3.960299969
8.5275,47.37955,3.923899889
8.5284,47.37955,3.829299927
8.5293,47.37955,3.796499968
8.53019,47.37955,3.49909997
8.53109,47.37955,2.9368999
8.53199,47.37955,2.055399895
8.53289,47.37955,1.114500046
8.53379,47.37955,0.51789999
8.53469,47.37955,0.271600008
8.53558,47.37955,0.210500002
8.53648,47.37955,0.207800001
8.53738,47.37955,0.163499996
8.53828,47.37955,0.150199994
8.53918,47.37955,0.1294
8.54008,47.37955,0.092900001
8.54097,47.37955,0.0513
8.54187,47.37955,0.045699999
8.54277,47.37955,0.059999999
8.54367,47.37955,0.197500005
8.54457,47.37955,0.4833
8.54547,47.37955,0.958500028
8.54636,47.37955,1.248000026
8.54726,47.37955,1.413699985
8.54816,47.37955,1.235499978
8.54906,47.37955,1.067999959
8.54996,47.37955,0.75880003
8.55086,47.37955,0.724099994
8.55175,47.37955,0.968699992
8.55265,47.37955,1.415300012
8.55355,47.37955,1.913100004
8.55445,47.37955,2.575400114
8.55535,47.37955,3.115700006
8.55625,47.37955,3.472199917
8.55714,47.37955,3.776200056
8.55804,47.37955,3.747200012
8.55894,47.37955,3.483999968
8.55984,47.37955,3.234200001
8.56074,47.37955,2.772000074
8.56163,47.37955,2.210900068
8.56253,47.37955,1.851400018
8.56343,47.37955,1.946699977
8.56433,47.37955,2.088900089
8.56523,47.37955,2.402499914
8.56613,47.37955,2.65170002
8.56702,47.37955,2.703799963
8.56792,47.37955,2.42779994
8.56882,47.37955,2.0072999
8.56972,47.37955,1.611999989
8.57062,47.37955,1.26849997
8.57152,47.37955,0.975399971
8.57241,47.37955,0.715399981
8.57331,47.37955,0.475699991
8.57421,47.37955,0.307099998
8.57511,47.37955,0.125100002
8.57601,47.37955,0.0515
8.57691,47.37955,0.0133
8.5778,47.37955,0
8.5787,47.37955,0
8.5796,47.37955,0
8.5805,47.37955,0
8.5814,47.37955,0
8.5823,47.37955,0
8.58319,47.37955,0
8.58409,47.37955,0
8.58499,47.37955,0
8.58589,47.37955,0
8.58679,47.37955,0
8.58769,47.37955,0
8.58858,47.37955,0
8.58948,47.37955,0
8.59038,47.37955,0
8.59128,47.37955,0
8.59218,47.37955,0
8.59308,47.37955,0
8.59397,47.37955,0
8.59487,47.37955,0
8.59577,47.37955,0
8.59667,47.37955,0
8.59757,47.37955,0
8.45833,47.37894,0
8.45923,47.37894,0
8.46013,47.37894,0
8.46102,47.37894,0
8.46192,47.37894,0
8.46282,47.37894,0
8.46372,47.37894,0
8.46462,47.37894,0
8.46552,47.37894,0
8.46641,47.37894,0
8.46731,47.37894,0
8.46821,47.37894,0
8.46911,47.37894,0
8.47001,47.37894,0
8.47091,47.37894,0
8.4718,47.37894,0
8.4727,47.37894,0
8.4736,47.37894,0
8.4745,47.37894,0
8.4754,47.37894,0
8.47629,47.37894,0
8.47719,47.37894,0.031399999
8.47809,47.37894,0.145400003
8.47899,47.37894,0.584100008
8.47989,47.37894,1.238999963
8.48079,47.37894,2.278700113
8.48168,47.37894,3.421999931
8.48258,47.37894,4.170300007
8.48348,47.37894,4.595099926
8.48438,47.37894,4.667200089
8.48528,47.37894,4.577799797
8.48618,47.37894,4.817699909
8.48707,47.37894,5.755899906
8.48797,47.37894,7.09679985
8.48887,47.37894,8.364299774
8.48977,47.37894,9.188899994
8.49067,47.37894,9.376099586
8.49157,47.37894,8.895899773
8.49246,47.37894,7.768300056
8.49336,47.37894,6.191100121
8.49426,47.37894,4.904200077
8.49516,47.37894,3.970700026
8.49606,47.37894,3.263299942
8.49696,47.37894,3.263999939
8.49785,47.37894,3.232700109
8.49875,47.37894,3.374799967
8.49965,47.37894,3.164999962
8.50055,47.37894,3.930999994
8.50145,47.37894,4.77850008
8.50235,47.37894,5.53249979
8.50324,47.37894,6.3197999
8.50414,47.37894,6.78429985
8.50504,47.37894,6.414999962
8.50594,47.37894,6.278900146
8.50684,47.37894,5.94810009
8.50774,47.37894,5.890999794
8.50863,47.37894,6.048999786
8.50953,47.37894,6.152200222
8.51043,47.37894,6.116099834
8.51133,47.37894,6.576600075
8.51223,47.37894,6.896699905
8.51313,47.37894,7.519899845
8.51402,47.37894,8.123900414
8.51492,47.37894,9.102499962
8.51582,47.37894,9.413499832
8.51672,47.37894,9.703300476
8.51762,47.37894,9.485199928
8.51852,47.37894,8.558799744
8.51941,47.37894,7.850299835
8.52031,47.37894,7.414899826
8.52121,47.37894,7.109399796
8.52211,47.37894,6.952499866
8.52301,47.37894,6.729499817
8.52391,47.37894,6.326600075
8.5248,47.37894,5.67509985
8.5257,47.37894,4.574399948
8.5266,47.37894,3.857899904
8.5275,47.37894,3.685199976
8.5284,47.37894,3.602099895
8.5293,47.37894,3.779000044
8.53019,47.37894,3.387200117
8.53109,47.37894,2.770299912
8.53199,47.37894,1.852699995
8.53289,47.37894,1.04610002
8.53379,47.37894,0.438199997
8.53469,47.37894,0.278600007
8.53558,47.37894,0.230599999
8.53648,47.37894,0.213100001
8.53738,47.37894,0.194199994
8.53828,47.37894,0.161799997
8.53918,47.37894,0.132100001
8.54008,47.37894,0.108499996
8.54097,47.37894,0.074600004
8.54187,47.37894,0.039900001
8.54277,47.37894,0.0274
8.54367,47.37894,0.222499996
8.54457,47.37894,0.4111
8.54547,47.37894,0.67930001
8.54636,47.37894,0.870700002
8.54726,47.37894,0.904100001
8.54816,47.37894,0.714299977
8.54906,47.37894,0.489199996
8.54996,47.37894,0.140799999
8.55086,47.37894,0.146500006
8.55175,47.37894,0.323399991
8.55265,47.37894,0.60860002
8.55355,47.37894,1.225299954
8.55445,47.37894,1.877699971
8.55535,47.37894,2.480999947
8.55625,47.37894,2.938899994
8.55714,47.37894,3.165699959
8.55804,47.37894,3.077100039
8.55894,47.37894,3.072400093
8.55984,47.37894,2.759000063
8.56074,47.37894,2.347100019
8.56163,47.37894,2.129499912
8.56253,47.37894,2.035200119
8.56343,47.37894,2.088500023
8.56433,47.37894,2.433799982
8.56523,47.37894,2.789700031
8.56613,47.37894,2.842099905
8.56702,47.37894,2.75909996
8.56792,47.37894,2.449800015
8.56882,47.37894,1.967000008
8.56972,47.37894,1.503000021
8.57062,47.37894,1.167099953
8.57152,47.37894,0.928799987
8.57241,47.37894,0.716700017
8.57331,47.37894,0.472200006
8.57421,47.37894,0.266400009
8.57511,47.37894,0.1338
8.57601,47.37894,0.070900001
8.57691,47.37894,0.0276
8.5778,47.37894,0.0063
8.5787,47.37894,0
8.5796,47.37894,0
8.5805,47.37894,0
8.5814,47.37894,0
8.5823,47.37894,0
8.58319,47.37894,0
8.58409,47.37894,0
8.58499,47.37894,0
8.58589,47.37894,0
8.58679,47.37894,0
8.58769,47.37894,0
8.58858,47.37894,0
8.58948,47.37894,0
8.59038,47.37894,0
8.59128,47.37894,0
8.59218,47.37894,0
8.59308,47.37894,0
8.59397,47.37894,0
8.59487,47.37894,0
8.59577,47.37894,0
8.59667,47.37894,0
8.59757,47.37894,0
8.46192,47.37833,0
8.46282,47.37833,0
8.46372,47.37833,0
8.46462,47.37833,0
8.46552,47.37833,0
8.46641,47.37833,0
8.46731,47.37833,0
8.46821,47.37833,0
8.46911,47.37833,0
8.47001,47.37833,0
8.47091,47.37833,0
8.4718,47.37833,0
8.4727,47.37833,0
8.4736,47.37833,0
8.4745,47.37833,0
8.4754,47.37833,0
8.47629,47.37833,0
8.47719,47.37833,0.0126
8.47809,47.37833,0.135900006
8.47899,47.37833,0.553799987
8.47989,47.37833,1.288599968
8.48079,47.37833,2.238899946
8.48168,47.37833,3.367799997
8.48258,47.37833,4.163899899
8.48348,47.37833,4.656599998
8.48438,47.37833,4.764900208
8.48528,47.37833,5.222599983
8.48618,47.37833,5.623400211
8.48707,47.37833,6.671999931
8.48797,47.37833,7.767499924
8.48887,47.37833,8.544599533
8.48977,47.37833,9.086700439
8.49067,47.37833,8.840299606
8.49157,47.37833,8.226499558
8.49246,47.37833,7.643599987
8.49336,47.37833,6.619999886
8.49426,47.37833,5.790699959
8.49516,47.37833,5.434599876
8.49606,47.37833,5.08589983
8.49696,47.37833,5.247600079
8.49785,47.37833,4.942900181
8.49875,47.37833,4.573200226
8.49965,47.37833,3.921700001
8.50055,47.37833,3.771600008
8.50145,47.37833,3.993999958
8.50235,47.37833,4.575500011
8.50324,47.37833,4.805699825
8.50414,47.37833,4.963500023
8.50504,47.37833,4.57679987
8.50594,47.37833,3.874300003
8.50684,47.37833,3.420799971
8.50774,47.37833,3.558799982
8.50863,47.37833,3.915100098
8.50953,47.37833,4.370800018
8.51043,47.37833,4.788099766
8.51133,47.37833,5.42509985
8.51223,47.37833,6.298500061
8.51313,47.37833,7.154900074
8.51402,47.37833,8.477800369
8.51492,47.37833,9.271100044
8.51582,47.37833,9.661899567
8.51672,47.37833,10.15869999
8.51762,47.37833,9.347200394
8.51852,47.37833,8.525300026
8.51941,47.37833,7.678999901
8.52031,47.37833,7.117300034
8.52121,47.37833,6.911300182
8.52211,47.37833,7.176599979
8.52301,47.37833,6.68930006
8.52391,47.37833,6.482800007
8.5248,47.37833,5.672399998
8.5257,47.37833,4.584799767
8.5266,47.37833,3.851200104
8.5275,47.37833,3.693200111
8.5284,47.37833,3.826600075
8.5293,47.37833,3.868000031
8.53019,47.37833,3.615200043
8.53109,47.37833,2.828900099
8.53199,47.37833,1.702800035
8.53289,47.37833,0.866999984
8.53379,47.37833,0.371300012
8.53469,47.37833,0.309500009
8.53558,47.37833,0.317499995
8.53648,47.37833,0.281300008
8.53738,47.37833,0.242200002
8.53828,47.37833,0.194000006
8.53918,47.37833,0.156399995
8.54008,47.37833,0.132100001
8.54097,47.37833,0.0845
8.54187,47.37833,0.045200001
8.54277,47.37833,0.133200005
8.54367,47.37833,0.265500009
8.54457,47.37833,0.477100015
8.54547,47.37833,0.631099999
8.54636,47.37833,0.6875
8.54726,47.37833,0.663999975
8.54816,47.37833,0.426800013
8.54906,47.37833,0.215499997
8.54996,47.37833,0.101800002
8.55086,47.37833,0.035399999
8.55175,47.37833,0.0091
8.55265,47.37833,0.316500008
8.55355,47.37833,0.828299999
8.55445,47.37833,1.407899976
8.55535,47.37833,2.144900084
8.55625,47.37833,2.580800056
8.55714,47.37833,2.878400087
8.55804,47.37833,2.86529994
8.55894,47.37833,2.711800098
8.55984,47.37833,2.487099886
8.56074,47.37833,2.272399902
8.56163,47.37833,2.066800117
8.56253,47.37833,2.196399927
8.56343,47.37833,2.555299997
8.56433,47.37833,2.843400002
8.56523,47.37833,3.111000061
8.56613,47.37833,3.14350009
8.56702,47.37833,2.909800053
8.56792,47.37833,2.452600002
8.56882,47.37833,1.904299974
8.56972,47.37833,1.456599951
8.57062,47.37833,1.11559999
8.57152,47.37833,0.832300007
8.57241,47.37833,0.588
8.57331,47.37833,0.405900002
8.57421,47.37833,0.258700013
8.57511,47.37833,0.131400004
8.57601,47.37833,0.0515
8.57691,47.37833,0.0133
8.5778,47.37833,0
8.5787,47.37833,0
8.5796,47.37833,0
8.5805,47.37833,0
8.5814,47.37833,0
8.5823,47.37833,0
8.58319,47.37833,0
8.58409,47.37833,0
8.58499,47.37833,0.0251
8.58589,47.37833,0
8.58679,47.37833,0
8.58769,47.37833,0
8.58858,47.37833,0
8.58948,47.37833,0
8.59038,47.37833,0
8.59128,47.37833,0
8.59218,47.37833,0
8.59308,47.37833,0
8.59397,47.37833,0
8.59487,47.37833,0
8.59577,47.37833,0
8.59667,47.37833,0
8.59757,47.37833,0
8.46282,47.37772,0
8.46372,47.37772,0
8.46462,47.37772,0
8.46552,47.37772,0
8.46641,47.37772,0
8.46731,47.37772,0
8.46821,47.37772,0
8.46911,47.37772,0
8.47001,47.37772,0
8.47091,47.37772,0
8.4718,47.37772,0
8.4727,47.37772,0
8.4736,47.37772,0
8.4745,47.37772,0
8.4754,47.37772,0
8.47629,47.37772,0
8.47719,47.37772,0.0126
8.47809,47.37772,0.146500006
8.47899,47.37772,0.456900001
8.47989,47.37772,1.156299949
8.48079,47.37772,2.075000048
8.48168,47.37772,3.0151999
8.48258,47.37772,3.717600107
8.48348,47.37772,4.355100155
8.48438,47.37772,4.721700192
8.48528,47.37772,5.251100063
8.48618,47.37772,6.115300179
8.48707,47.37772,6.80880022
8.48797,47.37772,7.732500076
8.48887,47.37772,8.07310009
8.48977,47.37772,7.832699776
8.49067,47.37772,7.737400055
8.49157,47.37772,7.33589983
8.49246,47.37772,6.580299854
8.49336,47.37772,6.399700165
8.49426,47.37772,6.643599987
8.49516,47.37772,6.677700043
8.49606,47.37772,6.899499893
8.49696,47.37772,7.035099983
8.49785,47.37772,6.817500114
8.49875,47.37772,5.939099789
8.49965,47.37772,4.716100216
8.50055,47.37772,3.763200045
8.50145,47.37772,3.358400106
8.50235,47.37772,3.187999964
8.50324,47.37772,3.0552001
8.50414,47.37772,3.014699936
8.50504,47.37772,2.61529994
8.50594,47.37772,1.946200013
8.50684,47.37772,1.536499977
8.50774,47.37772,1.747099996
8.50863,47.37772,2.136899948
8.50953,47.37772,2.567899942
8.51043,47.37772,3.260900021
8.51133,47.37772,4.07159996
8.51223,47.37772,5.509300232
8.51313,47.37772,6.920599937
8.51402,47.37772,8.487799644
8.51492,47.37772,9.447600365
8.51582,47.37772,10.11400032
8.51672,47.37772,10.08360004
8.51762,47.37772,9.221500397
8.51852,47.37772,8.388999939
8.51941,47.37772,7.620999813
8.52031,47.37772,7.206399918
8.52121,47.37772,6.954100132
8.52211,47.37772,7.065400124
8.52301,47.37772,6.875599861
8.52391,47.37772,6.44299984
8.5248,47.37772,5.412499905
8.5257,47.37772,4.471000195
8.5266,47.37772,3.957099915
8.5275,47.37772,3.766400099
8.5284,47.37772,3.852299929
8.5293,47.37772,3.95720005
8.53019,47.37772,3.614799976
8.53109,47.37772,2.806299925
8.53199,47.37772,1.85650003
8.53289,47.37772,0.833999991
8.53379,47.37772,0.433400005
8.53469,47.37772,0.334899992
8.53558,47.37772,0.323300004
8.53648,47.37772,0.308400005
8.53738,47.37772,0.258599997
8.53828,47.37772,0.208800003
8.53918,47.37772,0.166700006
8.54008,47.37772,0.128099993
8.54097,47.37772,0.074600004
8.54187,47.37772,0.086199999
8.54277,47.37772,0.204500005
8.54367,47.37772,0.34740001
8.54457,47.37772,0.596199989
8.54547,47.37772,0.747900009
8.54636,47.37772,0.737500012
8.54726,47.37772,0.621699989
8.54816,47.37772,0.363599986
8.54906,47.37772,0.152400002
8.54996,47.37772,0.0133
8.55086,47.37772,0.0091
8.55175,47.37772,0.036600001
8.55265,47.37772,0.235499993
8.55355,47.37772,0.769500017
8.55445,47.37772,1.42809999
8.55535,47.37772,2.04279995
8.55625,47.37772,2.540600061
8.55714,47.37772,2.768599987
8.55804,47.37772,2.762799978
8.55894,47.37772,2.65170002
8.55984,47.37772,2.393100023
8.56074,47.37772,2.285000086
8.56163,47.37772,2.352999926
8.56253,47.37772,2.543499947
8.56343,47.37772,2.830300093
8.56433,47.37772,3.190500021
8.56523,47.37772,3.373300076
8.56613,47.37772,3.267400026
8.56702,47.37772,2.929500103
8.56792,47.37772,2.430799961
8.56882,47.37772,1.871500015
8.56972,47.37772,1.402899981
8.57062,47.37772,1.000100017
8.57152,47.37772,0.69599998
8.57241,47.37772,0.486900002
8.57331,47.37772,0.336100012
8.57421,47.37772,0.173700005
8.57511,47.37772,0.077299997
8.57601,47.37772,0.035399999
8.57691,47.37772,0.0091
8.5778,47.37772,0
8.5787,47.37772,0
8.5796,47.37772,0
8.5805,47.37772,0
8.5814,47.37772,0
8.5823,47.37772,0
8.58319,47.37772,0.036600001
8.58409,47.37772,0.053199999
8.58499,47.37772,0.0603
8.58589,47.37772,0.053199999
8.58679,47.37772,0.036600001
8.58769,47.37772,0
8.58858,47.37772,0
8.58948,47.37772,0
8.59038,47.37772,0
8.59128,47.37772,0
8.59218,47.37772,0
8.59308,47.37772,0
8.59397,47.37772,0
8.59487,47.37772,0
8.59577,47.37772,0
8.59667,47.37772,0
8.59757,47.37772,0
8.59847,47.37772,0
8.46372,47.37712,0
8.46462,47.37712,0
8.46552,47.37712,0
8.46641,47.37712,0
8.46731,47.37712,0
8.46821,47.37712,0
8.46911,47.37712,0
8.47001,47.37712,0
8.47091,47.37712,0
8.4718,47.37712,0
8.4727,47.37712,0
8.4736,47.37712,0
8.4745,47.37712,0
8.4754,47.37712,0
8.47629,47.37712,0
8.47719,47.37712,0
8.47809,47.37712,0.07
8.47899,47.37712,0.372000009
8.47989,47.37712,0.807799995
8.48079,47.37712,1.53760004
8.48168,47.37712,2.440399885
8.48258,47.37712,3.171299934
8.48348,47.37712,3.783900023
8.48438,47.37712,4.386600018
8.48528,47.37712,5.072700024
8.48618,47.37712,6.00150013
8.48707,47.37712,6.699100018
8.48797,47.37712,6.963300228
8.48887,47.37712,6.72480011
8.48977,47.37712,6.671700001
8.49067,47.37712,6.328000069
8.49157,47.37712,5.838799953
8.49246,47.37712,6.135399818
8.49336,47.37712,6.346300125
8.49426,47.37712,6.816800117
8.49516,47.37712,7.421800137
8.49606,47.37712,8.305600166
8.49696,47.37712,8.499300003
8.49785,47.37712,8.087499619
8.49875,47.37712,6.977099895
8.49965,47.37712,5.388800144
8.50055,47.37712,3.772700071
8.50145,47.37712,2.896899939
8.50235,47.37712,2.385400057
8.50324,47.37712,2.111999989
8.50414,47.37712,1.680199981
8.50504,47.37712,1.120100021
8.50594,47.37712,0.799399972
8.50684,47.37712,0.432500005
8.50774,47.37712,0.45480001
8.50863,47.37712,0.885399997
8.50953,47.37712,1.423099995
8.51043,47.37712,1.859099984
8.51133,47.37712,2.979799986
8.51223,47.37712,4.36439991
8.51313,47.37712,6.236100197
8.51402,47.37712,8.144900322
8.51492,47.37712,9.423399925
8.51582,47.37712,9.809599876
8.51672,47.37712,9.807800293
8.51762,47.37712,9.008099556
8.51852,47.37712,7.878399849
8.51941,47.37712,7.268400192
8.52031,47.37712,6.968500137
8.52121,47.37712,6.740300179
8.52211,47.37712,6.630400181
8.52301,47.37712,6.37650013
8.52391,47.37712,6.118100166
8.5248,47.37712,5.295700073
8.5257,47.37712,4.174399853
8.5266,47.37712,3.735199928
8.5275,47.37712,3.684700012
8.5284,47.37712,3.920399904
8.5293,47.37712,4.041999817
8.53019,47.37712,3.828700066
8.53109,47.37712,3.061100006
8.53199,47.37712,2.041300058
8.53289,47.37712,1.014700055
8.53379,47.37712,0.50880003
8.53469,47.37712,0.321399987
8.53558,47.37712,0.3028
8.53648,47.37712,0.268599987
8.53738,47.37712,0.221300006
8.53828,47.37712,0.1646
8.53918,47.37712,0.126000002
8.54008,47.37712,0.132200003
8.54097,47.37712,0.2359
8.54187,47.37712,0.335299999
8.54277,47.37712,0.48179999
8.54367,47.37712,0.686699986
8.54457,47.37712,0.87529999
8.54547,47.37712,1.003299952
8.54636,47.37712,0.909200013
8.54726,47.37712,0.698899984
8.54816,47.37712,0.392800003
8.54906,47.37712,0.195199996
8.54996,47.37712,0
8.55086,47.37712,0
8.55175,47.37712,0.102899998
8.55265,47.37712,0.445600003
8.55355,47.37712,0.948499978
8.55445,47.37712,1.721899986
8.55535,47.37712,2.344099998
8.55625,47.37712,2.747800112
8.55714,47.37712,3.007699966
8.55804,47.37712,2.864799976
8.55894,47.37712,2.636800051
8.55984,47.37712,2.52699995
8.56074,47.37712,2.376899958
8.56163,47.37712,2.365200043
8.56253,47.37712,2.673099995
8.56343,47.37712,2.987999916
8.56433,47.37712,3.289900064
8.56523,47.37712,3.282200098
8.56613,47.37712,3.159699917
8.56702,47.37712,2.782299995
8.56792,47.37712,2.311500072
8.56882,47.37712,1.675999999
8.56972,47.37712,1.23150003
8.57062,47.37712,0.834900022
8.57152,47.37712,0.532199979
8.57241,47.37712,0.307999998
8.57331,47.37712,0.184499994
8.57421,47.37712,0.087399997
8.57511,47.37712,0.031599998
8.57601,47.37712,0.0091
8.57691,47.37712,0
8.5778,47.37712,0
8.5787,47.37712,0
8.5796,47.37712,0
8.5805,47.37712,0
8.5814,47.37712,0
8.5823,47.37712,0.036600001
8.58319,47.37712,0.068300001
8.58409,47.37712,0.099399999
8.58499,47.37712,0.1127
8.58589,47.37712,0.099399999
8.58679,47.37712,0.068300001
8.58769,47.37712,0.036600001
8.58858,47.37712,0
8.58948,47.37712,0
8.59038,47.37712,0
8.59128,47.37712,0
8.59218,47.37712,0
8.59308,47.37712,0
8.59397,47.37712,0
8.59487,47.37712,0
8.59577,47.37712,0
8.59667,47.37712,0
8.59757,47.37712,0
8.59847,47.37712,0
8.46462,47.37651,0
8.46552,47.37651,0
8.46641,47.37651,0
8.46731,47.37651,0
8.46821,47.37651,0
8.46911,47.37651,0
8.47001,47.37651,0
8.47091,47.37651,0
8.4718,47.37651,0
8.4727,47.37651,0
8.4736,47.37651,0
8.4745,47.37651,0
8.4754,47.37651,0
8.47629,47.37651,0
8.47719,47.37651,0
8.47809,47.37651,0.0309
8.47899,47.37651,0.206100002
8.47989,47.37651,0.542800009
8.48079,47.37651,1.05490005
8.48168,47.37651,1.776100039
8.48258,47.37651,2.407900095
8.48348,47.37651,3.038100004
8.48438,47.37651,3.790899992
8.48528,47.37651,4.674900055
8.48618,47.37651,5.440599918
8.48707,47.37651,5.942800045
8.48797,47.37651,6.195499897
8.48887,47.37651,6.066599846
8.48977,47.37651,5.641699791
8.49067,47.37651,5.528900146
8.49157,47.37651,5.535999775
8.49246,47.37651,5.868400097
8.49336,47.37651,6.285099983
8.49426,47.37651,7.04610014
8.49516,47.37651,7.841499805
8.49606,47.37651,8.549799919
8.49696,47.37651,9.028100014
8.49785,47.37651,8.659000397
8.49875,47.37651,7.487999916
8.49965,47.37651,5.912499905
8.50055,47.37651,4.264500141
8.50145,47.37651,3.187799931
8.50235,47.37651,2.469500065
8.50324,47.37651,1.927099943
8.50414,47.37651,1.470299959
8.50504,47.37651,1.148499966
8.50594,47.37651,0.66900003
8.50684,47.37651,0.305000007
8.50774,47.37651,0.139400005
8.50863,47.37651,0.161699995
8.50953,47.37651,0.495299995
8.51043,47.37651,0.718800008
8.51133,47.37651,1.909199953
8.51223,47.37651,3.576900005
8.51313,47.37651,5.84469986
8.51402,47.37651,8.001700401
8.51492,47.37651,9.267299652
8.51582,47.37651,9.621600151
8.51672,47.37651,9.560899735
8.51762,47.37651,8.249799728
8.51852,47.37651,7.298799992
8.51941,47.37651,6.967000008
8.52031,47.37651,6.464900017
8.52121,47.37651,6.294099808
8.52211,47.37651,6.258200169
8.52301,47.37651,5.792699814
8.52391,47.37651,5.484600067
8.5248,47.37651,5.029600143
8.5257,47.37651,4.0697999
8.5266,47.37651,3.641799927
8.5275,47.37651,3.704999924
8.5284,47.37651,4.039899826
8.5293,47.37651,3.91260004
8.53019,47.37651,3.899300098
8.53109,47.37651,3.215199947
8.53199,47.37651,2.228199959
8.53289,47.37651,1.35769999
8.53379,47.37651,0.712700009
8.53469,47.37651,0.357199997
8.53558,47.37651,0.223900005
8.53648,47.37651,0.171100006
8.53738,47.37651,0.156299993
8.53828,47.37651,0.1206
8.53918,47.37651,0.131500006
8.54008,47.37651,0.273999989
8.54097,47.37651,0.466500014
8.54187,47.37651,0.629400015
8.54277,47.37651,0.930100024
8.54367,47.37651,1.265599966
8.54457,47.37651,1.578699946
8.54547,47.37651,1.666100025
8.54636,47.37651,1.526200056
8.54726,47.37651,1.179800034
8.54816,47.37651,0.616900027
8.54906,47.37651,0.218199998
8.54996,47.37651,0.049199998
8.55086,47.37651,0.061700001
8.55175,47.37651,0.226199999
8.55265,47.37651,0.717499971
8.55355,47.37651,1.22179997
8.55445,47.37651,1.996000052
8.55535,47.37651,2.646399975
8.55625,47.37651,3.050899982
8.55714,47.37651,3.171799898
8.55804,47.37651,3.056900024
8.55894,47.37651,2.692600012
8.55984,47.37651,2.50270009
8.56074,47.37651,2.378400087
8.56163,47.37651,2.430999994
8.56253,47.37651,2.57069993
8.56343,47.37651,2.798500061
8.56433,47.37651,2.939699888
8.56523,47.37651,2.911200047
8.56613,47.37651,2.657000065
8.56702,47.37651,2.37409997
8.56792,47.37651,1.929100037
8.56882,47.37651,1.44630003
8.56972,47.37651,0.994000018
8.57062,47.37651,0.637300014
8.57152,47.37651,0.312999994
8.57241,47.37651,0.169499993
8.57331,47.37651,0.0583
8.57421,47.37651,0.0063
8.57511,47.37651,0
8.57601,47.37651,0
8.57691,47.37651,0
8.5778,47.37651,0
8.5787,47.37651,0
8.5796,47.37651,0
8.5805,47.37651,0
8.5814,47.37651,0
8.5823,47.37651,0.053199999
8.58319,47.37651,0.099399999
8.58409,47.37651,0.144700006
8.58499,47.37651,0.163900003
8.58589,47.37651,0.144700006
8.58679,47.37651,0.099399999
8.58769,47.37651,0.053199999
8.58858,47.37651,0
8.58948,47.37651,0
8.59038,47.37651,0
8.59128,47.37651,0
8.59218,47.37651,0
8.59308,47.37651,0
8.59397,47.37651,0
8.59487,47.37651,0
8.59577,47.37651,0
8.59667,47.37651,0
8.59757,47.37651,0
8.59847,47.37651,0
8.59936,47.37651,0
8.46552,47.3759,0
8.46641,47.3759,0
8.46731,47.3759,0
8.46821,47.3759,0
8.46911,47.3759,0
8.47001,47.3759,0
8.47091,47.3759,0
8.4718,47.3759,0
8.4727,47.3759,0
8.4736,47.3759,0
8.4745,47.3759,0
8.4754,47.3759,0
8.47629,47.3759,0
8.47719,47.3759,0
8.47809,47.3759,0
8.47899,47.3759,0.081500001
8.47989,47.3759,0.336499989
8.48079,47.3759,0.670700014
8.48168,47.3759,1.20510006
8.48258,47.3759,1.862699986
8.48348,47.3759,2.681799889
8.48438,47.3759,3.638700008
8.48528,47.3759,4.453199863
8.48618,47.3759,5.157800198
8.48707,47.3759,5.171599865
8.48797,47.3759,5.172800064
8.48887,47.3759,5.114999771
8.48977,47.3759,4.767700195
8.49067,47.3759,4.969299793
8.49157,47.3759,5.278100014
8.49246,47.3759,5.58769989
8.49336,47.3759,5.814400196
8.49426,47.3759,6.356999874
8.49516,47.3759,7.041600227
8.49606,47.3759,7.940199852
8.49696,47.3759,8.215999603
8.49785,47.3759,8.041999817
8.49875,47.3759,7.146399975
8.49965,47.3759,5.911799908
8.50055,47.3759,4.548399925
8.50145,47.3759,3.858999968
8.50235,47.3759,3.119899988
8.50324,47.3759,3.052999973
8.50414,47.3759,2.694600105
8.50504,47.3759,2.178900003
8.50594,47.3759,1.882699966
8.50684,47.3759,1.049700022
8.50774,47.3759,0.495499998
8.50863,47.3759,0.128000006
8.50953,47.3759,0.155499995
8.51043,47.3759,0.609499991
8.51133,47.3759,1.490700006
8.51223,47.3759,3.306699991
8.51313,47.3759,5.440899849
8.51402,47.3759,7.875400066
8.51492,47.3759,9.298800468
8.51582,47.3759,9.668700218
8.51672,47.3759,9.320599556
8.51762,47.3759,8.520199776
8.51852,47.3759,7.486400127
8.51941,47.3759,6.709400177
8.52031,47.3759,6.136700153
8.52121,47.3759,5.999899864
8.52211,47.3759,5.478000164
8.52301,47.3759,5.263299942
8.52391,47.3759,5.206600189
8.5248,47.3759,4.692100048
8.5257,47.3759,4.016799927
8.5266,47.3759,3.759900093
8.5275,47.3759,3.5776999
8.5284,47.3759,3.755199909
8.5293,47.3759,3.976999998
8.53019,47.3759,3.724100113
8.53109,47.3759,3.113899946
8.53199,47.3759,2.358200073
8.53289,47.3759,1.336099982
8.53379,47.3759,0.804099977
8.53469,47.3759,0.485300004
8.53558,47.3759,0.2421
8.53648,47.3759,0.104800001
8.53738,47.3759,0.068899997
8.53828,47.3759,0.058899999
8.53918,47.3759,0.147400007
8.54008,47.3759,0.416900009
8.54097,47.3759,0.695500016
8.54187,47.3759,1.087900043
8.54277,47.3759,1.578299999
8.54367,47.3759,1.948799968
8.54457,47.3759,2.358500004
8.54547,47.3759,2.492199898
8.54636,47.3759,2.313899994
8.54726,47.3759,1.782099962
8.54816,47.3759,1.116799951
8.54906,47.3759,0.474000007
8.54996,47.3759,0.177000001
8.55086,47.3759,0.143099993
8.55175,47.3759,0.416299999
8.55265,47.3759,0.902999997
8.55355,47.3759,1.555799961
8.55445,47.3759,2.271199942
8.55535,47.3759,2.788800001
8.55625,47.3759,3.257699966
8.55714,47.3759,3.307100058
8.55804,47.3759,2.969500065
8.55894,47.3759,2.651599884
8.55984,47.3759,2.420099974
8.56074,47.3759,2.27850008
8.56163,47.3759,2.233599901
8.56253,47.3759,2.370599985
8.56343,47.3759,2.405999899
8.56433,47.3759,2.357800007
8.56523,47.3759,2.328099966
8.56613,47.3759,2.165400028
8.56702,47.3759,1.923400044
8.56792,47.3759,1.543300033
8.56882,47.3759,1.167400002
8.56972,47.3759,0.766200006
8.57062,47.3759,0.440299988
8.57152,47.3759,0.180700004
8.57241,47.3759,0.0309
8.57331,47.3759,0.0063
8.57421,47.3759,0
8.57511,47.3759,0
8.57601,47.3759,0
8.57691,47.3759,0
8.5778,47.3759,0
8.5787,47.3759,0
8.5796,47.3759,0
8.5805,47.3759,0
8.5814,47.3759,0.0251
8.5823,47.3759,0.0603
8.58319,47.3759,0.1127
8.58409,47.3759,0.163900003
8.58499,47.3759,0.185800001
8.58589,47.3759,0.163900003
8.58679,47.3759,0.1127
8.58769,47.3759,0.0603
8.58858,47.3759,0.0251
8.58948,47.3759,0
8.59038,47.3759,0
8.59128,47.3759,0
8.59218,47.3759,0
8.59308,47.3759,0
8.59397,47.3759,0
8.59487,47.3759,0
8.59577,47.3759,0
8.59667,47.3759,0
8.59757,47.3759,0
8.59847,47.3759,0
8.59936,47.3759,0
8.46731,47.37529,0
8.46821,47.37529,0
8.46911,47.37529,0
8.47001,47.37529,0
8.47091,47.37529,0
8.4718,47.37529,0
8.4727,47.37529,0
8.4736,47.37529,0
8.4745,47.37529,0
8.4754,47.37529,0
8.47629,47.37529,0
8.47719,47.37529,0
8.47809,47.37529,0
8.47899,47.37529,0.024599999
8.47989,47.37529,0.127900004
8.48079,47.37529,0.419800013
8.48168,47.37529,0.898400009
8.48258,47.37529,1.705000043
8.48348,47.37529,2.680099964
8.48438,47.37529,3.641400099
8.48528,47.37529,4.381199837
8.48618,47.37529,4.861700058
8.48707,47.37529,4.769999981
8.48797,47.37529,4.607299805
8.48887,47.37529,4.060800076
8.48977,47.37529,3.949500084
8.49067,47.37529,4.41989994
8.49157,47.37529,4.729199886
8.49246,47.37529,5.130099773
8.49336,47.37529,5.247300148
8.49426,47.37529,5.50880003
8.49516,47.37529,5.935599804
8.49606,47.37529,6.416500092
8.49696,47.37529,6.667600155
8.49785,47.37529,6.626699924
8.49875,47.37529,6.046599865
8.49965,47.37529,5.487199783
8.50055,47.37529,4.863399982
8.50145,47.37529,4.555099964
8.50235,47.37529,4.313799858
8.50324,47.37529,4.389400005
8.50414,47.37529,4.481599808
8.50504,47.37529,4.087800026
8.50594,47.37529,3.329900026
8.50684,47.37529,2.570800066
8.50774,47.37529,1.878200054
8.50863,47.37529,0.61500001
8.50953,47.37529,0.525099993
8.51043,47.37529,0.851599991
8.51133,47.37529,1.690400004
8.51223,47.37529,3.572900057
8.51313,47.37529,5.597799778
8.51402,47.37529,7.85379982
8.51492,47.37529,9.304300308
8.51582,47.37529,9.975999832
8.51672,47.37529,9.22729969
8.51762,47.37529,8.295999527
8.51852,47.37529,7.219900131
8.51941,47.37529,6.952400208
8.52031,47.37529,5.990099907
8.52121,47.37529,5.948900223
8.52211,47.37529,5.100800037
8.52301,47.37529,4.966800213
8.52391,47.37529,4.689700127
8.5248,47.37529,4.510300159
8.5257,47.37529,4.048399925
8.5266,47.37529,3.945899963
8.5275,47.37529,3.865499973
8.5284,47.37529,3.692100048
8.5293,47.37529,3.546999931
8.53019,47.37529,3.325700045
8.53109,47.37529,2.82310009
8.53199,47.37529,2.16779995
8.53289,47.37529,1.482200027
8.53379,47.37529,0.914900005
8.53469,47.37529,0.531899989
8.53558,47.37529,0.296099991
8.53648,47.37529,0.111000001
8.53738,47.37529,0.030200001
8.53828,47.37529,0.082800001
8.53918,47.37529,0.241500005
8.54008,47.37529,0.592400014
8.54097,47.37529,0.99150002
8.54187,47.37529,1.470299959
8.54277,47.37529,2.069299936
8.54367,47.37529,2.687400103
8.54457,47.37529,3.257600069
8.54547,47.37529,3.482700109
8.54636,47.37529,3.217099905
8.54726,47.37529,2.557199955
8.54816,47.37529,1.653800011
8.54906,47.37529,0.757000029
8.54996,47.37529,0.378899992
8.55086,47.37529,0.3213
8.55175,47.37529,0.569100022
8.55265,47.37529,1.102499962
8.55355,47.37529,1.703400016
8.55445,47.37529,2.389300108
8.55535,47.37529,2.960999966
8.55625,47.37529,3.267199993
8.55714,47.37529,3.285300016
8.55804,47.37529,2.975600004
8.55894,47.37529,2.645999908
8.55984,47.37529,2.242799997
8.56074,47.37529,2.111700058
8.56163,47.37529,2.17140007
8.56253,47.37529,2.174700022
8.56343,47.37529,2.00090003
8.56433,47.37529,1.965499997
8.56523,47.37529,1.830600023
8.56613,47.37529,1.694800019
8.56702,47.37529,1.493000031
8.56792,47.37529,1.338500023
8.56882,47.37529,1.005300045
8.56972,47.37529,0.708500028
8.57062,47.37529,0.341399997
8.57152,47.37529,0.176100001
8.57241,47.37529,0.107000001
8.57331,47.37529,0.050799999
8.57421,47.37529,0.031599998
8.57511,47.37529,0.0091
8.57601,47.37529,0
8.57691,47.37529,0
8.5778,47.37529,0
8.5787,47.37529,0
8.5796,47.37529,0
8.5805,47.37529,0
8.5814,47.37529,0
8.5823,47.37529,0.053199999
8.58319,47.37529,0.099399999
8.58409,47.37529,0.144700006
8.58499,47.37529,0.163900003
8.58589,47.37529,0.144700006
8.58679,47.37529,0.099399999
8.58769,47.37529,0.053199999
8.58858,47.37529,0
8.58948,47.37529,0
8.59038,47.37529,0
8.59128,47.37529,0
8.59218,47.37529,0
8.59308,47.37529,0
8.59397,47.37529,0
8.59487,47.37529,0
8.59577,47.37529,0
8.59667,47.37529,0
8.59757,47.37529,0
8.59847,47.37529,0
8.59936,47.37529,0
8.60026,47.37529,0
8.46821,47.37468,0
8.4718,47.37468,0
8.4727,47.37468,0
8.4736,47.37468,0
8.4745,47.37468,0
8.4754,47.37468,0
8.47629,47.37468,0
8.47719,47.37468,0
8.47809,47.37468,0
8.47899,47.37468,0.0126
8.47989,47.37468,0.061799999
8.48079,47.37468,0.170300007
8.48168,47.37468,0.786899984
8.48258,47.37468,1.50940001
8.48348,47.37468,2.724100113
8.48438,47.37468,3.772200108
8.48528,47.37468,4.508900166
8.48618,47.37468,4.853700161
8.48707,47.37468,4.57310009
8.48797,47.37468,3.92930007
8.48887,47.37468,3.585500002
8.48977,47.37468,3.569999933
8.49067,47.37468,3.847599983
8.49157,47.37468,4.405200005
8.49246,47.37468,4.733699799
8.49336,47.37468,4.770299912
8.49426,47.37468,4.612100124
8.49516,47.37468,4.780499935
8.49606,47.37468,4.907400131
8.49696,47.37468,5.214399815
8.49785,47.37468,5.076499939
8.49875,47.37468,5.060100079
8.49965,47.37468,4.847899914
8.50055,47.37468,4.940599918
8.50145,47.37468,4.973499775
8.50235,47.37468,5.379000187
8.50324,47.37468,5.845699787
8.50414,47.37468,6.014999866
8.50504,47.37468,5.990099907
8.50594,47.37468,5.744100094
8.50684,47.37468,4.768199921
8.50774,47.37468,3.808900118
8.50863,47.37468,3.044699907
8.50953,47.37468,2.362400055
8.51043,47.37468,2.474499941
8.51133,47.37468,3.315599918
8.51223,47.37468,4.585000038
8.51313,47.37468,6.125699997
8.51402,47.37468,8.31760025
8.51492,47.37468,9.558899879
8.51582,47.37468,9.967599869
8.51672,47.37468,9.790100098
8.51762,47.37468,8.673299789
8.51852,47.37468,7.696899891
8.51941,47.37468,7.537000179
8.52031,47.37468,6.874499798
8.52121,47.37468,6.354300022
8.52211,47.37468,5.874599934
8.52301,47.37468,5.059899807
8.52391,47.37468,4.523700237
8.5248,47.37468,4.491600037
8.5257,47.37468,4.41779995
8.5266,47.37468,4.117499828
8.5275,47.37468,4.131400108
8.5284,47.37468,3.632699966
8.5293,47.37468,3.34559989
8.53019,47.37468,2.907099962
8.53109,47.37468,2.478699923
8.53199,47.37468,1.798400044
8.53289,47.37468,1.379099965
8.53379,47.37468,0.953000009
8.53469,47.37468,0.605599999
8.53558,47.37468,0.3222
8.53648,47.37468,0.145600006
8.53738,47.37468,0.025900001
8.53828,47.37468,0.068700001
8.53918,47.37468,0.250999987
8.54008,47.37468,0.70450002
8.54097,47.37468,1.165699959
8.54187,47.37468,1.755499959
8.54277,47.37468,2.406399965
8.54367,47.37468,3.150599957
8.54457,47.37468,3.838099957
8.54547,47.37468,4.178500175
8.54636,47.37468,3.839099884
8.54726,47.37468,3.157900095
8.54816,47.37468,2.108599901
8.54906,47.37468,1.143700004
8.54996,47.37468,0.556999981
8.55086,47.37468,0.440100014
8.55175,47.37468,0.660899997
8.55265,47.37468,1.105499983
8.55355,47.37468,1.710800052
8.55445,47.37468,2.363500118
8.55535,47.37468,2.905499935
8.55625,47.37468,3.117799997
8.55714,47.37468,3.186300039
8.55804,47.37468,2.979199886
8.55894,47.37468,2.621999979
8.55984,47.37468,2.330800056
8.56074,47.37468,2.103199959
8.56163,47.37468,2.017100096
8.56253,47.37468,1.944200039
8.56343,47.37468,1.876799941
8.56433,47.37468,1.770400047
8.56523,47.37468,1.614099979
8.56613,47.37468,1.520599961
8.56702,47.37468,1.456500053
8.56792,47.37468,1.25150001
8.56882,47.37468,0.996900022
8.56972,47.37468,0.748700023
8.57062,47.37468,0.4903
8.57152,47.37468,0.336600006
8.57241,47.37468,0.230499998
8.57331,47.37468,0.188899994
8.57421,47.37468,0.113899998
8.57511,47.37468,0.035399999
8.57601,47.37468,0.0091
8.57691,47.37468,0
8.5778,47.37468,0
8.5787,47.37468,0
8.5796,47.37468,0
8.5805,47.37468,0
8.5814,47.37468,0
8.5823,47.37468,0.036600001
8.58319,47.37468,0.068300001
8.58409,47.37468,0.099399999
8.58499,47.37468,0.1127
8.58589,47.37468,0.099399999
8.58679,47.37468,0.068300001
8.58769,47.37468,0.036600001
8.58858,47.37468,0
8.58948,47.37468,0
8.59038,47.37468,0
8.59128,47.37468,0
8.59218,47.37468,0
8.59308,47.37468,0
8.59397,47.37468,0
8.59487,47.37468,0
8.59577,47.37468,0
8.59667,47.37468,0
8.59757,47.37468,0
8.59847,47.37468,0
8.59936,47.37468,0
8.60026,47.37468,0
8.60116,47.37468,0
8.4718,47.37407,0
8.4727,47.37407,0
8.4736,47.37407,0
8.4745,47.37407,0
8.4754,47.37407,0
8.47629,47.37407,0
8.47719,47.37407,0
8.47809,47.37407,0
8.47899,47.37407,0
8.47989,47.37407,0.035799999
8.48079,47.37407,0.1514
8.48168,47.37407,0.72420001
8.48258,47.37407,1.524299979
8.48348,47.37407,2.647000074
8.48438,47.37407,3.757800102
8.48528,47.37407,4.584899902
8.48618,47.37407,4.773600101
8.48707,47.37407,4.382699966
8.48797,47.37407,3.842799902
8.48887,47.37407,3.448600054
8.48977,47.37407,3.312299967
8.49067,47.37407,3.435899973
8.49157,47.37407,3.853399992
8.49246,47.37407,4.205999851
8.49336,47.37407,4.452000141
8.49426,47.37407,4.227000237
8.49516,47.37407,4.108399868
8.49606,47.37407,3.865200043
8.49696,47.37407,3.875400066
8.49785,47.37407,3.766200066
8.49875,47.37407,3.987999916
8.49965,47.37407,4.21600008
8.50055,47.37407,4.763800144
8.50145,47.37407,5.477900028
8.50235,47.37407,5.958399773
8.50324,47.37407,6.680699825
8.50414,47.37407,7.059500217
8.50504,47.37407,7.639100075
8.50594,47.37407,7.542600155
8.50684,47.37407,6.802499771
8.50774,47.37407,6.189099789
8.50863,47.37407,5.599599838
8.50953,47.37407,4.968400002
8.51043,47.37407,5.030099869
8.51133,47.37407,5.340000153
8.51223,47.37407,6.54460001
8.51313,47.37407,7.578000069
8.51402,47.37407,8.931799889
8.51492,47.37407,9.910099983
8.51582,47.37407,9.969400406
8.51672,47.37407,9.85490036
8.51762,47.37407,8.989800453
8.51852,47.37407,8.743000031
8.51941,47.37407,8.132399559
8.52031,47.37407,8.223199844
8.52121,47.37407,7.57310009
8.52211,47.37407,6.779300213
8.52301,47.37407,5.748799801
8.52391,47.37407,5.351399899
8.5248,47.37407,4.633200169
8.5257,47.37407,5.42509985
8.5266,47.37407,5.604100227
8.5275,47.37407,4.913199902
8.5284,47.37407,4.145800114
8.5293,47.37407,3.608700037
8.53019,47.37407,2.609999895
8.53109,47.37407,2.167099953
8.53199,47.37407,1.798300028
8.53289,47.37407,1.243499994
8.53379,47.37407,0.902100027
8.53469,47.37407,0.620199978
8.53558,47.37407,0.308299989
8.53648,47.37407,0.150800005
8.53738,47.37407,0.078299999
8.53828,47.37407,0.058800001
8.53918,47.37407,0.256300002
8.54008,47.37407,0.699899971
8.54097,47.37407,1.111400008
8.54187,47.37407,1.629199982
8.54277,47.37407,2.363199949
8.54367,47.37407,3.177999973
8.54457,47.37407,3.9302001
8.54547,47.37407,4.292099953
8.54636,47.37407,4.077799797
8.54726,47.37407,3.367199898
8.54816,47.37407,2.216300011
8.54906,47.37407,1.167999983
8.54996,47.37407,0.628300011
8.55086,47.37407,0.497000009
8.55175,47.37407,0.752600014
8.55265,47.37407,1.035899997
8.55355,47.37407,1.551800013
8.55445,47.37407,2.114099979
8.55535,47.37407,2.663899899
8.55625,47.37407,3.092999935
8.55714,47.37407,3.345900059
8.55804,47.37407,3.354899883
8.55894,47.37407,3.02940011
8.55984,47.37407,2.713000059
8.56074,47.37407,2.408900023
8.56163,47.37407,2.239200115
8.56253,47.37407,2.033400059
8.56343,47.37407,2.015700102
8.56433,47.37407,1.836899996
8.56523,47.37407,1.81280005
8.56613,47.37407,1.601999998
8.56702,47.37407,1.568799973
8.56792,47.37407,1.386399984
8.56882,47.37407,1.11469996
8.56972,47.37407,0.845399976
8.57062,47.37407,0.648699999
8.57152,47.37407,0.514599979
8.57241,47.37407,0.436300009
8.57331,47.37407,0.322899997
8.57421,47.37407,0.212099999
8.57511,47.37407,0.097199999
8.57601,47.37407,0.0133
8.57691,47.37407,0
8.5778,47.37407,0
8.5787,47.37407,0
8.5796,47.37407,0
8.5805,47.37407,0
8.5814,47.37407,0
8.5823,47.37407,0
8.58319,47.37407,0.036600001
8.58409,47.37407,0.053199999
8.58499,47.37407,0.0603
8.58589,47.37407,0.053199999
8.58679,47.37407,0.036600001
8.58769,47.37407,0
8.58858,47.37407,0
8.58948,47.37407,0
8.59038,47.37407,0
8.59128,47.37407,0
8.59218,47.37407,0
8.59308,47.37407,0
8.59397,47.37407,0
8.59487,47.37407,0
8.59577,47.37407,0
8.59667,47.37407,0
8.59757,47.37407,0
8.59847,47.37407,0
8.59936,47.37407,0
8.60026,47.37407,0
8.60116,47.37407,0
8.60206,47.37407,0
8.47091,47.37347,0
8.4718,47.37347,0
8.4727,47.37347,0
8.4736,47.37347,0
8.4745,47.37347,0
8.4754,47.37347,0
8.47629,47.37347,0
8.47719,47.37347,0
8.47809,47.37347,0
8.47899,47.37347,0
8.47989,47.37347,0.018300001
8.48079,47.37347,0.156399995
8.48168,47.37347,0.565500021
8.48258,47.37347,1.245800018
8.48348,47.37347,2.235800028
8.48438,47.37347,3.349999905
8.48528,47.37347,4.187600136
8.48618,47.37347,4.359000206
8.48707,47.37347,4.061100006
8.48797,47.37347,3.699500084
8.48887,47.37347,3.252799988
8.48977,47.37347,3.084100008
8.49067,47.37347,3.294300079
8.49157,47.37347,3.629800081
8.49246,47.37347,4.101099968
8.49336,47.37347,4.119900227
8.49426,47.37347,4.192699909
8.49516,47.37347,4.09070015
8.49606,47.37347,3.82220006
8.49696,47.37347,3.494899988
8.49785,47.37347,3.463999987
8.49875,47.37347,3.420300007
8.49965,47.37347,3.981400013
8.50055,47.37347,4.544499874
8.50145,47.37347,5.167900085
8.50235,47.37347,6.002600193
8.50324,47.37347,6.51429987
8.50414,47.37347,7.04460001
8.50504,47.37347,7.996600151
8.50594,47.37347,8.153900146
8.50684,47.37347,8.121199608
8.50774,47.37347,8.094599724
8.50863,47.37347,7.588099957
8.50953,47.37347,7.448599815
8.51043,47.37347,7.51940012
8.51133,47.37347,7.625800133
8.51223,47.37347,8.265800476
8.51313,47.37347,8.785400391
8.51402,47.37347,9.536000252
8.51492,47.37347,9.989500046
8.51582,47.37347,9.959600449
8.51672,47.37347,9.741999626
8.51762,47.37347,9.395199776
8.51852,47.37347,9.299500465
8.51941,47.37347,9.350099564
8.52031,47.37347,9.209400177
8.52121,47.37347,8.656100273
8.52211,47.37347,8.092599869
8.52301,47.37347,7.000899792
8.52391,47.37347,6.348599911
8.5248,47.37347,6.813499928
8.5257,47.37347,7.360199928
8.5266,47.37347,7.700600147
8.5275,47.37347,7.167900085
8.5284,47.37347,6.022999763
8.5293,47.37347,4.246200085
8.53019,47.37347,3.318099976
8.53109,47.37347,2.504899979
8.53199,47.37347,1.822199941
8.53289,47.37347,1.405699968
8.53379,47.37347,0.925599992
8.53469,47.37347,0.4991
8.53558,47.37347,0.2852
8.53648,47.37347,0.133100003
8.53738,47.37347,0.0189
8.53828,47.37347,0.087200001
8.53918,47.37347,0.245900005
8.54008,47.37347,0.569999993
8.54097,47.37347,0.98210001
8.54187,47.37347,1.415500045
8.54277,47.37347,2.077800035
8.54367,47.37347,2.790600061
8.54457,47.37347,3.556799889
8.54547,47.37347,3.974400043
8.54636,47.37347,3.910000086
8.54726,47.37347,3.200900078
8.54816,47.37347,2.131900072
8.54906,47.37347,1.093000054
8.54996,47.37347,0.659799993
8.55086,47.37347,0.530700028
8.55175,47.37347,0.750800014
8.55265,47.37347,1.068500042
8.55355,47.37347,1.492200017
8.55445,47.37347,2.000099897
8.55535,47.37347,2.615499973
8.55625,47.37347,3.266000032
8.55714,47.37347,3.767199993
8.55804,47.37347,3.828399897
8.55894,47.37347,3.646300077
8.55984,47.37347,3.364500046
8.56074,47.37347,2.887099981
8.56163,47.37347,2.674700022
8.56253,47.37347,2.347500086
8.56343,47.37347,2.3671
8.56433,47.37347,2.289900064
8.56523,47.37347,2.177000046
8.56613,47.37347,2.028000116
8.56702,47.37347,1.845600009
8.56792,47.37347,1.595199943
8.56882,47.37347,1.243100047
8.56972,47.37347,0.967000008
8.57062,47.37347,0.76819998
8.57152,47.37347,0.648800015
8.57241,47.37347,0.568099976
8.57331,47.37347,0.435400009
8.57421,47.37347,0.28580001
8.57511,47.37347,0.131099999
8.57601,47.37347,0.0276
8.57691,47.37347,0.0063
8.5778,47.37347,0
8.5787,47.37347,0
8.5796,47.37347,0
8.5805,47.37347,0
8.5814,47.37347,0
8.5823,47.37347,0
8.58319,47.37347,0
8.58409,47.37347,0
8.58499,47.37347,0.0251
8.58589,47.37347,0
8.58679,47.37347,0
8.58769,47.37347,0
8.58858,47.37347,0
8.58948,47.37347,0
8.59038,47.37347,0
8.59128,47.37347,0
8.59218,47.37347,0
8.59308,47.37347,0
8.59397,47.37347,0
8.59487,47.37347,0
8.59577,47.37347,0
8.59667,47.37347,0
8.59757,47.37347,0
8.59847,47.37347,0
8.59936,47.37347,0
8.60026,47.37347,0
8.60116,47.37347,0
8.60206,47.37347,0
8.47091,47.37286,0
8.4718,47.37286,0
8.4727,47.37286,0
8.4736,47.37286,0
8.4745,47.37286,0
8.4754,47.37286,0
8.47629,47.37286,0
8.47719,47.37286,0
8.47809,47.37286,0
8.47899,47.37286,0
8.47989,47.37286,0
8.48079,47.37286,0.018300001
8.48168,47.37286,0.388399988
8.48258,47.37286,0.87620002
8.48348,47.37286,1.672700047
8.48438,47.37286,2.636499882
8.48528,47.37286,3.119199991
8.48618,47.37286,3.594099998
8.48707,47.37286,3.595999956
8.48797,47.37286,3.236599922
8.48887,47.37286,3.126199961
8.48977,47.37286,3.06520009
8.49067,47.37286,3.358999968
8.49157,47.37286,3.691999912
8.49246,47.37286,4.013800144
8.49336,47.37286,4.276199818
8.49426,47.37286,4.491300106
8.49516,47.37286,4.447400093
8.49606,47.37286,4.23390007
8.49696,47.37286,4.010000229
8.49785,47.37286,3.636899948
8.49875,47.37286,3.568099976
8.49965,47.37286,3.803600073
8.50055,47.37286,4.371399879
8.50145,47.37286,4.761700153
8.50235,47.37286,5.185599804
8.50324,47.37286,5.910999775
8.50414,47.37286,6.575600147
8.50504,47.37286,7.215099812
8.50594,47.37286,7.818900108
8.50684,47.37286,8.397100449
8.50774,47.37286,8.707099915
8.50863,47.37286,8.718099594
8.50953,47.37286,8.853199959
8.51043,47.37286,9.331100464
8.51133,47.37286,9.911899567
8.51223,47.37286,9.593000412
8.51313,47.37286,9.667099953
8.51402,47.37286,9.702400208
8.51492,47.37286,9.954299927
8.51582,47.37286,9.811200142
8.51672,47.37286,9.448300362
8.51762,47.37286,9.33920002
8.51852,47.37286,9.712200165
8.51941,47.37286,10.30760002
8.52031,47.37286,10.2258997
8.52121,47.37286,10.13150024
8.52211,47.37286,9.304499626
8.52301,47.37286,8.66119957
8.52391,47.37286,8.612700462
8.5248,47.37286,9.67800045
8.5257,47.37286,10.37880039
8.5266,47.37286,10.80770016
8.5275,47.37286,10.10169983
8.5284,47.37286,8.400899887
8.5293,47.37286,6.187099934
8.53019,47.37286,4.478300095
8.53109,47.37286,3.198699951
8.53199,47.37286,2.320300102
8.53289,47.37286,1.654800057
8.53379,47.37286,1.118000031
8.53469,47.37286,0.684899986
8.53558,47.37286,0.308800012
8.53648,47.37286,0.154599994
8.53738,47.37286,0.030200001
8.53828,47.37286,0.093199998
8.53918,47.37286,0.227599993
8.54008,47.37286,0.440499991
8.54097,47.37286,0.720099986
8.54187,47.37286,1.011800051
8.54277,47.37286,1.488100052
8.54367,47.37286,2.188699961
8.54457,47.37286,3.018300056
8.54547,47.37286,3.495699883
8.54636,47.37286,3.486000061
8.54726,47.37286,2.91989994
8.54816,47.37286,1.879400015
8.54906,47.37286,1.051200032
8.54996,47.37286,0.604300022
8.55086,47.37286,0.641600013
8.55175,47.37286,0.890699983
8.55265,47.37286,1.157899976
8.55355,47.37286,1.448099971
8.55445,47.37286,2.054100037
8.55535,47.37286,2.678100109
8.55625,47.37286,3.443099976
8.55714,47.37286,4.083099842
8.55804,47.37286,4.502600193
8.55894,47.37286,4.383200169
8.55984,47.37286,4.077799797
8.56074,47.37286,3.542399883
8.56163,47.37286,3.245199919
8.56253,47.37286,3.061199903
8.56343,47.37286,3.039900064
8.56433,47.37286,2.976900101
8.56523,47.37286,2.817300081
8.56613,47.37286,2.432899952
8.56702,47.37286,2.062900066
8.56792,47.37286,1.626799941
8.56882,47.37286,1.327299953
8.56972,47.37286,1.049100041
8.57062,47.37286,0.789900005
8.57152,47.37286,0.751800001
8.57241,47.37286,0.668200016
8.57331,47.37286,0.471300006
8.57421,47.37286,0.298599988
8.57511,47.37286,0.145699993
8.57601,47.37286,0.0447
8.57691,47.37286,0
8.5778,47.37286,0
8.5787,47.37286,0
8.5796,47.37286,0
8.5805,47.37286,0
8.5814,47.37286,0
8.5823,47.37286,0
8.58319,47.37286,0
8.58409,47.37286,0
8.58499,47.37286,0
8.58589,47.37286,0
8.58679,47.37286,0
8.58769,47.37286,0
8.58858,47.37286,0
8.58948,47.37286,0
8.59038,47.37286,0
8.59128,47.37286,0
8.59218,47.37286,0
8.59308,47.37286,0
8.59397,47.37286,0
8.59487,47.37286,0
8.59577,47.37286,0
8.59667,47.37286,0
8.59757,47.37286,0
8.59847,47.37286,0
8.59936,47.37286,0
8.60026,47.37286,0
8.60116,47.37286,0
8.60206,47.37286,0
8.60296,47.37286,0
8.60386,47.37286,0
8.46911,47.37225,0
8.47001,47.37225,0
8.47091,47.37225,0
8.4718,47.37225,0
8.4727,47.37225,0
8.4736,47.37225,0
8.4745,47.37225,0
8.4754,47.37225,0
8.47629,47.37225,0
8.47719,47.37225,0
8.47809,47.37225,0
8.47899,47.37225,0
8.47989,47.37225,0
8.48079,47.37225,0
8.48168,47.37225,0.1646
8.48258,47.37225,0.67019999
8.48348,47.37225,1.13530004
8.48438,47.37225,1.834100008
8.48528,47.37225,2.34649992
8.48618,47.37225,2.703999996
8.48707,47.37225,2.729799986
8.48797,47.37225,2.871500015
8.48887,47.37225,2.863800049
8.48977,47.37225,3.133300066
8.49067,47.37225,3.549599886
8.49157,47.37225,3.897200108
8.49246,47.37225,4.237699986
8.49336,47.37225,4.61289978
8.49426,47.37225,4.791399956
8.49516,47.37225,4.913899899
8.49606,47.37225,4.625999928
8.49696,47.37225,4.306600094
8.49785,47.37225,3.875
8.49875,47.37225,3.736999989
8.49965,47.37225,3.720200062
8.50055,47.37225,4.029200077
8.50145,47.37225,4.346399784
8.50235,47.37225,4.509900093
8.50324,47.37225,4.832799912
8.50414,47.37225,5.051700115
8.50504,47.37225,5.838600159
8.50594,47.37225,6.480800152
8.50684,47.37225,7.223499775
8.50774,47.37225,7.903399944
8.50863,47.37225,8.461799622
8.50953,47.37225,9.566300392
8.51043,47.37225,10.26329994
8.51133,47.37225,10.46010017
8.51223,47.37225,10.45720005
8.51313,47.37225,9.916999817
8.51402,47.37225,8.931300163
8.51492,47.37225,9.161299706
8.51582,47.37225,8.882200241
8.51672,47.37225,8.838700294
8.51762,47.37225,8.833800316
8.51852,47.37225,9.695099831
8.51941,47.37225,9.984100342
8.52031,47.37225,10.57989979
8.52121,47.37225,10.57759953
8.52211,47.37225,10.04179955
8.52301,47.37225,9.812199593
8.52391,47.37225,10.95820045
8.5248,47.37225,11.82069969
8.5257,47.37225,13.30529976
8.5266,47.37225,13.70569992
8.5275,47.37225,12.53409958
8.5284,47.37225,10.36450005
8.5293,47.37225,7.976099968
8.53019,47.37225,5.485599995
8.53109,47.37225,4.016200066
8.53199,47.37225,2.941400051
8.53289,47.37225,2.044800043
8.53379,47.37225,1.426699996
8.53469,47.37225,0.932699978
8.53558,47.37225,0.440100014
8.53648,47.37225,0.195299998
8.53738,47.37225,0.144899994
8.53828,47.37225,0.117600001
8.53918,47.37225,0.25029999
8.54008,47.37225,0.388500005
8.54097,47.37225,0.534300029
8.54187,47.37225,0.719799995
8.54277,47.37225,1.08070004
8.54367,47.37225,1.626999974
8.54457,47.37225,2.35619998
8.54547,47.37225,2.919800043
8.54636,47.37225,2.940700054
8.54726,47.37225,2.4848001
8.54816,47.37225,1.705500007
8.54906,47.37225,1.0079
8.54996,47.37225,0.647000015
8.55086,47.37225,0.857800007
8.55175,47.37225,1.119099975
8.55265,47.37225,1.35679996
8.55355,47.37225,1.704599977
8.55445,47.37225,2.200999975
8.55535,47.37225,2.942800045
8.55625,47.37225,3.739300013
8.55714,47.37225,4.434700012
8.55804,47.37225,4.820899963
8.55894,47.37225,4.916999817
8.55984,47.37225,4.486000061
8.56074,47.37225,4.093999863
8.56163,47.37225,3.919800043
8.56253,47.37225,3.904999971
8.56343,47.37225,3.84010005
8.56433,47.37225,3.775599957
8.56523,47.37225,3.464299917
8.56613,47.37225,2.953299999
8.56702,47.37225,2.271500111
8.56792,47.37225,1.718500018
8.56882,47.37225,1.267500043
8.56972,47.37225,0.969200015
8.57062,47.37225,0.811100006
8.57152,47.37225,0.710900009
8.57241,47.37225,0.621599972
8.57331,47.37225,0.424299985
8.57421,47.37225,0.247500002
8.57511,47.37225,0.108199999
8.57601,47.37225,0.0091
8.57691,47.37225,0
8.5778,47.37225,0
8.5787,47.37225,0
8.5796,47.37225,0
8.5805,47.37225,0
8.5814,47.37225,0
8.5823,47.37225,0
8.58319,47.37225,0
8.58409,47.37225,0
8.58499,47.37225,0
8.58589,47.37225,0
8.58679,47.37225,0
8.58769,47.37225,0
8.58858,47.37225,0
8.58948,47.37225,0
8.59038,47.37225,0
8.59128,47.37225,0
8.59218,47.37225,0
8.59308,47.37225,0
8.59397,47.37225,0
8.59487,47.37225,0
8.59577,47.37225,0
8.59667,47.37225,0
8.59757,47.37225,0
8.59847,47.37225,0
8.59936,47.37225,0
8.60026,47.37225,0
8.60116,47.37225,0
8.60206,47.37225,0
8.60296,47.37225,0
8.60386,47.37225,0
8.60475,47.37225,0
8.46821,47.37164,0
8.46911,47.37164,0
8.47001,47.37164,0
8.47091,47.37164,0
8.4718,47.37164,0
8.4727,47.37164,0
8.4736,47.37164,0
8.4745,47.37164,0
8.4754,47.37164,0
8.47629,47.37164,0
8.47719,47.37164,0
8.47809,47.37164,0
8.47899,47.37164,0
8.47989,47.37164,0
8.48079,47.37164,0
8.48168,47.37164,0.137199998
8.48258,47.37164,0.439200014
8.48348,47.37164,0.737200022
8.48438,47.37164,1.185199976
8.48528,47.37164,1.478999972
8.48618,47.37164,1.841099977
8.48707,47.37164,1.940899968
8.48797,47.37164,2.296299934
8.48887,47.37164,2.763099909
8.48977,47.37164,3.359999895
8.49067,47.37164,3.930700064
8.49157,47.37164,4.575799942
8.49246,47.37164,5.302299976
8.49336,47.37164,5.734399796
8.49426,47.37164,6.007900238
8.49516,47.37164,5.885300159
8.49606,47.37164,5.330800056
8.49696,47.37164,4.802499771
8.49785,47.37164,4.40170002
8.49875,47.37164,4.026100159
8.49965,47.37164,4.253600121
8.50055,47.37164,3.903399944
8.50145,47.37164,4.086100101
8.50235,47.37164,4.196899891
8.50324,47.37164,3.887000084
8.50414,47.37164,3.928100109
8.50504,47.37164,4.646399975
8.50594,47.37164,4.832399845
8.50684,47.37164,5.360599995
8.50774,47.37164,6.536399841
8.50863,47.37164,7.643700123
8.50953,47.37164,9.001799583
8.51043,47.37164,10.05980015
8.51133,47.37164,10.32509995
8.51223,47.37164,10.25179958
8.51313,47.37164,9.491200447
8.51402,47.37164,8.359999657
8.51492,47.37164,7.851500034
8.51582,47.37164,7.74090004
8.51672,47.37164,7.802299976
8.51762,47.37164,8.03030014
8.51852,47.37164,8.527700424
8.51941,47.37164,9.187199593
8.52031,47.37164,9.568599701
8.52121,47.37164,9.571399689
8.52211,47.37164,9.618800163
8.52301,47.37164,10.31550026
8.52391,47.37164,11.40810013
8.5248,47.37164,13.48169994
8.5257,47.37164,14.46090031
8.5266,47.37164,14.87469959
8.5275,47.37164,13.55850029
8.5284,47.37164,11.21819973
8.5293,47.37164,8.263799667
8.53019,47.37164,6.124499798
8.53109,47.37164,4.368599892
8.53199,47.37164,3.319499969
8.53289,47.37164,2.347100019
8.53379,47.37164,1.731600046
8.53469,47.37164,1.06190002
8.53558,47.37164,0.658900023
8.53648,47.37164,0.338699996
8.53738,47.37164,0.261500001
8.53828,47.37164,0.214499995
8.53918,47.37164,0.228699997
8.54008,47.37164,0.325800002
8.54097,47.37164,0.396100014
8.54187,47.37164,0.495599985
8.54277,47.37164,0.805700004
8.54367,47.37164,1.276299953
8.54457,47.37164,1.972200036
8.54547,47.37164,2.492399931
8.54636,47.37164,2.647399902
8.54726,47.37164,2.275500059
8.54816,47.37164,1.634799957
8.54906,47.37164,1.019199967
8.54996,47.37164,0.858200014
8.55086,47.37164,1.056200027
8.55175,47.37164,1.349300027
8.55265,47.37164,1.656399965
8.55355,47.37164,2.051500082
8.55445,47.37164,2.615099907
8.55535,47.37164,3.22939992
8.55625,47.37164,3.978199959
8.55714,47.37164,4.687900066
8.55804,47.37164,4.803899765
8.55894,47.37164,4.888100147
8.55984,47.37164,4.410600185
8.56074,47.37164,4.361899853
8.56163,47.37164,4.359099865
8.56253,47.37164,4.371500015
8.56343,47.37164,4.436999798
8.56433,47.37164,4.630400181
8.56523,47.37164,4.017799854
8.56613,47.37164,3.296999931
8.56702,47.37164,2.443300009
8.56792,47.37164,1.682100058
8.56882,47.37164,1.152199984
8.56972,47.37164,0.929199994
8.57062,47.37164,0.746500015
8.57152,47.37164,0.629100025
8.57241,47.37164,0.490200013
8.57331,47.37164,0.330300003
8.57421,47.37164,0.157800004
8.57511,47.37164,0.054900002
8.57601,47.37164,0
8.57691,47.37164,0
8.5778,47.37164,0
8.5787,47.37164,0
8.5796,47.37164,0
8.5805,47.37164,0
8.5814,47.37164,0
8.5823,47.37164,0
8.58319,47.37164,0
8.58409,47.37164,0
8.58499,47.37164,0
8.58589,47.37164,0
8.58679,47.37164,0
8.58769,47.37164,0
8.58858,47.37164,0
8.58948,47.37164,0
8.59038,47.37164,0
8.59128,47.37164,0
8.59218,47.37164,0
8.59308,47.37164,0
8.59397,47.37164,0
8.59487,47.37164,0
8.59577,47.37164,0
8.59667,47.37164,0
8.59757,47.37164,0
8.59847,47.37164,0
8.59936,47.37164,0
8.60026,47.37164,0
8.60116,47.37164,0
8.60206,47.37164,0
8.60296,47.37164,0
8.60386,47.37164,0
8.60475,47.37164,0
8.46731,47.37103,0
8.46821,47.37103,0
8.46911,47.37103,0
8.47001,47.37103,0
8.47091,47.37103,0
8.4718,47.37103,0
8.4727,47.37103,0
8.4736,47.37103,0
8.4745,47.37103,0
8.4754,47.37103,0
8.47629,47.37103,0
8.47719,47.37103,0
8.47809,47.37103,0
8.47899,47.37103,0
8.47989,47.37103,0
8.48079,47.37103,0
8.48168,47.37103,0.199599996
8.48258,47.37103,0.372900009
8.48348,47.37103,0.579100013
8.48438,47.37103,0.852699995
8.48528,47.37103,0.949599981
8.48618,47.37103,1.162700057
8.48707,47.37103,1.431699991
8.48797,47.37103,1.853600025
8.48887,47.37103,2.736299992
8.48977,47.37103,3.557499886
8.49067,47.37103,4.459700108
8.49157,47.37103,5.538099766
8.49246,47.37103,6.691500187
8.49336,47.37103,7.301700115
8.49426,47.37103,7.546000004
8.49516,47.37103,7.179200172
8.49606,47.37103,6.383999825
8.49696,47.37103,5.304599762
8.49785,47.37103,4.951300144
8.49875,47.37103,4.755099773
8.49965,47.37103,4.556600094
8.50055,47.37103,4.490799904
8.50145,47.37103,4.409900188
8.50235,47.37103,3.923399925
8.50324,47.37103,3.660000086
8.50414,47.37103,3.350699902
8.50504,47.37103,3.190000057
8.50594,47.37103,3.808300018
8.50684,47.37103,3.887799978
8.50774,47.37103,4.811399937
8.50863,47.37103,6.499300003
8.50953,47.37103,7.87319994
8.51043,47.37103,8.871899605
8.51133,47.37103,9.619799614
8.51223,47.37103,9.232099533
8.51313,47.37103,8.23939991
8.51402,47.37103,7.45359993
8.51492,47.37103,6.505400181
8.51582,47.37103,6.53760004
8.51672,47.37103,6.805900097
8.51762,47.37103,6.88740015
8.51852,47.37103,6.91629982
8.51941,47.37103,7.517300129
8.52031,47.37103,7.826700211
8.52121,47.37103,8.052599907
8.52211,47.37103,8.165800095
8.52301,47.37103,9.815600395
8.52391,47.37103,11.68159962
8.5248,47.37103,13.30930042
8.5257,47.37103,14.37759972
8.5266,47.37103,14.27690029
8.5275,47.37103,12.35459995
8.5284,47.37103,10.06529999
8.5293,47.37103,7.509200096
8.53019,47.37103,5.487299919
8.53109,47.37103,4.266499996
8.53199,47.37103,3.413000107
8.53289,47.37103,2.588999987
8.53379,47.37103,1.923699975
8.53469,47.37103,1.293799996
8.53558,47.37103,0.663500011
8.53648,47.37103,0.46540001
8.53738,47.37103,0.313899994
8.53828,47.37103,0.274500012
8.53918,47.37103,0.230000004
8.54008,47.37103,0.273600012
8.54097,47.37103,0.279500008
8.54187,47.37103,0.337599993
8.54277,47.37103,0.537299991
8.54367,47.37103,1.010499954
8.54457,47.37103,1.617599964
8.54547,47.37103,2.137399912
8.54636,47.37103,2.368499994
8.54726,47.37103,2.063499928
8.54816,47.37103,1.531800032
8.54906,47.37103,1.161800027
8.54996,47.37103,1.037199974
8.55086,47.37103,1.239300013
8.55175,47.37103,1.577900052
8.55265,47.37103,2.084300041
8.55355,47.37103,2.617000103
8.55445,47.37103,3.216799974
8.55535,47.37103,3.686300039
8.55625,47.37103,4.246799946
8.55714,47.37103,4.744100094
8.55804,47.37103,4.727600098
8.55894,47.37103,4.567299843
8.55984,47.37103,4.360799789
8.56074,47.37103,4.290699959
8.56163,47.37103,4.361199856
8.56253,47.37103,4.919099808
8.56343,47.37103,5.348499775
8.56433,47.37103,5.403100014
8.56523,47.37103,4.994999886
8.56613,47.37103,3.936199903
8.56702,47.37103,2.796600103
8.56792,47.37103,1.766600013
8.56882,47.37103,1.192499995
8.56972,47.37103,0.826900005
8.57062,47.37103,0.643299997
8.57152,47.37103,0.522700012
8.57241,47.37103,0.329299986
8.57331,47.37103,0.192699999
8.57421,47.37103,0.086300001
8.57511,47.37103,0
8.57601,47.37103,0
8.57691,47.37103,0
8.5778,47.37103,0
8.5787,47.37103,0
8.5796,47.37103,0
8.5805,47.37103,0
8.5814,47.37103,0
8.5823,47.37103,0
8.58319,47.37103,0
8.58409,47.37103,0
8.58499,47.37103,0
8.58589,47.37103,0
8.58679,47.37103,0
8.58769,47.37103,0
8.58858,47.37103,0
8.58948,47.37103,0
8.59038,47.37103,0
8.59128,47.37103,0
8.59218,47.37103,0
8.59308,47.37103,0
8.59397,47.37103,0
8.59487,47.37103,0
8.59577,47.37103,0
8.59667,47.37103,0
8.59757,47.37103,0
8.59847,47.37103,0
8.59936,47.37103,0
8.60026,47.37103,0
8.60116,47.37103,0
8.60206,47.37103,0
8.60296,47.37103,0
8.60386,47.37103,0
8.60475,47.37103,0
8.60565,47.37103,0
8.46641,47.37042,0
8.46731,47.37042,0
8.46821,47.37042,0
8.46911,47.37042,0
8.47001,47.37042,0
8.47091,47.37042,0
8.4718,47.37042,0
8.4727,47.37042,0
8.4736,47.37042,0
8.4745,47.37042,0
8.4754,47.37042,0
8.47629,47.37042,0
8.47719,47.37042,0
8.47809,47.37042,0
8.47899,47.37042,0
8.47989,47.37042,0
8.48079,47.37042,0.094300002
8.48168,47.37042,0.226199999
8.48258,47.37042,0.422500014
8.48348,47.37042,0.614799976
8.48438,47.37042,0.728200018
8.48528,47.37042,0.751999974
8.48618,47.37042,0.80430001
8.48707,47.37042,1.06309998
8.48797,47.37042,1.680400014
8.48887,47.37042,2.457099915
8.48977,47.37042,3.5697999
8.49067,47.37042,4.921000004
8.49157,47.37042,6.393599987
8.49246,47.37042,7.851299763
8.49336,47.37042,8.766200066
8.49426,47.37042,8.82559967
8.49516,47.37042,8.277099609
8.49606,47.37042,6.939499855
8.49696,47.37042,6.197800159
8.49785,47.37042,5.094500065
8.49875,47.37042,4.844799995
8.49965,47.37042,4.852600098
8.50055,47.37042,4.833899975
8.50145,47.37042,4.382800102
8.50235,47.37042,4.139500141
8.50324,47.37042,3.558199883
8.50414,47.37042,3.215199947
8.50504,47.37042,2.832999945
8.50594,47.37042,2.775000095
8.50684,47.37042,2.963900089
8.50774,47.37042,3.892800093
8.50863,47.37042,4.783299923
8.50953,47.37042,6.319399834
8.51043,47.37042,7.759500027
8.51133,47.37042,8.284999847
8.51223,47.37042,8.123800278
8.51313,47.37042,7.130099773
8.51402,47.37042,6.50330019
8.51492,47.37042,5.74420023
8.51582,47.37042,5.612999916
8.51672,47.37042,5.70359993
8.51762,47.37042,5.800499916
8.51852,47.37042,5.845900059
8.51941,47.37042,5.737299919
8.52031,47.37042,5.865200043
8.52121,47.37042,6.384300232
8.52211,47.37042,7.462800026
8.52301,47.37042,8.7833004
8.52391,47.37042,10.87069988
8.5248,47.37042,11.96790028
8.5257,47.37042,12.53629971
8.5266,47.37042,11.48509979
8.5275,47.37042,9.829600334
8.5284,47.37042,7.352900028
8.5293,47.37042,5.752799988
8.53019,47.37042,4.090499878
8.53109,47.37042,3.454699993
8.53199,47.37042,2.837500095
8.53289,47.37042,2.351900101
8.53379,47.37042,1.918300033
8.53469,47.37042,1.332100034
8.53558,47.37042,0.717599988
8.53648,47.37042,0.463699996
8.53738,47.37042,0.374199986
8.53828,47.37042,0.265399992
8.53918,47.37042,0.246299997
8.54008,47.37042,0.228699997
8.54097,47.37042,0.222200006
8.54187,47.37042,0.216100007
8.54277,47.37042,0.304699987
8.54367,47.37042,0.73119998
8.54457,47.37042,1.254799962
8.54547,47.37042,1.739599943
8.54636,47.37042,1.940999985
8.54726,47.37042,1.782600045
8.54816,47.37042,1.402699947
8.54906,47.37042,1.092100024
8.54996,47.37042,0.972100019
8.55086,47.37042,1.250499964
8.55175,47.37042,1.698699951
8.55265,47.37042,2.363399982
8.55355,47.37042,3.109600067
8.55445,47.37042,3.649100065
8.55535,47.37042,4.232800007
8.55625,47.37042,4.484499931
8.55714,47.37042,4.668900013
8.55804,47.37042,4.530900002
8.55894,47.37042,4.28579998
8.55984,47.37042,3.948400021
8.56074,47.37042,4.01060009
8.56163,47.37042,4.589600086
8.56253,47.37042,5.346700192
8.56343,47.37042,6.029300213
8.56433,47.37042,6.320099831
8.56523,47.37042,5.65170002
8.56613,47.37042,4.556600094
8.56702,47.37042,3.231699944
8.56792,47.37042,1.940099955
8.56882,47.37042,1.235499978
8.56972,47.37042,0.781199992
8.57062,47.37042,0.530900002
8.57152,47.37042,0.389600009
8.57241,47.37042,0.225199997
8.57331,47.37042,0.0757
8.57421,47.37042,0
8.57511,47.37042,0
8.57601,47.37042,0
8.57691,47.37042,0
8.5778,47.37042,0
8.5787,47.37042,0
8.5796,47.37042,0
8.5805,47.37042,0
8.5814,47.37042,0
8.5823,47.37042,0
8.58319,47.37042,0
8.58409,47.37042,0
8.58499,47.37042,0
8.58589,47.37042,0
8.58679,47.37042,0
8.58769,47.37042,0
8.58858,47.37042,0
8.58948,47.37042,0
8.59038,47.37042,0
8.59128,47.37042,0
8.59218,47.37042,0
8.59308,47.37042,0
8.59397,47.37042,0
8.59487,47.37042,0
8.59577,47.37042,0
8.59667,47.37042,0
8.59757,47.37042,0
8.59847,47.37042,0
8.59936,47.37042,0
8.60026,47.37042,0
8.60116,47.37042,0
8.60206,47.37042,0
8.60296,47.37042,0
8.60386,47.37042,0
8.60475,47.37042,0
8.60565,47.37042,0
8.60655,47.37042,0
8.46552,47.36981,0
8.46641,47.36981,0
8.46731,47.36981,0
8.46821,47.36981,0
8.46911,47.36981,0
8.47001,47.36981,0
8.47091,47.36981,0
8.4718,47.36981,0
8.4727,47.36981,0
8.4736,47.36981,0
8.4745,47.36981,0
8.4754,47.36981,0
8.47629,47.36981,0
8.47719,47.36981,0
8.47809,47.36981,0
8.47899,47.36981,0
8.47989,47.36981,0
8.48079,47.36981,0
8.48168,47.36981,0.199599996
8.48258,47.36981,0.372900009
8.48348,47.36981,0.548799992
8.48438,47.36981,0.629899979
8.48528,47.36981,0.593200028
8.48618,47.36981,0.58829999
8.48707,47.36981,0.816200018
8.48797,47.36981,1.310500026
8.48887,47.36981,2.290600061
8.48977,47.36981,3.569700003
8.49067,47.36981,5.030700207
8.49157,47.36981,6.834899902
8.49246,47.36981,8.489800453
8.49336,47.36981,9.545000076
8.49426,47.36981,9.644200325
8.49516,47.36981,9.164699554
8.49606,47.36981,7.640500069
8.49696,47.36981,6.552100182
8.49785,47.36981,5.512700081
8.49875,47.36981,5.114099979
8.49965,47.36981,4.93599987
8.50055,47.36981,4.923099995
8.50145,47.36981,4.538099766
8.50235,47.36981,4.196499825
8.50324,47.36981,3.380399942
8.50414,47.36981,2.905600071
8.50504,47.36981,2.451900005
8.50594,47.36981,2.513600111
8.50684,47.36981,2.604700089
8.50774,47.36981,3.066699982
8.50863,47.36981,4.36070013
8.50953,47.36981,5.420400143
8.51043,47.36981,6.77519989
8.51133,47.36981,7.190700054
8.51223,47.36981,7.586800098
8.51313,47.36981,7.098100185
8.51402,47.36981,6.388199806
8.51492,47.36981,5.210800171
8.51582,47.36981,5.295300007
8.51672,47.36981,4.978499889
8.51762,47.36981,5.094600201
8.51852,47.36981,4.854300022
8.51941,47.36981,4.91960001
8.52031,47.36981,4.87169981
8.52121,47.36981,5.380199909
8.52211,47.36981,7.015900135
8.52301,47.36981,8.203700066
8.52391,47.36981,9.432999611
8.5248,47.36981,10.22999954
8.5257,47.36981,9.786600113
8.5266,47.36981,8.334400177
8.5275,47.36981,6.703499794
8.5284,47.36981,4.734600067
8.5293,47.36981,3.397599936
8.53019,47.36981,3.003599882
8.53109,47.36981,2.672199965
8.53199,47.36981,2.372400045
8.53289,47.36981,2.130399942
8.53379,47.36981,1.790500045
8.53469,47.36981,1.186300039
8.53558,47.36981,0.805000007
8.53648,47.36981,0.528299987
8.53738,47.36981,0.405299991
8.53828,47.36981,0.280900002
8.53918,47.36981,0.204600006
8.54008,47.36981,0.168300003
8.54097,47.36981,0.153099999
8.54187,47.36981,0.1426
8.54277,47.36981,0.213699996
8.54367,47.36981,0.483700007
8.54457,47.36981,0.874100029
8.54547,47.36981,1.279600024
8.54636,47.36981,1.446699977
8.54726,47.36981,1.421700001
8.54816,47.36981,1.164499998
8.54906,47.36981,0.925000012
8.54996,47.36981,0.949699998
8.55086,47.36981,1.143300056
8.55175,47.36981,1.860399961
8.55265,47.36981,2.565700054
8.55355,47.36981,3.355200052
8.55445,47.36981,4.137899876
8.55535,47.36981,4.71420002
8.55625,47.36981,4.976299763
8.55714,47.36981,4.988800049
8.55804,47.36981,4.580699921
8.55894,47.36981,4.317599773
8.55984,47.36981,3.895800114
8.56074,47.36981,3.960299969
8.56163,47.36981,4.894199848
8.56253,47.36981,5.868000031
8.56343,47.36981,6.646699905
8.56433,47.36981,6.989699841
8.56523,47.36981,6.414800167
8.56613,47.36981,5.248700142
8.56702,47.36981,3.662100077
8.56792,47.36981,2.279999971
8.56882,47.36981,1.301599979
8.56972,47.36981,0.811500013
8.57062,47.36981,0.487100005
8.57152,47.36981,0.315400004
8.57241,47.36981,0.158500001
8.57331,47.36981,0.052000001
8.57421,47.36981,0
8.57511,47.36981,0
8.57601,47.36981,0
8.57691,47.36981,0
8.5778,47.36981,0
8.5787,47.36981,0
8.5796,47.36981,0
8.5805,47.36981,0
8.5814,47.36981,0
8.5823,47.36981,0
8.58319,47.36981,0
8.58409,47.36981,0
8.58499,47.36981,0
8.58589,47.36981,0
8.58679,47.36981,0
8.58769,47.36981,0
8.58858,47.36981,0
8.58948,47.36981,0
8.59038,47.36981,0
8.59128,47.36981,0
8.59218,47.36981,0
8.59308,47.36981,0
8.59397,47.36981,0
8.59487,47.36981,0
8.59577,47.36981,0
8.59667,47.36981,0
8.59757,47.36981,0
8.59847,47.36981,0
8.59936,47.36981,0
8.60026,47.36981,0
8.60116,47.36981,0
8.60206,47.36981,0
8.60296,47.36981,0
8.60386,47.36981,0
8.60475,47.36981,0
8.60565,47.36981,0
8.60655,47.36981,0
8.60745,47.36981,0
8.46552,47.36921,0
8.46641,47.36921,0
8.46731,47.36921,0
8.46821,47.36921,0
8.46911,47.36921,0
8.47001,47.36921,0
8.47091,47.36921,0
8.4718,47.36921,0
8.4727,47.36921,0
8.4736,47.36921,0
8.4745,47.36921,0
8.4754,47.36921,0
8.47629,47.36921,0
8.47719,47.36921,0
8.47809,47.36921,0
8.47899,47.36921,0
8.47989,47.36921,0
8.48079,47.36921,0
8.48168,47.36921,0.137199998
8.48258,47.36921,0.256300002
8.48348,47.36921,0.372900009
8.48438,47.36921,0.442099988
8.48528,47.36921,0.444999993
8.48618,47.36921,0.390700012
8.48707,47.36921,0.591400027
8.48797,47.36921,1.080299973
8.48887,47.36921,1.960199952
8.48977,47.36921,3.043200016
8.49067,47.36921,4.456999779
8.49157,47.36921,6.192699909
8.49246,47.36921,7.897200108
8.49336,47.36921,9.166000366
8.49426,47.36921,9.669599533
8.49516,47.36921,8.912699699
8.49606,47.36921,7.777999878
8.49696,47.36921,6.356200218
8.49785,47.36921,5.247600079
8.49875,47.36921,4.823800087
8.49965,47.36921,4.828700066
8.50055,47.36921,4.692599773
8.50145,47.36921,4.622700214
8.50235,47.36921,4.26940012
8.50324,47.36921,3.59890008
8.50414,47.36921,3.030600071
8.50504,47.36921,2.806699991
8.50594,47.36921,2.694499969
8.50684,47.36921,3.014499903
8.50774,47.36921,3.449599981
8.50863,47.36921,4.729599953
8.50953,47.36921,5.425300121
8.51043,47.36921,6.291999817
8.51133,47.36921,7.233699799
8.51223,47.36921,7.810100079
8.51313,47.36921,7.554900169
8.51402,47.36921,7.30369997
8.51492,47.36921,6.600800037
8.51582,47.36921,5.9927001
8.51672,47.36921,5.295000076
8.51762,47.36921,4.639800072
8.51852,47.36921,4.430399895
8.51941,47.36921,4.406799793
8.52031,47.36921,4.525000095
8.52121,47.36921,5.715300083
8.52211,47.36921,6.769299984
8.52301,47.36921,7.852499962
8.52391,47.36921,8.515099525
8.5248,47.36921,8.200300217
8.5257,47.36921,7.108399868
8.5266,47.36921,6.009799957
8.5275,47.36921,4.167099953
8.5284,47.36921,3.275300026
8.5293,47.36921,2.509200096
8.53019,47.36921,2.33829999
8.53109,47.36921,2.01850009
8.53199,47.36921,2.002199888
8.53289,47.36921,1.803900003
8.53379,47.36921,1.57980001
8.53469,47.36921,1.280099988
8.53558,47.36921,0.907599986
8.53648,47.36921,0.711899996
8.53738,47.36921,0.464899987
8.53828,47.36921,0.315100014
8.53918,47.36921,0.206799999
8.54008,47.36921,0.135399997
8.54097,47.36921,0.093000002
8.54187,47.36921,0.086300001
8.54277,47.36921,0.074600004
8.54367,47.36921,0.249400005
8.54457,47.36921,0.516099989
8.54547,47.36921,0.797200024
8.54636,47.36921,0.993200004
8.54726,47.36921,0.965200007
8.54816,47.36921,0.858900011
8.54906,47.36921,0.776799977
8.54996,47.36921,0.781000018
8.55086,47.36921,1.120100021
8.55175,47.36921,1.687899947
8.55265,47.36921,2.438999891
8.55355,47.36921,3.324399948
8.55445,47.36921,4.275499821
8.55535,47.36921,4.892700195
8.55625,47.36921,5.340499878
8.55714,47.36921,5.324500084
8.55804,47.36921,5.0697999
8.55894,47.36921,4.426700115
8.55984,47.36921,4.503099918
8.56074,47.36921,4.665699959
8.56163,47.36921,5.438199997
8.56253,47.36921,6.343699932
8.56343,47.36921,7.293300152
8.56433,47.36921,7.415599823
8.56523,47.36921,7.002999783
8.56613,47.36921,5.764900208
8.56702,47.36921,4.333099842
8.56792,47.36921,2.882600069
8.56882,47.36921,1.79460001
8.56972,47.36921,1.036399961
8.57062,47.36921,0.548200011
8.57152,47.36921,0.313199997
8.57241,47.36921,0.125799999
8.57331,47.36921,0.0126
8.57421,47.36921,0
8.57511,47.36921,0
8.57601,47.36921,0
8.57691,47.36921,0
8.5778,47.36921,0
8.5787,47.36921,0
8.5796,47.36921,0
8.5805,47.36921,0
8.5814,47.36921,0
8.5823,47.36921,0
8.58319,47.36921,0
8.58409,47.36921,0
8.58499,47.36921,0
8.58589,47.36921,0
8.58679,47.36921,0
8.58769,47.36921,0
8.58858,47.36921,0
8.58948,47.36921,0
8.59038,47.36921,0
8.59128,47.36921,0
8.59218,47.36921,0
8.59308,47.36921,0.0126
8.59397,47.36921,0
8.59487,47.36921,0
8.59577,47.36921,0.037700001
8.59667,47.36921,0
8.59757,47.36921,0
8.59847,47.36921,0
8.59936,47.36921,0
8.60026,47.36921,0
8.60116,47.36921,0
8.60206,47.36921,0
8.60296,47.36921,0
8.60386,47.36921,0
8.60475,47.36921,0
8.60565,47.36921,0
8.60655,47.36921,0
8.60745,47.36921,0
8.60835,47.36921,0
8.61464,47.36921,0
8.61553,47.36921,0
8.61643,47.36921,0
8.61733,47.36921,0
8.46552,47.3686,0
8.46641,47.3686,0
8.46731,47.3686,0
8.46821,47.3686,0
8.46911,47.3686,0
8.47001,47.3686,0
8.47091,47.3686,0
8.4718,47.3686,0
8.4727,47.3686,0
8.4736,47.3686,0
8.4745,47.3686,0
8.4754,47.3686,0
8.47629,47.3686,0
8.47719,47.3686,0
8.47809,47.3686,0
8.47899,47.3686,0
8.47989,47.3686,0
8.48079,47.3686,0
8.48168,47.3686,0
8.48258,47.3686,0.137199998
8.48348,47.3686,0.199599996
8.48438,47.3686,0.241600007
8.48528,47.3686,0.245100006
8.48618,47.3686,0.280099988
8.48707,47.3686,0.289400011
8.48797,47.3686,0.6972
8.48887,47.3686,1.363999963
8.48977,47.3686,2.189100027
8.49067,47.3686,3.290199995
8.49157,47.3686,4.718100071
8.49246,47.3686,6.439799786
8.49336,47.3686,7.554500103
8.49426,47.3686,8.289699554
8.49516,47.3686,7.87169981
8.49606,47.3686,6.645800114
8.49696,47.3686,5.659800053
8.49785,47.3686,4.666900158
8.49875,47.3686,3.957099915
8.49965,47.3686,4.296599865
8.50055,47.3686,4.290999889
8.50145,47.3686,4.508500099
8.50235,47.3686,4.412899971
8.50324,47.3686,3.892800093
8.50414,47.3686,3.831099987
8.50504,47.3686,3.876399994
8.50594,47.3686,3.990799904
8.50684,47.3686,4.523799896
8.50774,47.3686,4.967599869
8.50863,47.3686,5.388299942
8.50953,47.3686,6.06099987
8.51043,47.3686,6.697000027
8.51133,47.3686,7.65019989
8.51223,47.3686,8.375900269
8.51313,47.3686,9.100399971
8.51402,47.3686,9.033100128
8.51492,47.3686,9.006500244
8.51582,47.3686,8.115699768
8.51672,47.3686,6.873099804
8.51762,47.3686,5.257800102
8.51852,47.3686,4.547800064
8.51941,47.3686,4.299099922
8.52031,47.3686,4.922200203
8.52121,47.3686,5.379399776
8.52211,47.3686,6.7645998
8.52301,47.3686,7.429100037
8.52391,47.3686,7.381800175
8.5248,47.3686,6.534599781
8.5257,47.3686,5.397699833
8.5266,47.3686,4.229400158
8.5275,47.3686,3.111900091
8.5284,47.3686,2.169699907
8.5293,47.3686,2.291199923
8.53019,47.3686,2.088200092
8.53109,47.3686,1.959200025
8.53199,47.3686,1.755399942
8.53289,47.3686,1.702200055
8.53379,47.3686,1.554299951
8.53469,47.3686,1.441900015
8.53558,47.3686,1.128399968
8.53648,47.3686,0.908599973
8.53738,47.3686,0.649399996
8.53828,47.3686,0.401199996
8.53918,47.3686,0.238900006
8.54008,47.3686,0.130999997
8.54097,47.3686,0.039299998
8.54187,47.3686,0.0266
8.54277,47.3686,0.036600001
8.54367,47.3686,0.1039
8.54457,47.3686,0.220300004
8.54547,47.3686,0.368900001
8.54636,47.3686,0.536800027
8.54726,47.3686,0.571099997
8.54816,47.3686,0.62440002
8.54906,47.3686,0.656499982
8.54996,47.3686,0.780900002
8.55086,47.3686,1.113999963
8.55175,47.3686,1.542000055
8.55265,47.3686,2.242199898
8.55355,47.3686,3.006200075
8.55445,47.3686,4.057899952
8.55535,47.3686,4.961500168
8.55625,47.3686,5.551700115
8.55714,47.3686,5.802199841
8.55804,47.3686,5.62349987
8.55894,47.3686,4.993100166
8.55984,47.3686,5.038300037
8.56074,47.3686,4.903600216
8.56163,47.3686,5.921700001
8.56253,47.3686,6.729100227
8.56343,47.3686,7.616099834
8.56433,47.3686,7.88929987
8.56523,47.3686,7.299600124
8.56613,47.3686,6.126100063
8.56702,47.3686,4.925600052
8.56792,47.3686,3.387200117
8.56882,47.3686,2.271500111
8.56972,47.3686,1.323799968
8.57062,47.3686,0.734799981
8.57152,47.3686,0.359400004
8.57241,47.3686,0.131500006
8.57331,47.3686,0.036600001
8.57421,47.3686,0
8.57511,47.3686,0
8.57601,47.3686,0
8.57691,47.3686,0
8.5778,47.3686,0
8.5787,47.3686,0
8.5796,47.3686,0
8.5805,47.3686,0
8.5814,47.3686,0
8.5823,47.3686,0
8.58319,47.3686,0
8.58409,47.3686,0
8.58499,47.3686,0
8.58589,47.3686,0
8.58679,47.3686,0
8.58769,47.3686,0
8.58858,47.3686,0
8.58948,47.3686,0
8.59038,47.3686,0
8.59128,47.3686,0.018300001
8.59218,47.3686,0.045499999
8.59308,47.3686,0.030200001
8.59397,47.3686,0.087800004
8.59487,47.3686,0.116999999
8.59577,47.3686,0.103
8.59667,47.3686,0.092399999
8.59757,47.3686,0.086300001
8.59847,47.3686,0.125699997
8.59936,47.3686,0
8.60026,47.3686,0
8.60116,47.3686,0
8.60206,47.3686,0
8.60296,47.3686,0
8.60386,47.3686,0
8.60475,47.3686,0
8.60565,47.3686,0
8.60655,47.3686,0
8.60745,47.3686,0
8.60835,47.3686,0
8.60925,47.3686,0
8.61014,47.3686,0
8.61104,47.3686,0
8.61194,47.3686,0
8.61374,47.3686,0
8.61464,47.3686,0
8.61553,47.3686,0
8.61643,47.3686,0
8.61733,47.3686,0
8.61823,47.3686,0
8.46552,47.36799,0
8.46641,47.36799,0
8.46731,47.36799,0
8.46821,47.36799,0
8.46911,47.36799,0
8.47001,47.36799,0
8.47091,47.36799,0
8.4718,47.36799,0
8.4727,47.36799,0
8.4736,47.36799,0
8.4745,47.36799,0
8.4754,47.36799,0
8.47629,47.36799,0
8.47719,47.36799,0
8.47809,47.36799,0
8.47899,47.36799,0
8.47989,47.36799,0
8.48079,47.36799,0
8.48168,47.36799,0
8.48258,47.36799,0
8.48348,47.36799,0
8.48438,47.36799,0.094300002
8.48528,47.36799,0.031599998
8.48618,47.36799,0.082699999
8.48707,47.36799,0.186900005
8.48797,47.36799,0.432500005
8.48887,47.36799,0.809599996
8.48977,47.36799,1.300400019
8.49067,47.36799,1.90260005
8.49157,47.36799,3.026200056
8.49246,47.36799,4.422999859
8.49336,47.36799,5.696400166
8.49426,47.36799,6.356400013
8.49516,47.36799,6.430099964
8.49606,47.36799,5.756899834
8.49696,47.36799,4.952300072
8.49785,47.36799,4.020500183
8.49875,47.36799,3.76699996
8.49965,47.36799,3.779099941
8.50055,47.36799,4.009900093
8.50145,47.36799,4.269199848
8.50235,47.36799,4.388100147
8.50324,47.36799,4.481699944
8.50414,47.36799,4.94810009
8.50504,47.36799,5.212100029
8.50594,47.36799,5.726099968
8.50684,47.36799,6.291100025
8.50774,47.36799,6.635300159
8.50863,47.36799,6.692500114
8.50953,47.36799,6.603700161
8.51043,47.36799,7.09469986
8.51133,47.36799,8.265800476
8.51223,47.36799,9.002699852
8.51313,47.36799,10.48270035
8.51402,47.36799,11.63080025
8.51492,47.36799,11.72609997
8.51582,47.36799,10.91090012
8.51672,47.36799,9.341799736
8.51762,47.36799,7.37869978
8.51852,47.36799,5.451700211
8.51941,47.36799,4.777699947
8.52031,47.36799,4.957099915
8.52121,47.36799,6.278600216
8.52211,47.36799,7.055099964
8.52301,47.36799,7.467599869
8.52391,47.36799,6.496200085
8.5248,47.36799,5.223800182
8.5257,47.36799,3.979700089
8.5266,47.36799,3.096600056
8.5275,47.36799,2.512399912
8.5284,47.36799,2.317600012
8.5293,47.36799,2.369199991
8.53019,47.36799,2.15199995
8.53109,47.36799,1.905799985
8.53199,47.36799,1.624899983
8.53289,47.36799,1.647699952
8.53379,47.36799,1.730700016
8.53469,47.36799,1.575000048
8.53558,47.36799,1.37409997
8.53648,47.36799,1.132200003
8.53738,47.36799,0.804899991
8.53828,47.36799,0.503700018
8.53918,47.36799,0.296000004
8.54008,47.36799,0.126599997
8.54097,47.36799,0.044
8.54187,47.36799,0
8.54277,47.36799,0
8.54367,47.36799,0.0091
8.54457,47.36799,0.093699999
8.54547,47.36799,0.1734
8.54636,47.36799,0.276899993
8.54726,47.36799,0.412600011
8.54816,47.36799,0.546999991
8.54906,47.36799,0.651199996
8.54996,47.36799,0.926800013
8.55086,47.36799,1.194399953
8.55175,47.36799,1.658699989
8.55265,47.36799,2.068500042
8.55355,47.36799,2.804100037
8.55445,47.36799,3.752399921
8.55535,47.36799,4.78429985
8.55625,47.36799,5.897600174
8.55714,47.36799,6.434599876
8.55804,47.36799,6.385200024
8.55894,47.36799,6.118100166
8.55984,47.36799,5.684500217
8.56074,47.36799,5.703199863
8.56163,47.36799,6.299200058
8.56253,47.36799,7.097400188
8.56343,47.36799,7.576000214
8.56433,47.36799,7.773499966
8.56523,47.36799,7.152800083
8.56613,47.36799,6.316500187
8.56702,47.36799,5.175799847
8.56792,47.36799,4.026599884
8.56882,47.36799,2.763400078
8.56972,47.36799,1.897899985
8.57062,47.36799,1.058899999
8.57152,47.36799,0.550400019
8.57241,47.36799,0.280999988
8.57331,47.36799,0.0995
8.57421,47.36799,0.062899999
8.57511,47.36799,0
8.57601,47.36799,0
8.57691,47.36799,0
8.5778,47.36799,0
8.5787,47.36799,0
8.5796,47.36799,0
8.5805,47.36799,0
8.5814,47.36799,0
8.5823,47.36799,0
8.58319,47.36799,0
8.58409,47.36799,0
8.58499,47.36799,0
8.58589,47.36799,0
8.58679,47.36799,0
8.58769,47.36799,0
8.58858,47.36799,0
8.58948,47.36799,0
8.59038,47.36799,0.045699999
8.59128,47.36799,0.0867
8.59218,47.36799,0.104099996
8.59308,47.36799,0.1919
8.59397,47.36799,0.265500009
8.59487,47.36799,0.286799997
8.59577,47.36799,0.3389
8.59667,47.36799,0.482800007
8.59757,47.36799,0.495200008
8.59847,47.36799,0.541800022
8.59936,47.36799,0.311800003
8.60026,47.36799,0.182899997
8.60116,47.36799,0
8.60206,47.36799,0
8.60296,47.36799,0
8.60386,47.36799,0.0126
8.60475,47.36799,0
8.60565,47.36799,0
8.60655,47.36799,0
8.60745,47.36799,0
8.60835,47.36799,0
8.60925,47.36799,0
8.61014,47.36799,0
8.61104,47.36799,0
8.61194,47.36799,0
8.61284,47.36799,0
8.61374,47.36799,0
8.61464,47.36799,0
8.61553,47.36799,0
8.61643,47.36799,0
8.61733,47.36799,0
8.61823,47.36799,0
8.46641,47.36738,0
8.46731,47.36738,0
8.46821,47.36738,0
8.46911,47.36738,0
8.47001,47.36738,0
8.47091,47.36738,0
8.4718,47.36738,0
8.4727,47.36738,0
8.4736,47.36738,0
8.4745,47.36738,0
8.4754,47.36738,0
8.47629,47.36738,0
8.47719,47.36738,0
8.47809,47.36738,0
8.47899,47.36738,0
8.47989,47.36738,0
8.48079,47.36738,0
8.48168,47.36738,0
8.48258,47.36738,0
8.48348,47.36738,0
8.48438,47.36738,0
8.48528,47.36738,0.0091
8.48618,47.36738,0.0262
8.48707,47.36738,0.108499996
8.48797,47.36738,0.1831
8.48887,47.36738,0.346599996
8.48977,47.36738,0.619099975
8.49067,47.36738,0.914799988
8.49157,47.36738,1.607300043
8.49246,47.36738,2.539200068
8.49336,47.36738,3.412699938
8.49426,47.36738,4.41230011
8.49516,47.36738,4.803100109
8.49606,47.36738,4.568699837
8.49696,47.36738,4.184999943
8.49785,47.36738,3.877000093
8.49875,47.36738,3.631999969
8.49965,47.36738,3.561000109
8.50055,47.36738,3.554100037
8.50145,47.36738,3.835500002
8.50235,47.36738,4.482500076
8.50324,47.36738,5.149700165
8.50414,47.36738,5.985000134
8.50504,47.36738,6.553899765
8.50594,47.36738,7.302899837
8.50684,47.36738,7.796899796
8.50774,47.36738,7.974400043
8.50863,47.36738,7.62130022
8.50953,47.36738,7.44119978
8.51043,47.36738,7.49849987
8.51133,47.36738,8.179400444
8.51223,47.36738,9.467499733
8.51313,47.36738,11.36730003
8.51402,47.36738,12.92059994
8.51492,47.36738,13.83520031
8.51582,47.36738,13.46790028
8.51672,47.36738,11.87139988
8.51762,47.36738,9.451000214
8.51852,47.36738,7.192699909
8.51941,47.36738,5.976900101
8.52031,47.36738,5.899400234
8.52121,47.36738,7.332099915
8.52211,47.36738,7.717299938
8.52301,47.36738,7.821700096
8.52391,47.36738,6.397999763
8.5248,47.36738,4.754899979
8.5257,47.36738,2.933099985
8.5266,47.36738,2.404999971
8.5275,47.36738,1.895499945
8.5284,47.36738,2.184400082
8.5293,47.36738,2.168200016
8.53019,47.36738,1.873100042
8.53109,47.36738,1.581099987
8.53199,47.36738,1.591099977
8.53289,47.36738,1.587700009
8.53379,47.36738,1.77579999
8.53469,47.36738,1.814100027
8.53558,47.36738,1.651100039
8.53648,47.36738,1.293099999
8.53738,47.36738,0.912899971
8.53828,47.36738,0.596599996
8.53918,47.36738,0.333700001
8.54008,47.36738,0.129600003
8.54097,47.36738,0.0126
8.54187,47.36738,0
8.54277,47.36738,0
8.54367,47.36738,0
8.54457,47.36738,0.0091
8.54547,47.36738,0.0133
8.54636,47.36738,0.142399997
8.54726,47.36738,0.258899987
8.54816,47.36738,0.494599998
8.54906,47.36738,0.803499997
8.54996,47.36738,1.048200011
8.55086,47.36738,1.389099956
8.55175,47.36738,1.720299959
8.55265,47.36738,1.999199986
8.55355,47.36738,2.421700001
8.55445,47.36738,3.347599983
8.55535,47.36738,4.723700047
8.55625,47.36738,5.961699963
8.55714,47.36738,6.913400173
8.55804,47.36738,7.110599995
8.55894,47.36738,6.848100185
8.55984,47.36738,6.492499828
8.56074,47.36738,6.026100159
8.56163,47.36738,6.180799961
8.56253,47.36738,6.99119997
8.56343,47.36738,7.162499905
8.56433,47.36738,7.287099838
8.56523,47.36738,6.797399998
8.56613,47.36738,6.11590004
8.56702,47.36738,5.001699924
8.56792,47.36738,4.157599926
8.56882,47.36738,3.241600037
8.56972,47.36738,2.460400105
8.57062,47.36738,1.717399955
8.57152,47.36738,1.103899956
8.57241,47.36738,0.691600025
8.57331,47.36738,0.494700015
8.57421,47.36738,0.333000004
8.57511,47.36738,0.160500005
8.57601,47.36738,0.091399997
8.57691,47.36738,0
8.5778,47.36738,0
8.5787,47.36738,0
8.5796,47.36738,0
8.5805,47.36738,0
8.5814,47.36738,0
8.5823,47.36738,0
8.58319,47.36738,0
8.58409,47.36738,0
8.58499,47.36738,0
8.58589,47.36738,0
8.58679,47.36738,0
8.58769,47.36738,0
8.58858,47.36738,0
8.58948,47.36738,0.045699999
8.59038,47.36738,0.104500003
8.59128,47.36738,0.176200002
8.59218,47.36738,0.246299997
8.59308,47.36738,0.375699997
8.59397,47.36738,0.458099991
8.59487,47.36738,0.584900022
8.59577,47.36738,0.791100025
8.59667,47.36738,1.040500045
8.59757,47.36738,1.12650001
8.59847,47.36738,1.074499965
8.59936,47.36738,0.822899997
8.60026,47.36738,0.533699989
8.60116,47.36738,0.182899997
8.60206,47.36738,0.018300001
8.60296,47.36738,0.0266
8.60386,47.36738,0.030200001
8.60475,47.36738,0.0266
8.60565,47.36738,0.018300001
8.60655,47.36738,0
8.60745,47.36738,0
8.60835,47.36738,0
8.60925,47.36738,0
8.61014,47.36738,0
8.61104,47.36738,0
8.61194,47.36738,0
8.61284,47.36738,0
8.61374,47.36738,0
8.61464,47.36738,0
8.61553,47.36738,0
8.61643,47.36738,0
8.61733,47.36738,0
8.61823,47.36738,0
8.46731,47.36677,0
8.46821,47.36677,0
8.46911,47.36677,0
8.47001,47.36677,0
8.47091,47.36677,0
8.4718,47.36677,0
8.4727,47.36677,0
8.4736,47.36677,0
8.4745,47.36677,0
8.4754,47.36677,0
8.47629,47.36677,0
8.47719,47.36677,0
8.47809,47.36677,0
8.47899,47.36677,0
8.47989,47.36677,0
8.48079,47.36677,0
8.48168,47.36677,0
8.48258,47.36677,0
8.48348,47.36677,0
8.48438,47.36677,0
8.48528,47.36677,0
8.48618,47.36677,0.0091
8.48707,47.36677,0.0133
8.48797,47.36677,0.067100003
8.48887,47.36677,0.129899994
8.48977,47.36677,0.192900002
8.49067,47.36677,0.354299992
8.49157,47.36677,0.617299974
8.49246,47.36677,1.33099997
8.49336,47.36677,1.915300012
8.49426,47.36677,2.875099897
8.49516,47.36677,3.462899923
8.49606,47.36677,3.688800097
8.49696,47.36677,3.935300112
8.49785,47.36677,3.876199961
8.49875,47.36677,3.441600084
8.49965,47.36677,3.690799952
8.50055,47.36677,3.297800064
8.50145,47.36677,3.755599976
8.50235,47.36677,4.726799965
8.50324,47.36677,5.623300076
8.50414,47.36677,6.477499962
8.50504,47.36677,7.348100185
8.50594,47.36677,7.96999979
8.50684,47.36677,8.510800362
8.50774,47.36677,8.458100319
8.50863,47.36677,7.964900017
8.50953,47.36677,7.356900215
8.51043,47.36677,7.031799793
8.51133,47.36677,7.727399826
8.51223,47.36677,8.684100151
8.51313,47.36677,10.58180046
8.51402,47.36677,12.55809975
8.51492,47.36677,14.24069977
8.51582,47.36677,14.3217001
8.51672,47.36677,13.31529999
8.51762,47.36677,10.75959969
8.51852,47.36677,8.782799721
8.51941,47.36677,7.25180006
8.52031,47.36677,7.588300228
8.52121,47.36677,8.229599953
8.52211,47.36677,9.174799919
8.52301,47.36677,8.394300461
8.52391,47.36677,6.495200157
8.5248,47.36677,4.473899841
8.5257,47.36677,2.437599897
8.5266,47.36677,1.388399959
8.5275,47.36677,1.754699945
8.5284,47.36677,1.967499971
8.5293,47.36677,1.718099952
8.53019,47.36677,1.409999967
8.53109,47.36677,1.221600056
8.53199,47.36677,1.23179996
8.53289,47.36677,1.599300027
8.53379,47.36677,1.836799979
8.53469,47.36677,1.966400027
8.53558,47.36677,1.775200009
8.53648,47.36677,1.404000044
8.53738,47.36677,0.910099983
8.53828,47.36677,0.561100006
8.53918,47.36677,0.314999998
8.54008,47.36677,0.127599999
8.54097,47.36677,0.0126
8.54187,47.36677,0
8.54277,47.36677,0
8.54367,47.36677,0
8.54457,47.36677,0
8.54547,47.36677,0
8.54636,47.36677,0.058899999
8.54726,47.36677,0.229399994
8.54816,47.36677,0.523800015
8.54906,47.36677,0.962899983
8.54996,47.36677,1.377799988
8.55086,47.36677,1.845199943
8.55175,47.36677,2.009500027
8.55265,47.36677,2.299999952
8.55355,47.36677,2.485899925
8.55445,47.36677,3.182600021
8.55535,47.36677,4.675499916
8.55625,47.36677,6.071000099
8.55714,47.36677,7.254600048
8.55804,47.36677,7.811999798
8.55894,47.36677,7.663899899
8.55984,47.36677,7.109899998
8.56074,47.36677,6.41260004
8.56163,47.36677,6.216400146
8.56253,47.36677,6.282899857
8.56343,47.36677,6.310100079
8.56433,47.36677,6.442599773
8.56523,47.36677,6.024199963
8.56613,47.36677,5.496099949
8.56702,47.36677,5.151100159
8.56792,47.36677,4.366000175
8.56882,47.36677,3.806999922
8.56972,47.36677,3.102600098
8.57062,47.36677,2.337899923
8.57152,47.36677,1.715199947
8.57241,47.36677,1.273800015
8.57331,47.36677,0.958500028
8.57421,47.36677,0.700200021
8.57511,47.36677,0.466100007
8.57601,47.36677,0.262300014
8.57691,47.36677,0.091399997
8.5778,47.36677,0
8.5787,47.36677,0
8.5796,47.36677,0
8.5805,47.36677,0
8.5814,47.36677,0
8.5823,47.36677,0
8.58319,47.36677,0
8.58409,47.36677,0
8.58499,47.36677,0
8.58589,47.36677,0
8.58679,47.36677,0
8.58769,47.36677,0
8.58858,47.36677,0.018300001
8.58948,47.36677,0.104900002
8.59038,47.36677,0.181099996
8.59128,47.36677,0.282900006
8.59218,47.36677,0.417899996
8.59308,47.36677,0.568000019
8.59397,47.36677,0.715799987
8.59487,47.36677,0.914300025
8.59577,47.36677,1.364500046
8.59667,47.36677,1.672999978
8.59757,47.36677,1.788300037
8.59847,47.36677,1.688599944
8.59936,47.36677,1.326799989
8.60026,47.36677,0.846199989
8.60116,47.36677,0.430700004
8.60206,47.36677,0.034200002
8.60296,47.36677,0.049699999
8.60386,47.36677,0.056299999
8.60475,47.36677,0.049699999
8.60565,47.36677,0.034200002
8.60655,47.36677,0.018300001
8.60745,47.36677,0
8.60835,47.36677,0
8.60925,47.36677,0
8.61014,47.36677,0
8.61104,47.36677,0
8.61194,47.36677,0
8.61284,47.36677,0
8.61374,47.36677,0
8.61464,47.36677,0
8.61553,47.36677,0
8.61643,47.36677,0
8.61733,47.36677,0
8.46911,47.36616,0
8.47001,47.36616,0
8.47091,47.36616,0
8.4718,47.36616,0
8.4727,47.36616,0
8.4736,47.36616,0
8.4745,47.36616,0
8.4754,47.36616,0
8.47629,47.36616,0
8.47719,47.36616,0
8.47809,47.36616,0
8.47899,47.36616,0
8.47989,47.36616,0
8.48079,47.36616,0
8.48168,47.36616,0
8.48258,47.36616,0
8.48348,47.36616,0
8.48438,47.36616,0
8.48528,47.36616,0
8.48618,47.36616,0
8.48707,47.36616,0
8.48797,47.36616,0.0063
8.48887,47.36616,0.0091
8.48977,47.36616,0.047600001
8.49067,47.36616,0.133499995
8.49157,47.36616,0.310200006
8.49246,47.36616,0.673699975
8.49336,47.36616,1.149000049
8.49426,47.36616,1.826699972
8.49516,47.36616,2.370199919
8.49606,47.36616,3.207900047
8.49696,47.36616,3.800100088
8.49785,47.36616,4.085299969
8.49875,47.36616,3.958800077
8.49965,47.36616,3.672499895
8.50055,47.36616,3.833600044
8.50145,47.36616,4.584799767
8.50235,47.36616,5.146100044
8.50324,47.36616,6.347899914
8.50414,47.36616,7.181499958
8.50504,47.36616,7.572500229
8.50594,47.36616,8.08409977
8.50684,47.36616,8.520999908
8.50774,47.36616,8.510100365
8.50863,47.36616,7.721099854
8.50953,47.36616,6.651400089
8.51043,47.36616,6.053999901
8.51133,47.36616,6.033699989
8.51223,47.36616,6.740200043
8.51313,47.36616,8.404399872
8.51402,47.36616,10.46879959
8.51492,47.36616,12.56719971
8.51582,47.36616,13.55340004
8.51672,47.36616,12.99639988
8.51762,47.36616,11.2755003
8.51852,47.36616,9.507200241
8.51941,47.36616,8.155599594
8.52031,47.36616,8.470399857
8.52121,47.36616,9.339099884
8.52211,47.36616,9.995499611
8.52301,47.36616,9.234700203
8.52391,47.36616,7.369800091
8.5248,47.36616,4.41260004
8.5257,47.36616,2.767800093
8.5266,47.36616,1.728000045
8.5275,47.36616,1.753000021
8.5284,47.36616,1.781999946
8.5293,47.36616,1.569300056
8.53019,47.36616,1.154899955
8.53109,47.36616,1.022400022
8.53199,47.36616,1.218899965
8.53289,47.36616,1.637599945
8.53379,47.36616,1.998299956
8.53469,47.36616,1.985399961
8.53558,47.36616,1.692700028
8.53648,47.36616,1.307299972
8.53738,47.36616,0.784099996
8.53828,47.36616,0.453599989
8.53918,47.36616,0.246999994
8.54008,47.36616,0.051199999
8.54097,47.36616,0
8.54187,47.36616,0
8.54277,47.36616,0
8.54367,47.36616,0
8.54457,47.36616,0
8.54547,47.36616,0
8.54636,47.36616,0.0274
8.54726,47.36616,0.256799996
8.54816,47.36616,0.602800012
8.54906,47.36616,1.138700008
8.54996,47.36616,1.674100041
8.55086,47.36616,2.226900101
8.55175,47.36616,2.616499901
8.55265,47.36616,2.63560009
8.55355,47.36616,2.930999994
8.55445,47.36616,3.586299896
8.55535,47.36616,4.65749979
8.55625,47.36616,6.099400043
8.55714,47.36616,7.581399918
8.55804,47.36616,8.194199562
8.55894,47.36616,8.044799805
8.55984,47.36616,7.255899906
8.56074,47.36616,6.364799976
8.56163,47.36616,5.868899822
8.56253,47.36616,5.818500042
8.56343,47.36616,5.820199966
8.56433,47.36616,5.771999836
8.56523,47.36616,5.711200237
8.56613,47.36616,5.346399784
8.56702,47.36616,5.081699848
8.56792,47.36616,4.652400017
8.56882,47.36616,4.265299797
8.56972,47.36616,3.542599916
8.57062,47.36616,2.948899984
8.57152,47.36616,2.392299891
8.57241,47.36616,1.891800046
8.57331,47.36616,1.434499979
8.57421,47.36616,1.112400055
8.57511,47.36616,0.765799999
8.57601,47.36616,0.435499996
8.57691,47.36616,0.197099999
8.5778,47.36616,0
8.5787,47.36616,0
8.5796,47.36616,0
8.5805,47.36616,0
8.5814,47.36616,0
8.5823,47.36616,0
8.58319,47.36616,0
8.58409,47.36616,0
8.58499,47.36616,0
8.58589,47.36616,0
8.58679,47.36616,0
8.58769,47.36616,0
8.58858,47.36616,0.0638
8.58948,47.36616,0.129099995
8.59038,47.36616,0.239500001
8.59128,47.36616,0.371499985
8.59218,47.36616,0.505999982
8.59308,47.36616,0.72329998
8.59397,47.36616,0.947000027
8.59487,47.36616,1.254500031
8.59577,47.36616,1.723500013
8.59667,47.36616,2.068200111
8.59757,47.36616,2.266400099
8.59847,47.36616,2.151200056
8.59936,47.36616,1.65260005
8.60026,47.36616,1.062399983
8.60116,47.36616,0.57249999
8.60206,47.36616,0.175400004
8.60296,47.36616,0.072300002
8.60386,47.36616,0.082000002
8.60475,47.36616,0.072300002
8.60565,47.36616,0.049699999
8.60655,47.36616,0.0266
8.60745,47.36616,0
8.60835,47.36616,0
8.60925,47.36616,0
8.61014,47.36616,0
8.61104,47.36616,0
8.61194,47.36616,0
8.61284,47.36616,0
8.61374,47.36616,0
8.61464,47.36616,0
8.61553,47.36616,0
8.61643,47.36616,0
8.61733,47.36616,0
8.47001,47.36556,0
8.47091,47.36556,0
8.4718,47.36556,0
8.4727,47.36556,0
8.4736,47.36556,0
8.4745,47.36556,0
8.4754,47.36556,0
8.47629,47.36556,0
8.47719,47.36556,0
8.47809,47.36556,0
8.47899,47.36556,0
8.47989,47.36556,0
8.48079,47.36556,0
8.48168,47.36556,0
8.48258,47.36556,0
8.48348,47.36556,0
8.48438,47.36556,0
8.48528,47.36556,0
8.48618,47.36556,0
8.48707,47.36556,0
8.48797,47.36556,0
8.48887,47.36556,0
8.48977,47.36556,0
8.49067,47.36556,0.0063
8.49157,47.36556,0.122699998
8.49246,47.36556,0.345800012
8.49336,47.36556,0.652400017
8.49426,47.36556,1.013800025
8.49516,47.36556,1.649799943
8.49606,47.36556,2.211400032
8.49696,47.36556,3.325900078
8.49785,47.36556,3.625099897
8.49875,47.36556,3.843699932
8.49965,47.36556,4.206500053
8.50055,47.36556,4.521299839
8.50145,47.36556,5.261199951
8.50235,47.36556,6.537099838
8.50324,47.36556,7.30039978
8.50414,47.36556,8.206199646
8.50504,47.36556,8.631899834
8.50594,47.36556,8.900799751
8.50684,47.36556,8.918800354
8.50774,47.36556,8.84679985
8.50863,47.36556,7.541200161
8.50953,47.36556,6.247499943
8.51043,47.36556,4.959000111
8.51133,47.36556,4.229800224
8.51223,47.36556,4.382599831
8.51313,47.36556,5.370999813
8.51402,47.36556,7.463399887
8.51492,47.36556,9.252599716
8.51582,47.36556,10.71119976
8.51672,47.36556,11.09899998
8.51762,47.36556,10.49479961
8.51852,47.36556,8.720199585
8.51941,47.36556,8.216600418
8.52031,47.36556,8.68999958
8.52121,47.36556,9.670700073
8.52211,47.36556,10.22179985
8.52301,47.36556,9.449000359
8.52391,47.36556,7.450300217
8.5248,47.36556,4.904600143
8.5257,47.36556,2.899600029
8.5266,47.36556,2.054399967
8.5275,47.36556,2.012300015
8.5284,47.36556,1.839900017
8.5293,47.36556,1.532199979
8.53019,47.36556,1.302000046
8.53109,47.36556,1.094699979
8.53199,47.36556,1.393399954
8.53289,47.36556,1.869400024
8.53379,47.36556,2.117199898
8.53469,47.36556,2.045300007
8.53558,47.36556,1.630800009
8.53648,47.36556,1.088099957
8.53738,47.36556,0.670400023
8.53828,47.36556,0.308600008
8.53918,47.36556,0.147599995
8.54008,47.36556,0.037099998
8.54097,47.36556,0
8.54187,47.36556,0
8.54277,47.36556,0
8.54367,47.36556,0
8.54457,47.36556,0
8.54547,47.36556,0
8.54636,47.36556,0.052499998
8.54726,47.36556,0.194499999
8.54816,47.36556,0.58099997
8.54906,47.36556,1.201200008
8.54996,47.36556,1.942299962
8.55086,47.36556,2.634799957
8.55175,47.36556,3.076400042
8.55265,47.36556,3.177599907
8.55355,47.36556,3.351999998
8.55445,47.36556,3.647099972
8.55535,47.36556,4.62130022
8.55625,47.36556,5.665800095
8.55714,47.36556,7.121900082
8.55804,47.36556,7.906899929
8.55894,47.36556,7.809800148
8.55984,47.36556,7.090600014
8.56074,47.36556,6.304699898
8.56163,47.36556,5.593200207
8.56253,47.36556,5.348100185
8.56343,47.36556,5.187799931
8.56433,47.36556,5.404799938
8.56523,47.36556,5.338900089
8.56613,47.36556,5.338300228
8.56702,47.36556,5.12319994
8.56792,47.36556,4.868500233
8.56882,47.36556,4.553299904
8.56972,47.36556,3.976399899
8.57062,47.36556,3.378999949
8.57152,47.36556,2.826600075
8.57241,47.36556,2.270699978
8.57331,47.36556,1.79429996
8.57421,47.36556,1.385699987
8.57511,47.36556,1.024399996
8.57601,47.36556,0.612200022
8.57691,47.36556,0.290199995
8.5778,47.36556,0.075400002
8.5787,47.36556,0.0251
8.5796,47.36556,0.0126
8.5805,47.36556,0
8.5814,47.36556,0
8.5823,47.36556,0
8.58319,47.36556,0
8.58409,47.36556,0
8.58499,47.36556,0
8.58589,47.36556,0
8.58679,47.36556,0
8.58769,47.36556,0.0126
8.58858,47.36556,0.0568
8.58948,47.36556,0.145999998
8.59038,47.36556,0.266000003
8.59128,47.36556,0.405000001
8.59218,47.36556,0.510500014
8.59308,47.36556,0.723999977
8.59397,47.36556,0.975700021
8.59487,47.36556,1.291499972
8.59577,47.36556,1.76849997
8.59667,47.36556,2.122800112
8.59757,47.36556,2.299900055
8.59847,47.36556,2.127500057
8.59936,47.36556,1.643000007
8.60026,47.36556,1.042000055
8.60116,47.36556,0.543799996
8.60206,47.36556,0.181999996
8.60296,47.36556,0.132300004
8.60386,47.36556,0.099200003
8.60475,47.36556,0.082000002
8.60565,47.36556,0.056299999
8.60655,47.36556,0.030200001
8.60745,47.36556,0.0126
8.60835,47.36556,0
8.60925,47.36556,0
8.61014,47.36556,0
8.61104,47.36556,0
8.61194,47.36556,0
8.61284,47.36556,0
8.61374,47.36556,0
8.61464,47.36556,0
8.61553,47.36556,0
8.47091,47.36495,0
8.4718,47.36495,0
8.4727,47.36495,0
8.4736,47.36495,0
8.4745,47.36495,0
8.4754,47.36495,0
8.47629,47.36495,0
8.47719,47.36495,0
8.47809,47.36495,0
8.47899,47.36495,0
8.47989,47.36495,0
8.48079,47.36495,0
8.48168,47.36495,0
8.48258,47.36495,0
8.48348,47.36495,0
8.48438,47.36495,0
8.48528,47.36495,0
8.48618,47.36495,0
8.48707,47.36495,0
8.48797,47.36495,0
8.48887,47.36495,0
8.48977,47.36495,0
8.49067,47.36495,0
8.49157,47.36495,0.054900002
8.49246,47.36495,0.157399997
8.49336,47.36495,0.263999999
8.49426,47.36495,0.561600029
8.49516,47.36495,1.013599992
8.49606,47.36495,1.574800015
8.49696,47.36495,2.458499908
8.49785,47.36495,3.092600107
8.49875,47.36495,3.597800016
8.49965,47.36495,4.061200142
8.50055,47.36495,4.872499943
8.50145,47.36495,6.148700237
8.50235,47.36495,7.610099792
8.50324,47.36495,8.653300285
8.50414,47.36495,9.639800072
8.50504,47.36495,10.05840015
8.50594,47.36495,10.3362999
8.50684,47.36495,10.35210037
8.50774,47.36495,9.61550045
8.50863,47.36495,8.206600189
8.50953,47.36495,6.424600124
8.51043,47.36495,4.456600189
8.51133,47.36495,2.914200068
8.51223,47.36495,2.349299908
8.51313,47.36495,2.690700054
8.51402,47.36495,4.009600163
8.51492,47.36495,5.71239996
8.51582,47.36495,7.397699833
8.51672,47.36495,8.227100372
8.51762,47.36495,8.139100075
8.51852,47.36495,7.469799995
8.51941,47.36495,7.03219986
8.52031,47.36495,7.867400169
8.52121,47.36495,8.80340004
8.52211,47.36495,9.293199539
8.52301,47.36495,8.681799889
8.52391,47.36495,6.892000198
8.5248,47.36495,4.449999809
8.5257,47.36495,3.139699936
8.5266,47.36495,2.243999958
8.5275,47.36495,2.410300016
8.5284,47.36495,2.354199886
8.5293,47.36495,1.851300001
8.53019,47.36495,1.56400001
8.53109,47.36495,1.561200023
8.53199,47.36495,1.765499949
8.53289,47.36495,2.149600029
8.53379,47.36495,2.318099976
8.53469,47.36495,2.113600016
8.53558,47.36495,1.599499941
8.53648,47.36495,0.950699985
8.53738,47.36495,0.412099987
8.53828,47.36495,0.203899994
8.53918,47.36495,0.079899997
8.54008,47.36495,0
8.54097,47.36495,0
8.54187,47.36495,0
8.54277,47.36495,0
8.54367,47.36495,0
8.54457,47.36495,0
8.54547,47.36495,0.0189
8.54636,47.36495,0.0704
8.54726,47.36495,0.211999997
8.54816,47.36495,0.563600004
8.54906,47.36495,1.17869997
8.54996,47.36495,2.005399942
8.55086,47.36495,2.843199968
8.55175,47.36495,3.450099945
8.55265,47.36495,3.789799929
8.55355,47.36495,3.74729991
8.55445,47.36495,3.749599934
8.55535,47.36495,4.450399876
8.55625,47.36495,5.162199974
8.55714,47.36495,6.239999771
8.55804,47.36495,7.021299839
8.55894,47.36495,7.099699974
8.55984,47.36495,6.591800213
8.56074,47.36495,5.82490015
8.56163,47.36495,5.20389986
8.56253,47.36495,5.084799767
8.56343,47.36495,5.035200119
8.56433,47.36495,5.3604002
8.56523,47.36495,5.452700138
8.56613,47.36495,5.225900173
8.56702,47.36495,5.020699978
8.56792,47.36495,4.71780014
8.56882,47.36495,4.535900116
8.56972,47.36495,4.267499924
8.57062,47.36495,3.708199978
8.57152,47.36495,3.199300051
8.57241,47.36495,2.547399998
8.57331,47.36495,1.994199991
8.57421,47.36495,1.514899969
8.57511,47.36495,1.062100053
8.57601,47.36495,0.690299988
8.57691,47.36495,0.417600006
8.5778,47.36495,0.210800007
8.5787,47.36495,0.132400006
8.5796,47.36495,0.1017
8.5805,47.36495,0.063199997
8.5814,47.36495,0.024599999
8.5823,47.36495,0.044
8.58319,47.36495,0.0126
8.58409,47.36495,0.031399999
8.58499,47.36495,0.0251
8.58589,47.36495,0.0126
8.58679,47.36495,0.0189
8.58769,47.36495,0.0126
8.58858,47.36495,0.078500003
8.58948,47.36495,0.210800007
8.59038,47.36495,0.332599998
8.59128,47.36495,0.504000008
8.59218,47.36495,0.595000029
8.59308,47.36495,0.719299972
8.59397,47.36495,0.866299987
8.59487,47.36495,1.072199941
8.59577,47.36495,1.531999946
8.59667,47.36495,1.805500031
8.59757,47.36495,1.896600008
8.59847,47.36495,1.720600009
8.59936,47.36495,1.369300008
8.60026,47.36495,0.872799993
8.60116,47.36495,0.561399996
8.60206,47.36495,0.282200009
8.60296,47.36495,0.259499997
8.60386,47.36495,0.240099996
8.60475,47.36495,0.158800006
8.60565,47.36495,0.058899999
8.60655,47.36495,0.0266
8.60745,47.36495,0
8.60835,47.36495,0
8.60925,47.36495,0
8.61014,47.36495,0
8.61104,47.36495,0
8.61194,47.36495,0
8.61284,47.36495,0
8.61374,47.36495,0
8.61464,47.36495,0
8.61553,47.36495,0
8.61643,47.36495,0
8.47091,47.36434,0
8.4718,47.36434,0
8.4727,47.36434,0
8.4736,47.36434,0
8.4745,47.36434,0
8.4754,47.36434,0
8.47629,47.36434,0
8.47719,47.36434,0
8.47809,47.36434,0
8.47899,47.36434,0
8.47989,47.36434,0
8.48079,47.36434,0
8.48168,47.36434,0
8.48258,47.36434,0
8.48348,47.36434,0
8.48438,47.36434,0
8.48528,47.36434,0
8.48618,47.36434,0
8.48707,47.36434,0
8.48797,47.36434,0
8.48887,47.36434,0
8.48977,47.36434,0
8.49067,47.36434,0
8.49157,47.36434,0
8.49246,47.36434,0.054900002
8.49336,47.36434,0.098099999
8.49426,47.36434,0.2245
8.49516,47.36434,0.399899989
8.49606,47.36434,0.987600029
8.49696,47.36434,1.522300005
8.49785,47.36434,2.183599949
8.49875,47.36434,2.84890008
8.49965,47.36434,3.630700111
8.50055,47.36434,4.644899845
8.50145,47.36434,6.575600147
8.50235,47.36434,8.100099564
8.50324,47.36434,9.777299881
8.50414,47.36434,10.69680023
8.50504,47.36434,11.59500027
8.50594,47.36434,11.81610012
8.50684,47.36434,11.6388998
8.50774,47.36434,10.56229973
8.50863,47.36434,9.165300369
8.50953,47.36434,6.481999874
8.51043,47.36434,4.280399799
8.51133,47.36434,2.287400007
8.51223,47.36434,1.424499989
8.51313,47.36434,1.069800019
8.51402,47.36434,1.621099949
8.51492,47.36434,2.781800032
8.51582,47.36434,4.127999783
8.51672,47.36434,5.187300205
8.51762,47.36434,5.458199978
8.51852,47.36434,5.580900192
8.51941,47.36434,5.63409996
8.52031,47.36434,6.422800064
8.52121,47.36434,7.391900063
8.52211,47.36434,7.739600182
8.52301,47.36434,7.194699764
8.52391,47.36434,5.669799805
8.5248,47.36434,3.942699909
8.5257,47.36434,2.965699911
8.5266,47.36434,2.690599918
8.5275,47.36434,3.049499989
8.5284,47.36434,3.085900068
8.5293,47.36434,2.670799971
8.53019,47.36434,2.332000017
8.53109,47.36434,2.112600088
8.53199,47.36434,2.344199896
8.53289,47.36434,2.470200062
8.53379,47.36434,2.59920001
8.53469,47.36434,2.34800005
8.53558,47.36434,1.695500016
8.53648,47.36434,1.048799992
8.53738,47.36434,0.440499991
8.53828,47.36434,0.138999999
8.53918,47.36434,0.0274
8.54008,47.36434,0
8.54097,47.36434,0
8.54187,47.36434,0
8.54277,47.36434,0
8.54367,47.36434,0
8.54457,47.36434,0
8.54547,47.36434,0
8.54636,47.36434,0.039900001
8.54726,47.36434,0.184499994
8.54816,47.36434,0.49000001
8.54906,47.36434,1.183400035
8.54996,47.36434,2.06430006
8.55086,47.36434,2.972100019
8.55175,47.36434,3.693399906
8.55265,47.36434,4.06099987
8.55355,47.36434,4.072599888
8.55445,47.36434,3.78579998
8.55535,47.36434,3.738800049
8.55625,47.36434,4.242199898
8.55714,47.36434,4.976799965
8.55804,47.36434,5.655399799
8.55894,47.36434,5.959499836
8.55984,47.36434,5.852399826
8.56074,47.36434,5.349299908
8.56163,47.36434,5.12349987
8.56253,47.36434,4.96269989
8.56343,47.36434,5.221600056
8.56433,47.36434,5.437900066
8.56523,47.36434,5.481699944
8.56613,47.36434,5.266699791
8.56702,47.36434,5.081699848
8.56792,47.36434,4.887800217
8.56882,47.36434,4.843500137
8.56972,47.36434,4.551799774
8.57062,47.36434,4.069499969
8.57152,47.36434,3.453200102
8.57241,47.36434,2.689899921
8.57331,47.36434,2.031800032
8.57421,47.36434,1.443400025
8.57511,47.36434,1.013599992
8.57601,47.36434,0.788900018
8.57691,47.36434,0.588199973
8.5778,47.36434,0.418500006
8.5787,47.36434,0.337199986
8.5796,47.36434,0.293900013
8.5805,47.36434,0.253699988
8.5814,47.36434,0.253800005
8.5823,47.36434,0.222000003
8.58319,47.36434,0.235599995
8.58409,47.36434,0.250099987
8.58499,47.36434,0.230599999
8.58589,47.36434,0.194199994
8.58679,47.36434,0.151899993
8.58769,47.36434,0.1065
8.58858,47.36434,0.229900002
8.58948,47.36434,0.42750001
8.59038,47.36434,0.596700013
8.59128,47.36434,0.699400008
8.59218,47.36434,0.782500029
8.59308,47.36434,0.853900015
8.59397,47.36434,0.81220001
8.59487,47.36434,0.847599983
8.59577,47.36434,1.035400033
8.59667,47.36434,1.263399959
8.59757,47.36434,1.337700009
8.59847,47.36434,1.233800054
8.59936,47.36434,1.014899969
8.60026,47.36434,0.866699994
8.60116,47.36434,0.659399986
8.60206,47.36434,0.55309999
8.60296,47.36434,0.550000012
8.60386,47.36434,0.440299988
8.60475,47.36434,0.247799993
8.60565,47.36434,0.124399997
8.60655,47.36434,0.0274
8.60745,47.36434,0
8.60835,47.36434,0
8.60925,47.36434,0
8.61014,47.36434,0
8.61104,47.36434,0
8.61194,47.36434,0
8.61284,47.36434,0
8.61374,47.36434,0
8.61464,47.36434,0
8.61553,47.36434,0
8.61643,47.36434,0
8.47091,47.36373,0
8.4718,47.36373,0
8.4727,47.36373,0
8.4736,47.36373,0
8.4745,47.36373,0
8.4754,47.36373,0
8.47629,47.36373,0
8.47719,47.36373,0
8.47809,47.36373,0
8.47899,47.36373,0
8.47989,47.36373,0
8.48079,47.36373,0
8.48168,47.36373,0
8.48258,47.36373,0
8.48348,47.36373,0
8.48438,47.36373,0
8.48528,47.36373,0
8.48618,47.36373,0
8.48707,47.36373,0
8.48797,47.36373,0
8.48887,47.36373,0
8.48977,47.36373,0
8.49067,47.36373,0
8.49157,47.36373,0
8.49246,47.36373,0
8.49336,47.36373,0
8.49426,47.36373,0.037700001
8.49516,47.36373,0.104000002
8.49606,47.36373,0.254900008
8.49696,47.36373,0.751600027
8.49785,47.36373,1.216500044
8.49875,47.36373,1.434200048
8.49965,47.36373,2.562200069
8.50055,47.36373,3.994699955
8.50145,47.36373,5.810100079
8.50235,47.36373,7.842199802
8.50324,47.36373,9.539600372
8.50414,47.36373,10.87090015
8.50504,47.36373,11.92580032
8.50594,47.36373,12.23460007
8.50684,47.36373,12.2244997
8.50774,47.36373,11.39109993
8.50863,47.36373,9.361599922
8.50953,47.36373,6.611499786
8.51043,47.36373,3.934600115
8.51133,47.36373,1.798599958
8.51223,47.36373,0.925199986
8.51313,47.36373,0.551199973
8.51402,47.36373,0.557600021
8.51492,47.36373,1.295400023
8.51582,47.36373,2.304699898
8.51672,47.36373,2.990099907
8.51762,47.36373,3.538599968
8.51852,47.36373,3.963700056
8.51941,47.36373,4.374100208
8.52031,47.36373,4.879000187
8.52121,47.36373,6.077700138
8.52211,47.36373,6.34829998
8.52301,47.36373,5.913000107
8.52391,47.36373,4.492499828
8.5248,47.36373,3.617199898
8.5257,47.36373,3.016299963
8.5266,47.36373,3.362499952
8.5275,47.36373,3.819200039
8.5284,47.36373,3.959500074
8.5293,47.36373,3.536200047
8.53019,47.36373,3.078999996
8.53109,47.36373,2.461199999
8.53199,47.36373,2.612099886
8.53289,47.36373,2.985399961
8.53379,47.36373,3.099400043
8.53469,47.36373,2.784600019
8.53558,47.36373,2.094700098
8.53648,47.36373,1.256700039
8.53738,47.36373,0.655200005
8.53828,47.36373,0.238000005
8.53918,47.36373,0.045699999
8.54008,47.36373,0
8.54097,47.36373,0
8.54187,47.36373,0
8.54277,47.36373,0
8.54367,47.36373,0
8.54457,47.36373,0
8.54547,47.36373,0
8.54636,47.36373,0.0337
8.54726,47.36373,0.154899999
8.54816,47.36373,0.547500014
8.54906,47.36373,1.136700034
8.54996,47.36373,2.021300077
8.55086,47.36373,3.093699932
8.55175,47.36373,3.947099924
8.55265,47.36373,4.327000141
8.55355,47.36373,4.323599815
8.55445,47.36373,3.869499922
8.55535,47.36373,3.295700073
8.55625,47.36373,3.149199963
8.55714,47.36373,3.590399981
8.55804,47.36373,4.192200184
8.55894,47.36373,4.466199875
8.55984,47.36373,4.882999897
8.56074,47.36373,4.869699955
8.56163,47.36373,4.938300133
8.56253,47.36373,5.253399849
8.56343,47.36373,5.57130003
8.56433,47.36373,5.856800079
8.56523,47.36373,5.790800095
8.56613,47.36373,5.536699772
8.56702,47.36373,5.124700069
8.56792,47.36373,5.152400017
8.56882,47.36373,5.045400143
8.56972,47.36373,4.988399982
8.57062,47.36373,4.407999992
8.57152,47.36373,3.754199982
8.57241,47.36373,3.038599968
8.57331,47.36373,2.140000105
8.57421,47.36373,1.380399942
8.57511,47.36373,1.046800017
8.57601,47.36373,0.861299992
8.57691,47.36373,0.716499984
8.5778,47.36373,0.661899984
8.5787,47.36373,0.615199983
8.5796,47.36373,0.661800027
8.5805,47.36373,0.648000002
8.5814,47.36373,0.62650001
8.5823,47.36373,0.625699997
8.58319,47.36373,0.658500016
8.58409,47.36373,0.631900012
8.58499,47.36373,0.646799982
8.58589,47.36373,0.569000006
8.58679,47.36373,0.533500016
8.58769,47.36373,0.487699986
8.58858,47.36373,0.647199988
8.58948,47.36373,0.880800009
8.59038,47.36373,1.095499992
8.59128,47.36373,1.239899993
8.59218,47.36373,1.248299956
8.59308,47.36373,1.209599972
8.59397,47.36373,1.154099941
8.59487,47.36373,0.91930002
8.59577,47.36373,0.759599984
8.59667,47.36373,0.820900023
8.59757,47.36373,0.805299997
8.59847,47.36373,0.898000002
8.59936,47.36373,0.84829998
8.60026,47.36373,0.996999979
8.60116,47.36373,0.984799981
8.60206,47.36373,1.093400002
8.60296,47.36373,0.931500018
8.60386,47.36373,0.701099992
8.60475,47.36373,0.428799987
8.60565,47.36373,0.158700004
8.60655,47.36373,0.0133
8.60745,47.36373,0
8.60835,47.36373,0
8.60925,47.36373,0
8.61014,47.36373,0
8.61104,47.36373,0
8.61194,47.36373,0
8.61284,47.36373,0
8.61374,47.36373,0
8.61464,47.36373,0
8.61553,47.36373,0
8.4718,47.36312,0
8.4727,47.36312,0
8.4736,47.36312,0
8.4745,47.36312,0
8.4754,47.36312,0
8.47629,47.36312,0
8.47719,47.36312,0
8.47809,47.36312,0
8.47899,47.36312,0
8.47989,47.36312,0
8.48079,47.36312,0
8.48168,47.36312,0
8.48258,47.36312,0
8.48348,47.36312,0
8.48438,47.36312,0
8.48528,47.36312,0
8.48618,47.36312,0
8.48707,47.36312,0
8.48797,47.36312,0
8.48887,47.36312,0
8.48977,47.36312,0
8.49067,47.36312,0
8.49157,47.36312,0
8.49246,47.36312,0
8.49336,47.36312,0
8.49426,47.36312,0
8.49516,47.36312,0
8.49606,47.36312,0.0274
8.49696,47.36312,0.268700004
8.49785,47.36312,0.380299985
8.49875,47.36312,0.808300018
8.49965,47.36312,1.317000031
8.50055,47.36312,2.753400087
8.50145,47.36312,4.426799774
8.50235,47.36312,6.339799881
8.50324,47.36312,7.831699848
8.50414,47.36312,9.336999893
8.50504,47.36312,10.28289986
8.50594,47.36312,11.07229996
8.50684,47.36312,10.98260021
8.50774,47.36312,10.19260025
8.50863,47.36312,8.363699913
8.50953,47.36312,5.832900047
8.51043,47.36312,3.280200005
8.51133,47.36312,1.56309998
8.51223,47.36312,0.761900008
8.51313,47.36312,0.654699981
8.51402,47.36312,0.904799998
8.51492,47.36312,1.111299992
8.51582,47.36312,1.522400022
8.51672,47.36312,2.332799912
8.51762,47.36312,2.656699896
8.51852,47.36312,3.047899961
8.51941,47.36312,3.919699907
8.52031,47.36312,4.677599907
8.52121,47.36312,5.464600086
8.52211,47.36312,5.612800121
8.52301,47.36312,5.63409996
8.52391,47.36312,4.274499893
8.5248,47.36312,3.75819993
8.5257,47.36312,3.791300058
8.5266,47.36312,4.187699795
8.5275,47.36312,4.924200058
8.5284,47.36312,5.136400223
8.5293,47.36312,4.557700157
8.53019,47.36312,3.797699928
8.53109,47.36312,3.221199989
8.53199,47.36312,3.164599895
8.53289,47.36312,3.491499901
8.53379,47.36312,3.642299891
8.53469,47.36312,3.397200108
8.53558,47.36312,2.654999971
8.53648,47.36312,1.683300018
8.53738,47.36312,0.917200029
8.53828,47.36312,0.383700013
8.53918,47.36312,0.093999997
8.54008,47.36312,0
8.54097,47.36312,0
8.54187,47.36312,0
8.54277,47.36312,0
8.54367,47.36312,0
8.54457,47.36312,0
8.54547,47.36312,0
8.54636,47.36312,0
8.54726,47.36312,0.156399995
8.54816,47.36312,0.553499997
8.54906,47.36312,1.265599966
8.54996,47.36312,2.33039999
8.55086,47.36312,3.464400053
8.55175,47.36312,4.180900097
8.55265,47.36312,4.56430006
8.55355,47.36312,4.356299877
8.55445,47.36312,3.713000059
8.55535,47.36312,3.053499937
8.55625,47.36312,2.541500092
8.55714,47.36312,2.526200056
8.55804,47.36312,2.995899916
8.55894,47.36312,3.437599897
8.55984,47.36312,4.137300015
8.56074,47.36312,4.658199787
8.56163,47.36312,5.04129982
8.56253,47.36312,5.530900002
8.56343,47.36312,5.78000021
8.56433,47.36312,6.159900188
8.56523,47.36312,5.968400002
8.56613,47.36312,5.625299931
8.56702,47.36312,5.314799786
8.56792,47.36312,5.459899902
8.56882,47.36312,5.444200039
8.56972,47.36312,5.430799961
8.57062,47.36312,5.128499985
8.57152,47.36312,4.340400219
8.57241,47.36312,3.179899931
8.57331,47.36312,2.319900036
8.57421,47.36312,1.59860003
8.57511,47.36312,1.065899968
8.57601,47.36312,0.907500029
8.57691,47.36312,0.854399979
8.5778,47.36312,0.863799989
8.5787,47.36312,0.937699974
8.5796,47.36312,1.008000016
8.5805,47.36312,1.084499955
8.5814,47.36312,1.123900056
8.5823,47.36312,1.273300052
8.58319,47.36312,1.253600001
8.58409,47.36312,1.252200007
8.58499,47.36312,1.182199955
8.58589,47.36312,1.12349999
8.58679,47.36312,1.065000057
8.58769,47.36312,1.127200007
8.58858,47.36312,1.272899985
8.58948,47.36312,1.510800004
8.59038,47.36312,1.803200006
8.59128,47.36312,1.980999947
8.59218,47.36312,1.932800055
8.59308,47.36312,1.792600036
8.59397,47.36312,1.538800001
8.59487,47.36312,1.28429997
8.59577,47.36312,0.960799992
8.59667,47.36312,0.801100016
8.59757,47.36312,0.741100013
8.59847,47.36312,0.922200024
8.59936,47.36312,1.112599969
8.60026,47.36312,1.410099983
8.60116,47.36312,1.605399966
8.60206,47.36312,1.60860002
8.60296,47.36312,1.331799984
8.60386,47.36312,0.979600012
8.60475,47.36312,0.532899976
8.60565,47.36312,0.209299996
8.60655,47.36312,0.074500002
8.60745,47.36312,0.0063
8.60835,47.36312,0
8.60925,47.36312,0
8.61014,47.36312,0
8.61104,47.36312,0
8.61194,47.36312,0
8.61284,47.36312,0
8.61374,47.36312,0
8.61464,47.36312,0
8.61553,47.36312,0
8.4727,47.36251,0
8.4736,47.36251,0
8.4745,47.36251,0
8.4754,47.36251,0
8.47629,47.36251,0
8.47719,47.36251,0
8.47809,47.36251,0
8.47899,47.36251,0
8.47989,47.36251,0
8.48079,47.36251,0
8.48168,47.36251,0
8.48258,47.36251,0
8.48348,47.36251,0
8.48438,47.36251,0
8.48528,47.36251,0
8.48618,47.36251,0
8.48707,47.36251,0
8.48797,47.36251,0
8.48887,47.36251,0
8.48977,47.36251,0
8.49067,47.36251,0
8.49157,47.36251,0
8.49246,47.36251,0
8.49336,47.36251,0
8.49426,47.36251,0
8.49516,47.36251,0
8.49606,47.36251,0
8.49696,47.36251,0.018300001
8.49785,47.36251,0.150099993
8.49875,47.36251,0.309199989
8.49965,47.36251,0.550899982
8.50055,47.36251,1.367499948
8.50145,47.36251,2.775000095
8.50235,47.36251,4.083799839
8.50324,47.36251,5.348899841
8.50414,47.36251,6.447999954
8.50504,47.36251,7.456799984
8.50594,47.36251,8.18350029
8.50684,47.36251,8.440600395
8.50774,47.36251,7.838200092
8.50863,47.36251,6.571700096
8.50953,47.36251,4.338200092
8.51043,47.36251,2.559600115
8.51133,47.36251,1.167500019
8.51223,47.36251,0.938199997
8.51313,47.36251,1.102100015
8.51402,47.36251,1.375800014
8.51492,47.36251,1.61650002
8.51582,47.36251,1.992499948
8.51672,47.36251,2.285599947
8.51762,47.36251,2.573899984
8.51852,47.36251,3.245500088
8.51941,47.36251,3.766499996
8.52031,47.36251,4.675700188
8.52121,47.36251,5.68419981
8.52211,47.36251,5.756999969
8.52301,47.36251,5.571499825
8.52391,47.36251,4.92539978
8.5248,47.36251,4.366899967
8.5257,47.36251,4.462600231
8.5266,47.36251,5.302199841
8.5275,47.36251,6.204299927
8.5284,47.36251,6.20909977
8.5293,47.36251,5.592000008
8.53019,47.36251,4.615699768
8.53109,47.36251,3.638400078
8.53199,47.36251,3.646699905
8.53289,47.36251,4.030799866
8.53379,47.36251,4.207600117
8.53469,47.36251,3.978300095
8.53558,47.36251,3.236500025
8.53648,47.36251,2.194400072
8.53738,47.36251,1.188500047
8.53828,47.36251,0.463499993
8.53918,47.36251,0.165600002
8.54008,47.36251,0.031399999
8.54097,47.36251,0
8.54187,47.36251,0
8.54277,47.36251,0
8.54367,47.36251,0
8.54457,47.36251,0
8.54547,47.36251,0
8.54636,47.36251,0.031399999
8.54726,47.36251,0.200000003
8.54816,47.36251,0.614700019
8.54906,47.36251,1.48179996
8.54996,47.36251,2.510499954
8.55086,47.36251,3.664799929
8.55175,47.36251,4.478199959
8.55265,47.36251,4.755400181
8.55355,47.36251,4.385099888
8.55445,47.36251,3.565999985
8.55535,47.36251,2.676599979
8.55625,47.36251,2.148299932
8.55714,47.36251,2.065900087
8.55804,47.36251,2.368900061
8.55894,47.36251,2.976700068
8.55984,47.36251,3.693099976
8.56074,47.36251,4.161600113
8.56163,47.36251,4.952400208
8.56253,47.36251,5.559400082
8.56343,47.36251,5.99450016
8.56433,47.36251,6.012899876
8.56523,47.36251,5.848599911
8.56613,47.36251,5.544499874
8.56702,47.36251,5.414299965
8.56792,47.36251,5.495399952
8.56882,47.36251,5.96420002
8.56972,47.36251,6.134900093
8.57062,47.36251,5.926199913
8.57152,47.36251,4.949999809
8.57241,47.36251,3.932699919
8.57331,47.36251,2.763400078
8.57421,47.36251,1.817000031
8.57511,47.36251,1.244500041
8.57601,47.36251,1.005699992
8.57691,47.36251,0.93900001
8.5778,47.36251,1.025099993
8.5787,47.36251,1.200600028
8.5796,47.36251,1.381100059
8.5805,47.36251,1.668799996
8.5814,47.36251,1.898499966
8.5823,47.36251,2.084300041
8.58319,47.36251,2.082499981
8.58409,47.36251,2.083199978
8.58499,47.36251,1.896499991
8.58589,47.36251,1.82249999
8.58679,47.36251,1.770099998
8.58769,47.36251,1.847100019
8.58858,47.36251,2.013400078
8.58948,47.36251,2.332700014
8.59038,47.36251,2.500799894
8.59128,47.36251,2.684099913
8.59218,47.36251,2.704699993
8.59308,47.36251,2.537400007
8.59397,47.36251,2.21239996
8.59487,47.36251,1.899399996
8.59577,47.36251,1.699699998
8.59667,47.36251,1.256700039
8.59757,47.36251,1.113299966
8.59847,47.36251,1.24000001
8.59936,47.36251,1.553799987
8.60026,47.36251,1.849699974
8.60116,47.36251,2.010099888
8.60206,47.36251,1.936499953
8.60296,47.36251,1.621099949
8.60386,47.36251,1.085800052
8.60475,47.36251,0.617200017
8.60565,47.36251,0.239299998
8.60655,47.36251,0.0266
8.60745,47.36251,0
8.60835,47.36251,0
8.60925,47.36251,0
8.61014,47.36251,0
8.61104,47.36251,0
8.61194,47.36251,0
8.61284,47.36251,0
8.61374,47.36251,0
8.61464,47.36251,0
8.61553,47.36251,0
8.61643,47.36251,0
8.61733,47.36251,0
8.61823,47.36251,0
8.61913,47.36251,0
8.62003,47.36251,0
8.4736,47.36191,0
8.4745,47.36191,0
8.4754,47.36191,0
8.47629,47.36191,0
8.47719,47.36191,0
8.47809,47.36191,0
8.47899,47.36191,0
8.47989,47.36191,0
8.48079,47.36191,0
8.48168,47.36191,0
8.48258,47.36191,0
8.48348,47.36191,0
8.48438,47.36191,0
8.48528,47.36191,0
8.48618,47.36191,0
8.48707,47.36191,0
8.48797,47.36191,0
8.48887,47.36191,0
8.48977,47.36191,0
8.49067,47.36191,0
8.49157,47.36191,0
8.49246,47.36191,0
8.49336,47.36191,0
8.49426,47.36191,0
8.49516,47.36191,0
8.49606,47.36191,0.064000003
8.49696,47.36191,0.093099996
8.49785,47.36191,0.169599995
8.49875,47.36191,0.2491
8.49965,47.36191,0.422199994
8.50055,47.36191,0.488200009
8.50145,47.36191,1.102300048
8.50235,47.36191,2.141200066
8.50324,47.36191,2.994999886
8.50414,47.36191,3.585599899
8.50504,47.36191,4.56619978
8.50594,47.36191,5.24849987
8.50684,47.36191,5.820700169
8.50774,47.36191,5.695199966
8.50863,47.36191,4.987999916
8.50953,47.36191,3.633599997
8.51043,47.36191,2.304699898
8.51133,47.36191,1.488000035
8.51223,47.36191,1.46420002
8.51313,47.36191,1.6171
8.51402,47.36191,1.728800058
8.51492,47.36191,2.078900099
8.51582,47.36191,2.379699945
8.51672,47.36191,2.75909996
8.51762,47.36191,2.930099964
8.51852,47.36191,3.423300028
8.51941,47.36191,4.078800201
8.52031,47.36191,4.941899776
8.52121,47.36191,5.586100101
8.52211,47.36191,5.884500027
8.52301,47.36191,5.632900238
8.52391,47.36191,5.156400204
8.5248,47.36191,4.830699921
8.5257,47.36191,5.357999802
8.5266,47.36191,6.201000214
8.5275,47.36191,7.098199844
8.5284,47.36191,7.23390007
8.5293,47.36191,6.397900105
8.53019,47.36191,5.15199995
8.53109,47.36191,4.160900116
8.53199,47.36191,3.913599968
8.53289,47.36191,4.220099926
8.53379,47.36191,4.377500057
8.53469,47.36191,4.285699844
8.53558,47.36191,3.491400003
8.53648,47.36191,2.396899939
8.53738,47.36191,1.328600049
8.53828,47.36191,0.564999998
8.53918,47.36191,0.1558
8.54008,47.36191,0.0189
8.54097,47.36191,0
8.54187,47.36191,0
8.54277,47.36191,0
8.54367,47.36191,0
8.54457,47.36191,0
8.54547,47.36191,0
8.54636,47.36191,0.0251
8.54726,47.36191,0.187700003
8.54816,47.36191,0.748199999
8.54906,47.36191,1.618399978
8.54996,47.36191,2.734899998
8.55086,47.36191,3.849600077
8.55175,47.36191,4.609000206
8.55265,47.36191,4.893899918
8.55355,47.36191,4.454800129
8.55445,47.36191,3.451400042
8.55535,47.36191,2.591099977
8.55625,47.36191,2.082499981
8.55714,47.36191,1.853700042
8.55804,47.36191,2.328500032
8.55894,47.36191,2.743900061
8.55984,47.36191,3.311300039
8.56074,47.36191,3.878900051
8.56163,47.36191,4.499800205
8.56253,47.36191,4.978600025
8.56343,47.36191,5.527100086
8.56433,47.36191,5.396500111
8.56523,47.36191,5.205200195
8.56613,47.36191,4.9302001
8.56702,47.36191,5.155799866
8.56792,47.36191,5.460800171
8.56882,47.36191,5.970300198
8.56972,47.36191,6.325600147
8.57062,47.36191,6.206399918
8.57152,47.36191,5.354700089
8.57241,47.36191,4.290100098
8.57331,47.36191,3.08130002
8.57421,47.36191,2.056699991
8.57511,47.36191,1.398300052
8.57601,47.36191,1.05400002
8.57691,47.36191,1.026600003
8.5778,47.36191,1.126600027
8.5787,47.36191,1.385699987
8.5796,47.36191,1.808699965
8.5805,47.36191,2.284800053
8.5814,47.36191,2.632999897
8.5823,47.36191,2.902199984
8.58319,47.36191,2.976200104
8.58409,47.36191,2.802599907
8.58499,47.36191,2.598700047
8.58589,47.36191,2.368400097
8.58679,47.36191,2.374500036
8.58769,47.36191,2.44659996
8.58858,47.36191,2.736000061
8.58948,47.36191,3.029200077
8.59038,47.36191,3.232800007
8.59128,47.36191,3.280699968
8.59218,47.36191,3.264199972
8.59308,47.36191,3.087599993
8.59397,47.36191,3.022099972
8.59487,47.36191,2.738699913
8.59577,47.36191,2.440399885
8.59667,47.36191,2.061800003
8.59757,47.36191,1.857200027
8.59847,47.36191,1.663200021
8.59936,47.36191,1.911900043
8.60026,47.36191,2.133899927
8.60116,47.36191,2.14199996
8.60206,47.36191,1.934499979
8.60296,47.36191,1.537500024
8.60386,47.36191,1.021600008
8.60475,47.36191,0.571699977
8.60565,47.36191,0.167400002
8.60655,47.36191,0.036800001
8.60745,47.36191,0.0063
8.60835,47.36191,0
8.60925,47.36191,0
8.61014,47.36191,0
8.61104,47.36191,0
8.61194,47.36191,0
8.61284,47.36191,0
8.61374,47.36191,0
8.61464,47.36191,0
8.61553,47.36191,0
8.61643,47.36191,0
8.61733,47.36191,0
8.61823,47.36191,0
8.61913,47.36191,0
8.62003,47.36191,0
8.62092,47.36191,0
8.62182,47.36191,0
8.48168,47.3613,0
8.48258,47.3613,0
8.48348,47.3613,0
8.48438,47.3613,0
8.48528,47.3613,0
8.48618,47.3613,0
8.48707,47.3613,0
8.48797,47.3613,0
8.48887,47.3613,0
8.48977,47.3613,0
8.49067,47.3613,0
8.49157,47.3613,0
8.49246,47.3613,0
8.49336,47.3613,0
8.49426,47.3613,0
8.49516,47.3613,0.064000003
8.49606,47.3613,0.119599998
8.49696,47.3613,0.311199993
8.49785,47.3613,0.468899995
8.49875,47.3613,0.5352
8.49965,47.3613,0.498600006
8.50055,47.3613,0.482499987
8.50145,47.3613,0.533100009
8.50235,47.3613,0.7579
8.50324,47.3613,1.26820004
8.50414,47.3613,1.776299953
8.50504,47.3613,2.220200062
8.50594,47.3613,3.352999926
8.50684,47.3613,4.171899796
8.50774,47.3613,4.864900112
8.50863,47.3613,4.479300022
8.50953,47.3613,3.82859993
8.51043,47.3613,3.106600046
8.51133,47.3613,2.702399969
8.51223,47.3613,2.306699991
8.51313,47.3613,2.269900084
8.51402,47.3613,2.264400005
8.51492,47.3613,2.428800106
8.51582,47.3613,2.638000011
8.51672,47.3613,2.881400108
8.51762,47.3613,3.250200033
8.51852,47.3613,3.862699986
8.51941,47.3613,4.024000168
8.52031,47.3613,4.821800232
8.52121,47.3613,5.301599979
8.52211,47.3613,5.368100166
8.52301,47.3613,5.09800005
8.52391,47.3613,4.708399773
8.5248,47.3613,4.736999989
8.5257,47.3613,5.83190012
8.5266,47.3613,6.974599838
8.5275,47.3613,8.024900436
8.5284,47.3613,8.220399857
8.5293,47.3613,7.157800198
8.53019,47.3613,5.522900105
8.53109,47.3613,4.257500172
8.53199,47.3613,3.754699945
8.53289,47.3613,3.960000038
8.53379,47.3613,4.157599926
8.53469,47.3613,4.013700008
8.53558,47.3613,3.258100033
8.53648,47.3613,2.282799959
8.53738,47.3613,1.273300052
8.53828,47.3613,0.444900006
8.53918,47.3613,0.091899998
8.54008,47.3613,0
8.54097,47.3613,0
8.54187,47.3613,0
8.54277,47.3613,0
8.54367,47.3613,0
8.54457,47.3613,0
8.54547,47.3613,0
8.54636,47.3613,0.0126
8.54726,47.3613,0.211500004
8.54816,47.3613,0.712199986
8.54906,47.3613,1.49240005
8.54996,47.3613,2.610399961
8.55086,47.3613,3.753299952
8.55175,47.3613,4.595499992
8.55265,47.3613,4.816500187
8.55355,47.3613,4.41779995
8.55445,47.3613,3.673199892
8.55535,47.3613,3.018699884
8.55625,47.3613,2.633300066
8.55714,47.3613,2.60529995
8.55804,47.3613,2.876499891
8.55894,47.3613,3.029799938
8.55984,47.3613,3.36529994
8.56074,47.3613,3.457999945
8.56163,47.3613,3.685499907
8.56253,47.3613,4.13560009
8.56343,47.3613,4.341499805
8.56433,47.3613,4.320400238
8.56523,47.3613,4.222700119
8.56613,47.3613,4.282100201
8.56702,47.3613,4.426099777
8.56792,47.3613,4.917699814
8.56882,47.3613,5.606500149
8.56972,47.3613,5.850699902
8.57062,47.3613,5.771500111
8.57152,47.3613,5.09280014
8.57241,47.3613,4.125199795
8.57331,47.3613,3.19659996
8.57421,47.3613,2.056299925
8.57511,47.3613,1.407500029
8.57601,47.3613,1.137899995
8.57691,47.3613,1.040300012
8.5778,47.3613,1.145599961
8.5787,47.3613,1.651600003
8.5796,47.3613,2.261199951
8.5805,47.3613,2.898499966
8.5814,47.3613,3.410700083
8.5823,47.3613,3.762799978
8.58319,47.3613,3.717900038
8.58409,47.3613,3.449199915
8.58499,47.3613,3.004499912
8.58589,47.3613,2.653100014
8.58679,47.3613,2.739099979
8.58769,47.3613,2.824100018
8.58858,47.3613,3.058399916
8.58948,47.3613,3.310199976
8.59038,47.3613,3.566499949
8.59128,47.3613,3.430299997
8.59218,47.3613,3.365099907
8.59308,47.3613,3.346999884
8.59397,47.3613,3.3756001
8.59487,47.3613,3.293200016
8.59577,47.3613,3.066800117
8.59667,47.3613,2.676000118
8.59757,47.3613,2.378700018
8.59847,47.3613,2.109600067
8.59936,47.3613,2.076600075
8.60026,47.3613,2.051199913
8.60116,47.3613,1.977800012
8.60206,47.3613,1.727900028
8.60296,47.3613,1.247099996
8.60386,47.3613,0.812699974
8.60475,47.3613,0.391299993
8.60565,47.3613,0.098300003
8.60655,47.3613,0.0133
8.60745,47.3613,0
8.60835,47.3613,0
8.60925,47.3613,0
8.61014,47.3613,0
8.61104,47.3613,0
8.61194,47.3613,0
8.61284,47.3613,0
8.61374,47.3613,0
8.61464,47.3613,0
8.61553,47.3613,0
8.61643,47.3613,0
8.61733,47.3613,0
8.61823,47.3613,0
8.61913,47.3613,0
8.62003,47.3613,0
8.62092,47.3613,0
8.62182,47.3613,0
8.62272,47.3613,0
8.48258,47.36069,0
8.48348,47.36069,0
8.48438,47.36069,0
8.48528,47.36069,0
8.48618,47.36069,0
8.48707,47.36069,0
8.48797,47.36069,0
8.48887,47.36069,0
8.48977,47.36069,0
8.49067,47.36069,0
8.49157,47.36069,0
8.49246,47.36069,0
8.49336,47.36069,0
8.49426,47.36069,0
8.49516,47.36069,0.093099996
8.49606,47.36069,0.247199997
8.49696,47.36069,0.528699994
8.49785,47.36069,0.745199978
8.49875,47.36069,0.856000006
8.49965,47.36069,0.800599992
8.50055,47.36069,0.616400003
8.50145,47.36069,0.419999987
8.50235,47.36069,0.435499996
8.50324,47.36069,0.551400006
8.50414,47.36069,0.911599994
8.50504,47.36069,1.460199952
8.50594,47.36069,2.736999989
8.50684,47.36069,3.888499975
8.50774,47.36069,4.997000217
8.50863,47.36069,5.38049984
8.50953,47.36069,5.500400066
8.51043,47.36069,5.11289978
8.51133,47.36069,4.477399826
8.51223,47.36069,3.842000008
8.51313,47.36069,3.39560008
8.51402,47.36069,3.006000042
8.51492,47.36069,2.671299934
8.51582,47.36069,2.849900007
8.51672,47.36069,3.21600008
8.51762,47.36069,3.642699957
8.51852,47.36069,4.293600082
8.51941,47.36069,4.54820013
8.52031,47.36069,4.617000103
8.52121,47.36069,4.593599796
8.52211,47.36069,4.342400074
8.52301,47.36069,3.918499947
8.52391,47.36069,3.758300066
8.5248,47.36069,4.323599815
8.5257,47.36069,5.726200104
8.5266,47.36069,7.323900223
8.5275,47.36069,8.668399811
8.5284,47.36069,8.754699707
8.5293,47.36069,7.472899914
8.53019,47.36069,5.680699825
8.53109,47.36069,4.090300083
8.53199,47.36069,3.394200087
8.53289,47.36069,3.232599974
8.53379,47.36069,3.27670002
8.53469,47.36069,3.253000021
8.53558,47.36069,2.664599895
8.53648,47.36069,1.781100035
8.53738,47.36069,0.869599998
8.53828,47.36069,0.291200012
8.53918,47.36069,0.0526
8.54008,47.36069,0
8.54097,47.36069,0
8.54187,47.36069,0
8.54277,47.36069,0
8.54367,47.36069,0
8.54457,47.36069,0
8.54547,47.36069,0
8.54636,47.36069,0.0063
8.54726,47.36069,0.128600001
8.54816,47.36069,0.520699978
8.54906,47.36069,1.200000048
8.54996,47.36069,2.140100002
8.55086,47.36069,3.274600029
8.55175,47.36069,4.152800083
8.55265,47.36069,4.45359993
8.55355,47.36069,4.407800198
8.55445,47.36069,4.085000038
8.55535,47.36069,3.609499931
8.55625,47.36069,3.527800083
8.55714,47.36069,3.567300081
8.55804,47.36069,3.743099928
8.55894,47.36069,3.863899946
8.55984,47.36069,3.586199999
8.56074,47.36069,3.237099886
8.56163,47.36069,2.994899988
8.56253,47.36069,2.877799988
8.56343,47.36069,2.937200069
8.56433,47.36069,2.916399956
8.56523,47.36069,2.924299955
8.56613,47.36069,3.126499891
8.56702,47.36069,3.558599949
8.56792,47.36069,3.955499887
8.56882,47.36069,4.475200176
8.56972,47.36069,4.791999817
8.57062,47.36069,4.774300098
8.57152,47.36069,4.295199871
8.57241,47.36069,3.687400103
8.57331,47.36069,2.859600067
8.57421,47.36069,2.126600027
8.57511,47.36069,1.47360003
8.57601,47.36069,1.055299997
8.57691,47.36069,1.101400018
8.5778,47.36069,1.35860002
8.5787,47.36069,1.980399966
8.5796,47.36069,2.79489994
8.5805,47.36069,3.673899889
8.5814,47.36069,4.296000004
8.5823,47.36069,4.572100163
8.58319,47.36069,4.347300053
8.58409,47.36069,3.884399891
8.58499,47.36069,3.181900024
8.58589,47.36069,2.790400028
8.58679,47.36069,2.692399979
8.58769,47.36069,2.978699923
8.58858,47.36069,3.320100069
8.58948,47.36069,3.66869998
8.59038,47.36069,3.680399895
8.59128,47.36069,3.639100075
8.59218,47.36069,3.304399967
8.59308,47.36069,3.173099995
8.59397,47.36069,3.235699892
8.59487,47.36069,3.393100023
8.59577,47.36069,3.378099918
8.59667,47.36069,3.021800041
8.59757,47.36069,2.798199892
8.59847,47.36069,2.45359993
8.59936,47.36069,2.220799923
8.60026,47.36069,2.086400032
8.60116,47.36069,1.749300003
8.60206,47.36069,1.327999949
8.60296,47.36069,0.915499985
8.60386,47.36069,0.453299999
8.60475,47.36069,0.166299999
8.60565,47.36069,0.035399999
8.60655,47.36069,0.0091
8.60745,47.36069,0
8.60835,47.36069,0
8.60925,47.36069,0
8.61014,47.36069,0
8.61104,47.36069,0
8.61194,47.36069,0
8.61284,47.36069,0
8.61374,47.36069,0
8.61464,47.36069,0
8.61553,47.36069,0
8.61643,47.36069,0
8.61733,47.36069,0
8.61823,47.36069,0
8.61913,47.36069,0
8.62003,47.36069,0
8.62092,47.36069,0
8.62182,47.36069,0
8.62272,47.36069,0
8.48348,47.36008,0
8.48438,47.36008,0
8.48528,47.36008,0
8.48618,47.36008,0
8.48707,47.36008,0
8.48797,47.36008,0
8.48887,47.36008,0
8.48977,47.36008,0
8.49067,47.36008,0
8.49157,47.36008,0
8.49246,47.36008,0
8.49336,47.36008,0
8.49426,47.36008,0.044
8.49516,47.36008,0.105499998
8.49606,47.36008,0.347600013
8.49696,47.36008,0.657800019
8.49785,47.36008,0.935899973
8.49875,47.36008,1.082499981
8.49965,47.36008,1.016600013
8.50055,47.36008,0.772199988
8.50145,47.36008,0.481099993
8.50235,47.36008,0.247799993
8.50324,47.36008,0.272700012
8.50414,47.36008,0.653800011
8.50504,47.36008,1.548799992
8.50594,47.36008,2.914099932
8.50684,47.36008,4.570000172
8.50774,47.36008,6.245999813
8.50863,47.36008,7.298999786
8.50953,47.36008,7.885499954
8.51043,47.36008,7.44329977
8.51133,47.36008,6.639699936
8.51223,47.36008,5.682700157
8.51313,47.36008,4.616099834
8.51402,47.36008,3.743000031
8.51492,47.36008,3.096999884
8.51582,47.36008,2.930599928
8.51672,47.36008,3.416399956
8.51762,47.36008,4.166100025
8.51852,47.36008,4.634699821
8.51941,47.36008,4.739299774
8.52031,47.36008,4.475299835
8.52121,47.36008,3.95359993
8.52211,47.36008,3.240099907
8.52301,47.36008,2.695199966
8.52391,47.36008,2.750999928
8.5248,47.36008,3.6796
8.5257,47.36008,5.498799801
8.5266,47.36008,7.436699867
8.5275,47.36008,8.79529953
8.5284,47.36008,8.878499985
8.5293,47.36008,7.442200184
8.53019,47.36008,5.431499958
8.53109,47.36008,3.641700029
8.53199,47.36008,2.618400097
8.53289,47.36008,2.342799902
8.53379,47.36008,2.32220006
8.53469,47.36008,2.230600119
8.53558,47.36008,1.761600018
8.53648,47.36008,1.13259995
8.53738,47.36008,0.438499987
8.53828,47.36008,0.0898
8.53918,47.36008,0
8.54008,47.36008,0
8.54097,47.36008,0
8.54187,47.36008,0
8.54277,47.36008,0
8.54367,47.36008,0
8.54457,47.36008,0
8.54547,47.36008,0
8.54636,47.36008,0
8.54726,47.36008,0.031599998
8.54816,47.36008,0.315200001
8.54906,47.36008,0.784699976
8.54996,47.36008,1.514600039
8.55086,47.36008,2.468100071
8.55175,47.36008,3.335099936
8.55265,47.36008,4.010200024
8.55355,47.36008,4.354400158
8.55445,47.36008,4.341199875
8.55535,47.36008,4.46600008
8.55625,47.36008,4.602799892
8.55714,47.36008,4.791500092
8.55804,47.36008,4.976699829
8.55894,47.36008,4.717199802
8.55984,47.36008,3.910099983
8.56074,47.36008,3.057300091
8.56163,47.36008,2.28489995
8.56253,47.36008,1.921300054
8.56343,47.36008,1.638599992
8.56433,47.36008,1.488199949
8.56523,47.36008,1.687100053
8.56613,47.36008,1.933899999
8.56702,47.36008,2.253299952
8.56792,47.36008,2.751199961
8.56882,47.36008,3.161600113
8.56972,47.36008,3.385799885
8.57062,47.36008,3.387099981
8.57152,47.36008,3.239700079
8.57241,47.36008,3.010999918
8.57331,47.36008,2.549999952
8.57421,47.36008,1.960399985
8.57511,47.36008,1.361099958
8.57601,47.36008,1.129500031
8.57691,47.36008,1.081599951
8.5778,47.36008,1.54460001
8.5787,47.36008,2.168200016
8.5796,47.36008,3.235100031
8.5805,47.36008,4.201000214
8.5814,47.36008,4.918700218
8.5823,47.36008,5.031599998
8.58319,47.36008,4.729000092
8.58409,47.36008,3.951699972
8.58499,47.36008,3.345299959
8.58589,47.36008,2.687900066
8.58679,47.36008,2.518199921
8.58769,47.36008,2.884799957
8.58858,47.36008,3.383100033
8.58948,47.36008,3.685100079
8.59038,47.36008,3.720499992
8.59128,47.36008,3.467600107
8.59218,47.36008,3.172100067
8.59308,47.36008,2.911999941
8.59397,47.36008,2.900899887
8.59487,47.36008,3.062900066
8.59577,47.36008,3.242399931
8.59667,47.36008,3.147599936
8.59757,47.36008,3.025300026
8.59847,47.36008,2.755300045
8.59936,47.36008,2.680900097
8.60026,47.36008,2.360699892
8.60116,47.36008,1.860700011
8.60206,47.36008,1.297999978
8.60296,47.36008,0.804099977
8.60386,47.36008,0.315600008
8.60475,47.36008,0.123000003
8.60565,47.36008,0.0091
8.60655,47.36008,0
8.60745,47.36008,0
8.60835,47.36008,0
8.60925,47.36008,0
8.61014,47.36008,0
8.61104,47.36008,0
8.61194,47.36008,0
8.61284,47.36008,0
8.61374,47.36008,0
8.61464,47.36008,0
8.61553,47.36008,0
8.61643,47.36008,0
8.61733,47.36008,0
8.61823,47.36008,0
8.61913,47.36008,0
8.62003,47.36008,0
8.62092,47.36008,0
8.62182,47.36008,0
8.62272,47.36008,0
8.48438,47.35947,0
8.48528,47.35947,0
8.48618,47.35947,0
8.48707,47.35947,0
8.48797,47.35947,0
8.48887,47.35947,0
8.48977,47.35947,0
8.49067,47.35947,0
8.49157,47.35947,0
8.49246,47.35947,0
8.49336,47.35947,0
8.49426,47.35947,0
8.49516,47.35947,0.143399999
8.49606,47.35947,0.326099992
8.49696,47.35947,0.647099972
8.49785,47.35947,0.9296
8.49875,47.35947,1.082800031
8.49965,47.35947,1.021000028
8.50055,47.35947,0.776600003
8.50145,47.35947,0.435499996
8.50235,47.35947,0.228
8.50324,47.35947,0.199699998
8.50414,47.35947,0.488200009
8.50504,47.35947,1.465999961
8.50594,47.35947,3.249200106
8.50684,47.35947,5.195899963
8.50774,47.35947,7.354499817
8.50863,47.35947,9.006199837
8.50953,47.35947,9.769499779
8.51043,47.35947,9.601400375
8.51133,47.35947,8.787599564
8.51223,47.35947,7.351399899
8.51313,47.35947,5.937600136
8.51402,47.35947,4.454100132
8.51492,47.35947,3.194400072
8.51582,47.35947,2.977699995
8.51672,47.35947,3.528300047
8.51762,47.35947,4.274700165
8.51852,47.35947,4.736000061
8.51941,47.35947,4.792900085
8.52031,47.35947,4.226900101
8.52121,47.35947,3.257999897
8.52211,47.35947,2.164000034
8.52301,47.35947,1.714100003
8.52391,47.35947,1.783900023
8.5248,47.35947,3.09739995
8.5257,47.35947,5.085499763
8.5266,47.35947,7.303599834
8.5275,47.35947,8.704999924
8.5284,47.35947,8.769300461
8.5293,47.35947,7.213600159
8.53019,47.35947,5.147500038
8.53109,47.35947,3.068099976
8.53199,47.35947,1.968999982
8.53289,47.35947,1.500499964
8.53379,47.35947,1.320700049
8.53469,47.35947,1.251000047
8.53558,47.35947,0.880400002
8.53648,47.35947,0.439200014
8.53738,47.35947,0.159799993
8.53828,47.35947,0.036600001
8.53918,47.35947,0
8.54008,47.35947,0
8.54097,47.35947,0
8.54187,47.35947,0
8.54277,47.35947,0
8.54367,47.35947,0
8.54457,47.35947,0
8.54547,47.35947,0
8.54636,47.35947,0
8.54726,47.35947,0.0091
8.54816,47.35947,0.108499996
8.54906,47.35947,0.364499986
8.54996,47.35947,0.856700003
8.55086,47.35947,1.609400034
8.55175,47.35947,2.568000078
8.55265,47.35947,3.446899891
8.55355,47.35947,4.135499954
8.55445,47.35947,4.525499821
8.55535,47.35947,5.056399822
8.55625,47.35947,5.524300098
8.55714,47.35947,5.957099915
8.55804,47.35947,5.951499939
8.55894,47.35947,5.636000156
8.55984,47.35947,4.660999775
8.56074,47.35947,3.369600058
8.56163,47.35947,2.20510006
8.56253,47.35947,1.443799973
8.56343,47.35947,0.954299986
8.56433,47.35947,0.769800007
8.56523,47.35947,0.838100016
8.56613,47.35947,1.143300056
8.56702,47.35947,1.324699998
8.56792,47.35947,1.809200048
8.56882,47.35947,1.964100003
8.56972,47.35947,2.042399883
8.57062,47.35947,2.261699915
8.57152,47.35947,2.393300056
8.57241,47.35947,2.310899973
8.57331,47.35947,2.366300106
8.57421,47.35947,1.907799959
8.57511,47.35947,1.331400037
8.57601,47.35947,1.129400015
8.57691,47.35947,1.115300059
8.5778,47.35947,1.548599958
8.5787,47.35947,2.387399912
8.5796,47.35947,3.557699919
8.5805,47.35947,4.512700081
8.5814,47.35947,5.334199905
8.5823,47.35947,5.331500053
8.58319,47.35947,4.896500111
8.58409,47.35947,4.068399906
8.58499,47.35947,3.221800089
8.58589,47.35947,2.459399939
8.58679,47.35947,2.377599955
8.58769,47.35947,2.629899979
8.58858,47.35947,3.263999939
8.58948,47.35947,3.701900005
8.59038,47.35947,3.812000036
8.59128,47.35947,3.433199883
8.59218,47.35947,2.853499889
8.59308,47.35947,2.479300022
8.59397,47.35947,2.303499937
8.59487,47.35947,2.532700062
8.59577,47.35947,2.769799948
8.59667,47.35947,3.041100025
8.59757,47.35947,3.193599939
8.59847,47.35947,3.349900007
8.59936,47.35947,3.217700005
8.60026,47.35947,3.015899897
8.60116,47.35947,2.537499905
8.60206,47.35947,1.877699971
8.60296,47.35947,0.981599987
8.60386,47.35947,0.517499983
8.60475,47.35947,0.222200006
8.60565,47.35947,0.0091
8.60655,47.35947,0.0189
8.60745,47.35947,0
8.60835,47.35947,0
8.60925,47.35947,0
8.61014,47.35947,0
8.61104,47.35947,0
8.61194,47.35947,0
8.61284,47.35947,0
8.61374,47.35947,0
8.61464,47.35947,0
8.61553,47.35947,0
8.61643,47.35947,0
8.61733,47.35947,0
8.61823,47.35947,0
8.61913,47.35947,0
8.62003,47.35947,0
8.62092,47.35947,0
8.62182,47.35947,0
8.62272,47.35947,0
8.48528,47.35886,0
8.48618,47.35886,0
8.48707,47.35886,0
8.48797,47.35886,0
8.48887,47.35886,0
8.48977,47.35886,0
8.49067,47.35886,0
8.49157,47.35886,0
8.49246,47.35886,0
8.49336,47.35886,0
8.49426,47.35886,0
8.49516,47.35886,0.064000003
8.49606,47.35886,0.225999996
8.49696,47.35886,0.503400028
8.49785,47.35886,0.730400026
8.49875,47.35886,0.856700003
8.49965,47.35886,0.811100006
8.50055,47.35886,0.617699981
8.50145,47.35886,0.350300014
8.50235,47.35886,0.130500004
8.50324,47.35886,0.046300001
8.50414,47.35886,0.400000006
8.50504,47.35886,1.260200024
8.50594,47.35886,2.920200109
8.50684,47.35886,5.354899883
8.50774,47.35886,7.661399841
8.50863,47.35886,9.553799629
8.50953,47.35886,10.75020027
8.51043,47.35886,10.96459961
8.51133,47.35886,10.1704998
8.51223,47.35886,8.629899979
8.51313,47.35886,6.675499916
8.51402,47.35886,4.911600113
8.51492,47.35886,3.498399973
8.51582,47.35886,2.836899996
8.51672,47.35886,3.164099932
8.51762,47.35886,3.976500034
8.51852,47.35886,4.530099869
8.51941,47.35886,4.311200142
8.52031,47.35886,3.488600016
8.52121,47.35886,2.688299894
8.52211,47.35886,1.481099963
8.52301,47.35886,0.914300025
8.52391,47.35886,1.295300007
8.5248,47.35886,2.671200037
8.5257,47.35886,4.670700073
8.5266,47.35886,6.966599941
8.5275,47.35886,8.306699753
8.5284,47.35886,8.26060009
8.5293,47.35886,6.854400158
8.53019,47.35886,4.735000134
8.53109,47.35886,2.690099955
8.53199,47.35886,1.444900036
8.53289,47.35886,0.890699983
8.53379,47.35886,0.664300025
8.53469,47.35886,0.430999994
8.53558,47.35886,0.300399989
8.53648,47.35886,0.172099993
8.53738,47.35886,0.036600001
8.53828,47.35886,0
8.53918,47.35886,0
8.54008,47.35886,0
8.54097,47.35886,0
8.54187,47.35886,0
8.54277,47.35886,0
8.54367,47.35886,0
8.54457,47.35886,0
8.54547,47.35886,0
8.54636,47.35886,0
8.54726,47.35886,0
8.54816,47.35886,0.0091
8.54906,47.35886,0.104800001
8.54996,47.35886,0.360599995
8.55086,47.35886,0.967999995
8.55175,47.35886,1.837900043
8.55265,47.35886,2.774399996
8.55355,47.35886,3.650899887
8.55445,47.35886,4.489600182
8.55535,47.35886,5.431799889
8.55625,47.35886,6.23059988
8.55714,47.35886,6.788000107
8.55804,47.35886,6.772999763
8.55894,47.35886,6.265299797
8.55984,47.35886,5.040800095
8.56074,47.35886,3.697999954
8.56163,47.35886,2.418900013
8.56253,47.35886,1.466599941
8.56343,47.35886,0.985199988
8.56433,47.35886,0.753199995
8.56523,47.35886,0.567200005
8.56613,47.35886,0.65170002
8.56702,47.35886,0.818499982
8.56792,47.35886,0.96420002
8.56882,47.35886,1.03429997
8.56972,47.35886,1.26699996
8.57062,47.35886,1.329599977
8.57152,47.35886,1.791499972
8.57241,47.35886,2.400899887
8.57331,47.35886,2.484400034
8.57421,47.35886,2.164999962
8.57511,47.35886,1.698300004
8.57601,47.35886,1.162299991
8.57691,47.35886,1.04550004
8.5778,47.35886,1.441799998
8.5787,47.35886,2.350399971
8.5796,47.35886,3.413500071
8.5805,47.35886,4.535600185
8.5814,47.35886,5.230500221
8.5823,47.35886,5.338900089
8.58319,47.35886,4.941299915
8.58409,47.35886,4.125400066
8.58499,47.35886,3.177400112
8.58589,47.35886,2.560199976
8.58679,47.35886,2.343899965
8.58769,47.35886,2.562999964
8.58858,47.35886,3.033200026
8.58948,47.35886,3.610800028
8.59038,47.35886,3.735399961
8.59128,47.35886,3.47300005
8.59218,47.35886,2.817199945
8.59308,47.35886,2.338799953
8.59397,47.35886,2.003200054
8.59487,47.35886,2.095099926
8.59577,47.35886,2.330300093
8.59667,47.35886,2.80279994
8.59757,47.35886,3.388299942
8.59847,47.35886,3.789499998
8.59936,47.35886,3.808300018
8.60026,47.35886,3.757200003
8.60116,47.35886,3.438999891
8.60206,47.35886,2.532200098
8.60296,47.35886,1.56159997
8.60386,47.35886,0.811699986
8.60475,47.35886,0.494899988
8.60565,47.35886,0.240600005
8.60655,47.35886,0.072700001
8.60745,47.35886,0.039900001
8.60835,47.35886,0.0274
8.60925,47.35886,0
8.61014,47.35886,0
8.61104,47.35886,0
8.61194,47.35886,0
8.61284,47.35886,0
8.61374,47.35886,0
8.61464,47.35886,0
8.61553,47.35886,0
8.61643,47.35886,0
8.61733,47.35886,0
8.61823,47.35886,0
8.61913,47.35886,0
8.62003,47.35886,0
8.62092,47.35886,0
8.62182,47.35886,0
8.48528,47.35825,0
8.48618,47.35825,0
8.48707,47.35825,0
8.48797,47.35825,0
8.48887,47.35825,0
8.48977,47.35825,0
8.49067,47.35825,0
8.49157,47.35825,0
8.49246,47.35825,0
8.49336,47.35825,0
8.49426,47.35825,0
8.49516,47.35825,0
8.49606,47.35825,0.137199998
8.49696,47.35825,0.2755
8.49785,47.35825,0.453900009
8.49875,47.35825,0.535899997
8.49965,47.35825,0.509299994
8.50055,47.35825,0.354099989
8.50145,47.35825,0.222599998
8.50235,47.35825,0.045699999
8.50324,47.35825,0
8.50414,47.35825,0.195899993
8.50504,47.35825,0.909600019
8.50594,47.35825,2.405200005
8.50684,47.35825,4.759699821
8.50774,47.35825,7.0770998
8.50863,47.35825,9.22179985
8.50953,47.35825,10.88640022
8.51043,47.35825,11.37150002
8.51133,47.35825,10.5085001
8.51223,47.35825,9.173600197
8.51313,47.35825,6.981299877
8.51402,47.35825,4.895599842
8.51492,47.35825,3.1177001
8.51582,47.35825,2.239099979
8.51672,47.35825,2.492399931
8.51762,47.35825,3.133899927
8.51852,47.35825,3.550400019
8.51941,47.35825,3.474699974
8.52031,47.35825,2.799700022
8.52121,47.35825,1.833600044
8.52211,47.35825,0.924799979
8.52301,47.35825,0.480800003
8.52391,47.35825,0.839699984
8.5248,47.35825,2.10649991
8.5257,47.35825,4.292200089
8.5266,47.35825,6.302199841
8.5275,47.35825,7.618500233
8.5284,47.35825,7.616099834
8.5293,47.35825,6.38380003
8.53019,47.35825,4.297100067
8.53109,47.35825,2.641400099
8.53199,47.35825,1.282199979
8.53289,47.35825,0.627300024
8.53379,47.35825,0.2667
8.53469,47.35825,0.200399995
8.53558,47.35825,0.079999998
8.53648,47.35825,0
8.53738,47.35825,0
8.53828,47.35825,0
8.53918,47.35825,0
8.54008,47.35825,0
8.54097,47.35825,0
8.54187,47.35825,0
8.54277,47.35825,0
8.54367,47.35825,0
8.54457,47.35825,0
8.54547,47.35825,0
8.54636,47.35825,0
8.54726,47.35825,0
8.54816,47.35825,0
8.54906,47.35825,0
8.54996,47.35825,0.075000003
8.55086,47.35825,0.578800023
8.55175,47.35825,1.243399978
8.55265,47.35825,2.197299957
8.55355,47.35825,3.232000113
8.55445,47.35825,4.290500164
8.55535,47.35825,5.438899994
8.55625,47.35825,6.400499821
8.55714,47.35825,7.099699974
8.55804,47.35825,7.356599808
8.55894,47.35825,6.656099796
8.55984,47.35825,5.483200073
8.56074,47.35825,4.154699802
8.56163,47.35825,2.845900059
8.56253,47.35825,1.948500037
8.56343,47.35825,1.358100057
8.56433,47.35825,0.885100007
8.56523,47.35825,0.678600013
8.56613,47.35825,0.551100016
8.56702,47.35825,0.498600006
8.56792,47.35825,0.53579998
8.56882,47.35825,0.556800008
8.56972,47.35825,0.539099991
8.57062,47.35825,1.06219995
8.57152,47.35825,1.80340004
8.57241,47.35825,2.480200052
8.57331,47.35825,2.904200077
8.57421,47.35825,2.803499937
8.57511,47.35825,2.161600113
8.57601,47.35825,1.448199987
8.57691,47.35825,0.943400025
8.5778,47.35825,1.188799977
8.5787,47.35825,1.97420001
8.5796,47.35825,3.010200024
8.5805,47.35825,4.08010006
8.5814,47.35825,4.749499798
8.5823,47.35825,4.888199806
8.58319,47.35825,4.545199871
8.58409,47.35825,3.844700098
8.58499,47.35825,3.048700094
8.58589,47.35825,2.437700033
8.58679,47.35825,2.203099966
8.58769,47.35825,2.467700005
8.58858,47.35825,2.882499933
8.58948,47.35825,3.37770009
8.59038,47.35825,3.488899946
8.59128,47.35825,3.247800112
8.59218,47.35825,2.637799978
8.59308,47.35825,1.934299946
8.59397,47.35825,1.559299946
8.59487,47.35825,1.702499986
8.59577,47.35825,2.015100002
8.59667,47.35825,2.585700035
8.59757,47.35825,3.460599899
8.59847,47.35825,3.978800058
8.59936,47.35825,4.712800026
8.60026,47.35825,4.969600201
8.60116,47.35825,4.497600079
8.60206,47.35825,3.701900005
8.60296,47.35825,2.67930007
8.60386,47.35825,1.384699941
8.60475,47.35825,0.836300015
8.60565,47.35825,0.527100027
8.60655,47.35825,0.273400009
8.60745,47.35825,0.1294
8.60835,47.35825,0.0513
8.60925,47.35825,0.0274
8.61014,47.35825,0
8.61104,47.35825,0
8.61194,47.35825,0
8.61284,47.35825,0
8.61374,47.35825,0
8.61464,47.35825,0
8.61553,47.35825,0
8.61643,47.35825,0
8.61733,47.35825,0
8.61823,47.35825,0
8.61913,47.35825,0
8.62003,47.35825,0
8.62092,47.35825,0
8.62182,47.35825,0
8.62272,47.35825,0
8.48618,47.35765,0
8.48707,47.35765,0
8.48797,47.35765,0
8.48887,47.35765,0
8.48977,47.35765,0
8.49067,47.35765,0
8.49157,47.35765,0
8.49246,47.35765,0
8.49336,47.35765,0
8.49426,47.35765,0
8.49516,47.35765,0
8.49606,47.35765,0
8.49696,47.35765,0.073200002
8.49785,47.35765,0.196199998
8.49875,47.35765,0.187099993
8.49965,47.35765,0.225799993
8.50055,47.35765,0.139699996
8.50145,47.35765,0.045699999
8.50235,47.35765,0
8.50324,47.35765,0
8.50414,47.35765,0.071400002
8.50504,47.35765,0.534699976
8.50594,47.35765,1.736999989
8.50684,47.35765,3.649300098
8.50774,47.35765,6.017199993
8.50863,47.35765,8.428999901
8.50953,47.35765,9.924900055
8.51043,47.35765,10.82299995
8.51133,47.35765,10.46809959
8.51223,47.35765,9.001700401
8.51313,47.35765,6.804200172
8.51402,47.35765,4.51940012
8.51492,47.35765,2.540499926
8.51582,47.35765,1.624300003
8.51672,47.35765,1.581200004
8.51762,47.35765,1.998200059
8.51852,47.35765,2.351500034
8.51941,47.35765,2.229099989
8.52031,47.35765,1.819499969
8.52121,47.35765,1.174900055
8.52211,47.35765,0.492199987
8.52301,47.35765,0.191300005
8.52391,47.35765,0.59859997
8.5248,47.35765,1.794100046
8.5257,47.35765,3.801000118
8.5266,47.35765,5.623899937
8.5275,47.35765,6.932300091
8.5284,47.35765,6.958099842
8.5293,47.35765,5.875699997
8.53019,47.35765,4.173699856
8.53109,47.35765,2.638600111
8.53199,47.35765,1.438199997
8.53289,47.35765,0.786000013
8.53379,47.35765,0.434899986
8.53469,47.35765,0.165800005
8.53558,47.35765,0.043299999
8.53648,47.35765,0.018300001
8.53738,47.35765,0
8.53828,47.35765,0
8.53918,47.35765,0
8.54008,47.35765,0
8.54097,47.35765,0
8.54187,47.35765,0
8.54277,47.35765,0
8.54367,47.35765,0
8.54457,47.35765,0
8.54547,47.35765,0
8.54636,47.35765,0
8.54726,47.35765,0
8.54816,47.35765,0
8.54906,47.35765,0.0063
8.54996,47.35765,0.040199999
8.55086,47.35765,0.26030001
8.55175,47.35765,0.785600007
8.55265,47.35765,1.566300035
8.55355,47.35765,2.610699892
8.55445,47.35765,3.853800058
8.55535,47.35765,5.260000229
8.55625,47.35765,6.645299912
8.55714,47.35765,7.593100071
8.55804,47.35765,7.786699772
8.55894,47.35765,7.144999981
8.55984,47.35765,5.819099903
8.56074,47.35765,4.398700237
8.56163,47.35765,3.345299959
8.56253,47.35765,2.390300035
8.56343,47.35765,1.738499999
8.56433,47.35765,1.21389997
8.56523,47.35765,0.819999993
8.56613,47.35765,0.534200013
8.56702,47.35765,0.350699991
8.56792,47.35765,0.310499996
8.56882,47.35765,0.269800007
8.56972,47.35765,0.339300007
8.57062,47.35765,0.998399973
8.57152,47.35765,1.929999948
8.57241,47.35765,2.89260006
8.57331,47.35765,3.530100107
8.57421,47.35765,3.425400019
8.57511,47.35765,2.769999981
8.57601,47.35765,1.812700033
8.57691,47.35765,1.019600034
8.5778,47.35765,0.981700003
8.5787,47.35765,1.636000037
8.5796,47.35765,2.465600014
8.5805,47.35765,3.228199959
8.5814,47.35765,3.943099976
8.5823,47.35765,4.144800186
8.58319,47.35765,3.906800032
8.58409,47.35765,3.461899996
8.58499,47.35765,2.842299938
8.58589,47.35765,2.367899895
8.58679,47.35765,2.192399979
8.58769,47.35765,2.158200026
8.58858,47.35765,2.486299992
8.58948,47.35765,2.819900036
8.59038,47.35765,2.89989996
8.59128,47.35765,2.742199898
8.59218,47.35765,2.289200068
8.59308,47.35765,1.742499948
8.59397,47.35765,1.316300035
8.59487,47.35765,1.344499946
8.59577,47.35765,1.863999963
8.59667,47.35765,2.647099972
8.59757,47.35765,3.543299913
8.59847,47.35765,4.7020998
8.59936,47.35765,5.546899796
8.60026,47.35765,5.854899883
8.60116,47.35765,5.486599922
8.60206,47.35765,4.748300076
8.60296,47.35765,3.587899923
8.60386,47.35765,2.471699953
8.60475,47.35765,1.353500009
8.60565,47.35765,0.813300014
8.60655,47.35765,0.548099995
8.60745,47.35765,0.282000005
8.60835,47.35765,0.101999998
8.60925,47.35765,0.039900001
8.61014,47.35765,0
8.61104,47.35765,0
8.61194,47.35765,0
8.61284,47.35765,0
8.61374,47.35765,0
8.61464,47.35765,0
8.61553,47.35765,0
8.61643,47.35765,0
8.61733,47.35765,0
8.61823,47.35765,0
8.61913,47.35765,0
8.62003,47.35765,0
8.62092,47.35765,0
8.62182,47.35765,0
8.62272,47.35765,0
8.62362,47.35765,0
8.48528,47.35704,0
8.48618,47.35704,0
8.48707,47.35704,0
8.48797,47.35704,0
8.48887,47.35704,0
8.48977,47.35704,0
8.49067,47.35704,0
8.49157,47.35704,0
8.49246,47.35704,0
8.49336,47.35704,0
8.49426,47.35704,0
8.49516,47.35704,0
8.49606,47.35704,0
8.49696,47.35704,0
8.49785,47.35704,0
8.49875,47.35704,0.050299998
8.49965,47.35704,0.031399999
8.50055,47.35704,0
8.50145,47.35704,0
8.50235,47.35704,0
8.50324,47.35704,0
8.50414,47.35704,0.0063
8.50504,47.35704,0.225899994
8.50594,47.35704,1.00880003
8.50684,47.35704,2.740700006
8.50774,47.35704,4.682300091
8.50863,47.35704,6.843800068
8.50953,47.35704,8.728599548
8.51043,47.35704,9.704000473
8.51133,47.35704,9.583200455
8.51223,47.35704,8.404999733
8.51313,47.35704,6.095499992
8.51402,47.35704,3.895699978
8.51492,47.35704,2.057699919
8.51582,47.35704,0.960500002
8.51672,47.35704,0.844900012
8.51762,47.35704,0.957400024
8.51852,47.35704,1.14380002
8.51941,47.35704,1.168799996
8.52031,47.35704,0.895299971
8.52121,47.35704,0.450300008
8.52211,47.35704,0.163399994
8.52301,47.35704,0.040600002
8.52391,47.35704,0.458099991
8.5248,47.35704,1.479799986
8.5257,47.35704,3.104199886
8.5266,47.35704,4.963099957
8.5275,47.35704,6.133600235
8.5284,47.35704,6.46969986
8.5293,47.35704,5.68569994
8.53019,47.35704,4.271100044
8.53109,47.35704,2.83949995
8.53199,47.35704,1.714300036
8.53289,47.35704,1.028900027
8.53379,47.35704,0.697700024
8.53469,47.35704,0.312900007
8.53558,47.35704,0.124700002
8.53648,47.35704,0.0266
8.53738,47.35704,0
8.53828,47.35704,0
8.53918,47.35704,0
8.54008,47.35704,0
8.54097,47.35704,0
8.54187,47.35704,0
8.54277,47.35704,0
8.54367,47.35704,0
8.54457,47.35704,0
8.54547,47.35704,0
8.54636,47.35704,0
8.54726,47.35704,0
8.54816,47.35704,0
8.54906,47.35704,0
8.54996,47.35704,0.032200001
8.55086,47.35704,0.150700003
8.55175,47.35704,0.522700012
8.55265,47.35704,1.145099998
8.55355,47.35704,2.156899929
8.55445,47.35704,3.433300018
8.55535,47.35704,4.988900185
8.55625,47.35704,6.577199936
8.55714,47.35704,7.657100201
8.55804,47.35704,8.018899918
8.55894,47.35704,7.452899933
8.55984,47.35704,6.460299969
8.56074,47.35704,4.943099976
8.56163,47.35704,3.698499918
8.56253,47.35704,2.739900112
8.56343,47.35704,2.003499985
8.56433,47.35704,1.424200058
8.56523,47.35704,0.889100015
8.56613,47.35704,0.488200009
8.56702,47.35704,0.295599997
8.56792,47.35704,0.143600002
8.56882,47.35704,0.124899998
8.56972,47.35704,0.347200006
8.57062,47.35704,0.949800014
8.57152,47.35704,1.96329999
8.57241,47.35704,3.021199942
8.57331,47.35704,3.738899946
8.57421,47.35704,3.788500071
8.57511,47.35704,3.180000067
8.57601,47.35704,2.237900019
8.57691,47.35704,1.469599962
8.5778,47.35704,1.124600053
8.5787,47.35704,1.451300025
8.5796,47.35704,1.924900055
8.5805,47.35704,2.479300022
8.5814,47.35704,2.912800074
8.5823,47.35704,3.162699938
8.58319,47.35704,3.084700108
8.58409,47.35704,2.732899904
8.58499,47.35704,2.321399927
8.58589,47.35704,2.080600023
8.58679,47.35704,1.894899964
8.58769,47.35704,1.868600011
8.58858,47.35704,2.023299932
8.58948,47.35704,2.207700014
8.59038,47.35704,2.280699968
8.59128,47.35704,2.106600046
8.59218,47.35704,1.737100005
8.59308,47.35704,1.282400012
8.59397,47.35704,1.055899978
8.59487,47.35704,1.33039999
8.59577,47.35704,1.847000003
8.59667,47.35704,2.680500031
8.59757,47.35704,3.716599941
8.59847,47.35704,5.009399891
8.59936,47.35704,5.997000217
8.60026,47.35704,6.616300106
8.60116,47.35704,6.416600227
8.60206,47.35704,5.770400047
8.60296,47.35704,4.635300159
8.60386,47.35704,3.148600101
8.60475,47.35704,1.864300013
8.60565,47.35704,1.128299952
8.60655,47.35704,0.672900021
8.60745,47.35704,0.415399998
8.60835,47.35704,0.152400002
8.60925,47.35704,0.045200001
8.61014,47.35704,0.0189
8.61104,47.35704,0
8.61194,47.35704,0
8.61284,47.35704,0
8.61374,47.35704,0
8.61464,47.35704,0
8.61553,47.35704,0
8.61643,47.35704,0
8.61733,47.35704,0
8.61823,47.35704,0
8.61913,47.35704,0
8.62003,47.35704,0
8.62092,47.35704,0
8.62182,47.35704,0
8.62272,47.35704,0
8.62362,47.35704,0
8.62452,47.35704,0
8.48618,47.35643,0
8.48707,47.35643,0
8.48797,47.35643,0
8.48887,47.35643,0
8.48977,47.35643,0
8.49067,47.35643,0
8.49157,47.35643,0
8.49246,47.35643,0
8.49336,47.35643,0
8.49426,47.35643,0
8.49516,47.35643,0
8.49606,47.35643,0
8.49696,47.35643,0
8.49785,47.35643,0
8.49875,47.35643,0
8.49965,47.35643,0
8.50055,47.35643,0
8.50145,47.35643,0
8.50235,47.35643,0.050299998
8.50324,47.35643,0
8.50414,47.35643,0
8.50504,47.35643,0.140200004
8.50594,47.35643,0.616900027
8.50684,47.35643,1.863399982
8.50774,47.35643,3.663399935
8.50863,47.35643,5.516200066
8.50953,47.35643,7.453100204
8.51043,47.35643,8.569399834
8.51133,47.35643,8.55039978
8.51223,47.35643,7.425199986
8.51313,47.35643,5.360300064
8.51402,47.35643,3.443799973
8.51492,47.35643,1.809499979
8.51582,47.35643,0.601599991
8.51672,47.35643,0.242599994
8.51762,47.35643,0.242699996
8.51852,47.35643,0.356700003
8.51941,47.35643,0.287400007
8.52031,47.35643,0.218999997
8.52121,47.35643,0.0407
8.52211,47.35643,0.0091
8.52301,47.35643,0.044
8.52391,47.35643,0.3565
8.5248,47.35643,1.254600048
8.5257,47.35643,2.796499968
8.5266,47.35643,4.423099995
8.5275,47.35643,5.682700157
8.5284,47.35643,6.084000111
8.5293,47.35643,5.515200138
8.53019,47.35643,4.480100155
8.53109,47.35643,3.201499939
8.53199,47.35643,2.078099966
8.53289,47.35643,1.427899957
8.53379,47.35643,0.863799989
8.53469,47.35643,0.459300011
8.53558,47.35643,0.158399999
8.53648,47.35643,0.036400001
8.53738,47.35643,0.0126
8.53828,47.35643,0
8.53918,47.35643,0
8.54008,47.35643,0
8.54097,47.35643,0
8.54187,47.35643,0
8.54277,47.35643,0
8.54367,47.35643,0
8.54457,47.35643,0
8.54547,47.35643,0
8.54636,47.35643,0
8.54726,47.35643,0
8.54816,47.35643,0
8.54906,47.35643,0
8.54996,47.35643,0.0091
8.55086,47.35643,0.093599997
8.55175,47.35643,0.260399997
8.55265,47.35643,0.769900024
8.55355,47.35643,1.630599976
8.55445,47.35643,2.905400038
8.55535,47.35643,4.577799797
8.55625,47.35643,6.396299839
8.55714,47.35643,7.622399807
8.55804,47.35643,8.271400452
8.55894,47.35643,7.845200062
8.55984,47.35643,6.780099869
8.56074,47.35643,5.348599911
8.56163,47.35643,4.029200077
8.56253,47.35643,2.953999996
8.56343,47.35643,2.227400064
8.56433,47.35643,1.578600049
8.56523,47.35643,0.936200023
8.56613,47.35643,0.490200013
8.56702,47.35643,0.176100001
8.56792,47.35643,0.083499998
8.56882,47.35643,0.0309
8.56972,47.35643,0.135700002
8.57062,47.35643,0.707099974
8.57152,47.35643,1.650699973
8.57241,47.35643,2.70600009
8.57331,47.35643,3.489799976
8.57421,47.35643,3.616100073
8.57511,47.35643,3.230000019
8.57601,47.35643,2.500299931
8.57691,47.35643,1.746799946
8.5778,47.35643,1.363299966
8.5787,47.35643,1.417999983
8.5796,47.35643,1.606699944
8.5805,47.35643,1.821400046
8.5814,47.35643,1.962599993
8.5823,47.35643,2.134000063
8.58319,47.35643,2.072799921
8.58409,47.35643,1.922000051
8.58499,47.35643,1.71239996
8.58589,47.35643,1.58130002
8.58679,47.35643,1.433300018
8.58769,47.35643,1.378700018
8.58858,47.35643,1.327700019
8.58948,47.35643,1.414399982
8.59038,47.35643,1.425099969
8.59128,47.35643,1.290899992
8.59218,47.35643,1.050300002
8.59308,47.35643,0.825699985
8.59397,47.35643,0.754999995
8.59487,47.35643,1.071699977
8.59577,47.35643,1.781100035
8.59667,47.35643,2.621700048
8.59757,47.35643,3.985500097
8.59847,47.35643,5.117400169
8.59936,47.35643,6.120600224
8.60026,47.35643,6.857699871
8.60116,47.35643,6.961299896
8.60206,47.35643,6.362400055
8.60296,47.35643,5.220399857
8.60386,47.35643,3.776299953
8.60475,47.35643,2.545000076
8.60565,47.35643,1.458199978
8.60655,47.35643,0.780399978
8.60745,47.35643,0.431600004
8.60835,47.35643,0.183400005
8.60925,47.35643,0.058800001
8.61014,47.35643,0
8.61104,47.35643,0
8.61194,47.35643,0
8.61284,47.35643,0
8.61374,47.35643,0
8.61464,47.35643,0
8.61553,47.35643,0
8.61643,47.35643,0
8.61733,47.35643,0
8.61823,47.35643,0
8.61913,47.35643,0
8.62003,47.35643,0
8.62092,47.35643,0
8.62182,47.35643,0
8.62272,47.35643,0
8.62362,47.35643,0
8.62452,47.35643,0
8.62542,47.35643,0
8.48618,47.35582,0
8.48707,47.35582,0
8.48797,47.35582,0
8.48887,47.35582,0
8.48977,47.35582,0
8.49067,47.35582,0
8.49157,47.35582,0
8.49246,47.35582,0
8.49336,47.35582,0
8.49426,47.35582,0
8.49516,47.35582,0
8.49606,47.35582,0
8.49696,47.35582,0
8.49785,47.35582,0
8.49875,47.35582,0
8.49965,47.35582,0
8.50055,47.35582,0.073200002
8.50145,47.35582,0.106399998
8.50235,47.35582,0.1206
8.50324,47.35582,0.106399998
8.50414,47.35582,0.073200002
8.50504,47.35582,0.0091
8.50594,47.35582,0.381000012
8.50684,47.35582,1.172099948
8.50774,47.35582,2.577800035
8.50863,47.35582,4.364600182
8.50953,47.35582,6.10010004
8.51043,47.35582,7.147799969
8.51133,47.35582,7.276899815
8.51223,47.35582,6.265299797
8.51313,47.35582,4.734300137
8.51402,47.35582,2.989700079
8.51492,47.35582,1.387799978
8.51582,47.35582,0.500999987
8.51672,47.35582,0.098499998
8.51762,47.35582,0.0251
8.51852,47.35582,0.056600001
8.51941,47.35582,0.0189
8.52031,47.35582,0.0063
8.52121,47.35582,0
8.52211,47.35582,0
8.52301,47.35582,0.044
8.52391,47.35582,0.336600006
8.5248,47.35582,1.057800055
8.5257,47.35582,2.437400103
8.5266,47.35582,4.127200127
8.5275,47.35582,5.366600037
8.5284,47.35582,5.952300072
8.5293,47.35582,5.708099842
8.53019,47.35582,4.704400063
8.53109,47.35582,3.502899885
8.53199,47.35582,2.459599972
8.53289,47.35582,1.646900058
8.53379,47.35582,0.921599984
8.53469,47.35582,0.450899988
8.53558,47.35582,0.182099998
8.53648,47.35582,0.051800001
8.53738,47.35582,0
8.53828,47.35582,0
8.53918,47.35582,0
8.54008,47.35582,0
8.54097,47.35582,0
8.54187,47.35582,0
8.54277,47.35582,0
8.54367,47.35582,0
8.54457,47.35582,0
8.54547,47.35582,0
8.54636,47.35582,0
8.54726,47.35582,0
8.54816,47.35582,0
8.54906,47.35582,0
8.54996,47.35582,0
8.55086,47.35582,0.036600001
8.55175,47.35582,0.113700002
8.55265,47.35582,0.41839999
8.55355,47.35582,1.134299994
8.55445,47.35582,2.34739995
8.55535,47.35582,3.784199953
8.55625,47.35582,5.539700031
8.55714,47.35582,7.142300129
8.55804,47.35582,7.903999805
8.55894,47.35582,7.842599869
8.55984,47.35582,7.024799824
8.56074,47.35582,5.754099846
8.56163,47.35582,4.401800156
8.56253,47.35582,3.209899902
8.56343,47.35582,2.237999916
8.56433,47.35582,1.491099954
8.56523,47.35582,0.862600029
8.56613,47.35582,0.477400005
8.56702,47.35582,0.237299994
8.56792,47.35582,0.069600001
8.56882,47.35582,0.101300001
8.56972,47.35582,0.045699999
8.57062,47.35582,0.479799986
8.57152,47.35582,1.172999978
8.57241,47.35582,2.028899908
8.57331,47.35582,2.684299946
8.57421,47.35582,2.969300032
8.57511,47.35582,2.885200024
8.57601,47.35582,2.470400095
8.57691,47.35582,1.963400006
8.5778,47.35582,1.624500036
8.5787,47.35582,1.514600039
8.5796,47.35582,1.472800016
8.5805,47.35582,1.39989996
8.5814,47.35582,1.427299976
8.5823,47.35582,1.395900011
8.58319,47.35582,1.322700024
8.58409,47.35582,1.236299992
8.58499,47.35582,1.038900018
8.58589,47.35582,0.947600007
8.58679,47.35582,0.893100023
8.58769,47.35582,0.878300011
8.58858,47.35582,0.870899975
8.58948,47.35582,0.870299995
8.59038,47.35582,0.777499974
8.59128,47.35582,0.67110002
8.59218,47.35582,0.533100009
8.59308,47.35582,0.395799994
8.59397,47.35582,0.429699987
8.59487,47.35582,0.836700022
8.59577,47.35582,1.595999956
8.59667,47.35582,2.466099977
8.59757,47.35582,3.363199949
8.59847,47.35582,4.683400154
8.59936,47.35582,5.708000183
8.60026,47.35582,6.414000034
8.60116,47.35582,6.6322999
8.60206,47.35582,6.288199902
8.60296,47.35582,5.182199955
8.60386,47.35582,3.898799896
8.60475,47.35582,2.375
8.60565,47.35582,1.455199957
8.60655,47.35582,0.755800009
8.60745,47.35582,0.38409999
8.60835,47.35582,0.131400004
8.60925,47.35582,0.0337
8.61014,47.35582,0
8.61104,47.35582,0
8.61194,47.35582,0
8.61284,47.35582,0
8.61374,47.35582,0
8.61464,47.35582,0
8.61553,47.35582,0
8.61643,47.35582,0
8.61733,47.35582,0
8.61823,47.35582,0
8.61913,47.35582,0
8.62003,47.35582,0
8.62092,47.35582,0
8.62182,47.35582,0
8.62272,47.35582,0
8.62362,47.35582,0
8.62452,47.35582,0
8.62542,47.35582,0
8.48707,47.35521,0
8.48797,47.35521,0
8.48887,47.35521,0
8.48977,47.35521,0
8.49067,47.35521,0
8.49157,47.35521,0
8.49246,47.35521,0
8.49336,47.35521,0
8.49426,47.35521,0
8.49516,47.35521,0
8.49606,47.35521,0
8.49696,47.35521,0
8.49785,47.35521,0
8.49875,47.35521,0
8.49965,47.35521,0.073200002
8.50055,47.35521,0.136700004
8.50145,47.35521,0.198899999
8.50235,47.35521,0.225299999
8.50324,47.35521,0.198899999
8.50414,47.35521,0.136700004
8.50504,47.35521,0.073200002
8.50594,47.35521,0.100599997
8.50684,47.35521,0.66140002
8.50774,47.35521,1.739500046
8.50863,47.35521,3.022200108
8.50953,47.35521,4.631599903
8.51043,47.35521,5.518799782
8.51133,47.35521,5.740200043
8.51223,47.35521,5.135000229
8.51313,47.35521,3.749200106
8.51402,47.35521,2.235300064
8.51492,47.35521,1.049700022
8.51582,47.35521,0.280000001
8.51672,47.35521,0.025900001
8.51762,47.35521,0
8.51852,47.35521,0
8.51941,47.35521,0
8.52031,47.35521,0
8.52121,47.35521,0
8.52211,47.35521,0
8.52301,47.35521,0.0063
8.52391,47.35521,0.228799999
8.5248,47.35521,0.995999992
8.5257,47.35521,2.128200054
8.5266,47.35521,3.672499895
8.5275,47.35521,4.895999908
8.5284,47.35521,5.774000168
8.5293,47.35521,5.513700008
8.53019,47.35521,4.833300114
8.53109,47.35521,3.627500057
8.53199,47.35521,2.638400078
8.53289,47.35521,1.731699944
8.53379,47.35521,1.002400041
8.53469,47.35521,0.394899994
8.53558,47.35521,0.169799998
8.53648,47.35521,0.037099998
8.53738,47.35521,0
8.53828,47.35521,0
8.53918,47.35521,0
8.54008,47.35521,0
8.54097,47.35521,0
8.54187,47.35521,0
8.54277,47.35521,0
8.54367,47.35521,0
8.54457,47.35521,0
8.54547,47.35521,0
8.54636,47.35521,0
8.54726,47.35521,0
8.54816,47.35521,0
8.54906,47.35521,0
8.54996,47.35521,0
8.55086,47.35521,0
8.55175,47.35521,0.039999999
8.55265,47.35521,0.182999998
8.55355,47.35521,0.617900014
8.55445,47.35521,1.443799973
8.55535,47.35521,2.864000082
8.55625,47.35521,4.331500053
8.55714,47.35521,5.877699852
8.55804,47.35521,6.887300015
8.55894,47.35521,7.168000221
8.55984,47.35521,6.572800159
8.56074,47.35521,5.585499763
8.56163,47.35521,4.402299881
8.56253,47.35521,3.257800102
8.56343,47.35521,2.171099901
8.56433,47.35521,1.416900039
8.56523,47.35521,0.853200018
8.56613,47.35521,0.484100014
8.56702,47.35521,0.479000002
8.56792,47.35521,0.382200003
8.56882,47.35521,0.353100002
8.56972,47.35521,0.254299998
8.57062,47.35521,0.305799991
8.57152,47.35521,0.637199998
8.57241,47.35521,1.294700027
8.57331,47.35521,1.797399998
8.57421,47.35521,2.160900116
8.57511,47.35521,2.205800056
8.57601,47.35521,1.991099954
8.57691,47.35521,1.827499986
8.5778,47.35521,1.689499974
8.5787,47.35521,1.490399957
8.5796,47.35521,1.375699997
8.5805,47.35521,1.210299969
8.5814,47.35521,1.057600021
8.5823,47.35521,0.915499985
8.58319,47.35521,0.861000001
8.58409,47.35521,0.708000004
8.58499,47.35521,0.718400002
8.58589,47.35521,0.524800003
8.58679,47.35521,0.452100009
8.58769,47.35521,0.459100008
8.58858,47.35521,0.452499986
8.58948,47.35521,0.440200001
8.59038,47.35521,0.367000014
8.59128,47.35521,0.258599997
8.59218,47.35521,0.222299993
8.59308,47.35521,0.158800006
8.59397,47.35521,0.174700007
8.59487,47.35521,0.522499979
8.59577,47.35521,1.197199941
8.59667,47.35521,2.018199921
8.59757,47.35521,2.913100004
8.59847,47.35521,3.844399929
8.59936,47.35521,4.670000076
8.60026,47.35521,5.414899826
8.60116,47.35521,5.470900059
8.60206,47.35521,5.224100113
8.60296,47.35521,4.581399918
8.60386,47.35521,3.413199902
8.60475,47.35521,2.154599905
8.60565,47.35521,1.24849999
8.60655,47.35521,0.615800023
8.60745,47.35521,0.273799986
8.60835,47.35521,0.0682
8.60925,47.35521,0
8.61014,47.35521,0
8.61104,47.35521,0
8.61194,47.35521,0
8.61284,47.35521,0
8.61464,47.35521,0
8.61553,47.35521,0
8.61823,47.35521,0
8.61913,47.35521,0
8.62003,47.35521,0
8.62092,47.35521,0
8.62182,47.35521,0
8.62272,47.35521,0
8.62362,47.35521,0
8.62452,47.35521,0
8.62542,47.35521,0
8.48797,47.3546,0
8.48887,47.3546,0
8.48977,47.3546,0
8.49067,47.3546,0
8.49157,47.3546,0
8.49246,47.3546,0
8.49336,47.3546,0
8.49426,47.3546,0
8.49516,47.3546,0
8.49606,47.3546,0
8.49696,47.3546,0
8.49785,47.3546,0
8.49875,47.3546,0
8.49965,47.3546,0.106399998
8.50055,47.3546,0.198899999
8.50145,47.3546,0.289400011
8.50235,47.3546,0.327899992
8.50324,47.3546,0.289400011
8.50414,47.3546,0.198899999
8.50504,47.3546,0.106399998
8.50594,47.3546,0.0126
8.50684,47.3546,0.355800003
8.50774,47.3546,1.105499983
8.50863,47.3546,2.042599916
8.50953,47.3546,3.230200052
8.51043,47.3546,3.984600067
8.51133,47.3546,4.184500217
8.51223,47.3546,3.648699999
8.51313,47.3546,2.616899967
8.51402,47.3546,1.487499952
8.51492,47.3546,0.693000019
8.51582,47.3546,0.129999995
8.51672,47.3546,0.0091
8.51762,47.3546,0
8.51852,47.3546,0
8.51941,47.3546,0
8.52031,47.3546,0
8.52121,47.3546,0
8.52211,47.3546,0
8.52301,47.3546,0
8.52391,47.3546,0.1087
8.5248,47.3546,0.785899997
8.5257,47.3546,1.8046
8.5266,47.3546,3.169199944
8.5275,47.3546,4.478199959
8.5284,47.3546,5.422399998
8.5293,47.3546,5.393000126
8.53019,47.3546,4.848999977
8.53109,47.3546,3.690500021
8.53199,47.3546,2.63470006
8.53289,47.3546,1.681100011
8.53379,47.3546,0.808099985
8.53469,47.3546,0.381700009
8.53558,47.3546,0.139300004
8.53648,47.3546,0.0091
8.53738,47.3546,0
8.53828,47.3546,0
8.53918,47.3546,0
8.54008,47.3546,0
8.54097,47.3546,0
8.54187,47.3546,0
8.54277,47.3546,0
8.54367,47.3546,0
8.54457,47.3546,0
8.54547,47.3546,0
8.54636,47.3546,0
8.54726,47.3546,0
8.54816,47.3546,0
8.54906,47.3546,0
8.54996,47.3546,0
8.55086,47.3546,0
8.55175,47.3546,0
8.55265,47.3546,0.0449
8.55355,47.3546,0.293099999
8.55445,47.3546,0.782299995
8.55535,47.3546,1.681499958
8.55625,47.3546,2.86590004
8.55714,47.3546,4.191100121
8.55804,47.3546,5.136300087
8.55894,47.3546,5.858099937
8.55984,47.3546,5.723999977
8.56074,47.3546,5.10710001
8.56163,47.3546,4.111899853
8.56253,47.3546,3.00180006
8.56343,47.3546,2.058300018
8.56433,47.3546,1.325500011
8.56523,47.3546,0.780099988
8.56613,47.3546,0.742399991
8.56702,47.3546,0.741599977
8.56792,47.3546,0.799399972
8.56882,47.3546,0.902999997
8.56972,47.3546,0.674399972
8.57062,47.3546,0.42899999
8.57152,47.3546,0.39289999
8.57241,47.3546,0.558099985
8.57331,47.3546,0.888800025
8.57421,47.3546,1.113000035
8.57511,47.3546,1.288699985
8.57601,47.3546,1.377900004
8.57691,47.3546,1.473899961
8.5778,47.3546,1.501000047
8.5787,47.3546,1.352300048
8.5796,47.3546,1.26849997
8.5805,47.3546,1.069700003
8.5814,47.3546,0.901499987
8.5823,47.3546,0.741999984
8.58319,47.3546,0.760800004
8.58409,47.3546,0.713800013
8.58499,47.3546,0.583899975
8.58589,47.3546,0.399500012
8.58679,47.3546,0.286599994
8.58769,47.3546,0.170100003
8.58858,47.3546,0.174099997
8.58948,47.3546,0.151800007
8.59038,47.3546,0.098200001
8.59128,47.3546,0.046300001
8.59218,47.3546,0.0251
8.59308,47.3546,0.025900001
8.59397,47.3546,0.0374
8.59487,47.3546,0.248999998
8.59577,47.3546,0.769200027
8.59667,47.3546,1.363299966
8.59757,47.3546,2.047699928
8.59847,47.3546,2.535099983
8.59936,47.3546,3.3052001
8.60026,47.3546,3.867899895
8.60116,47.3546,4.050899982
8.60206,47.3546,3.885299921
8.60296,47.3546,3.430799961
8.60386,47.3546,2.375
8.60475,47.3546,1.543499947
8.60565,47.3546,0.879800022
8.60745,47.3546,0.081100002
8.60835,47.3546,0.0091
8.60925,47.3546,0
8.61014,47.3546,0
8.61104,47.3546,0
8.61194,47.3546,0
8.62182,47.3546,0
8.62272,47.3546,0
8.48797,47.35399,0
8.48887,47.35399,0
8.48977,47.35399,0
8.49067,47.35399,0
8.49157,47.35399,0
8.49246,47.35399,0
8.49336,47.35399,0
8.49426,47.35399,0
8.49516,47.35399,0
8.49606,47.35399,0
8.49696,47.35399,0
8.49785,47.35399,0
8.49875,47.35399,0.050299998
8.49965,47.35399,0.1206
8.50055,47.35399,0.225299999
8.50145,47.35399,0.327899992
8.50235,47.35399,0.371499985
8.50324,47.35399,0.327899992
8.50414,47.35399,0.225299999
8.50504,47.35399,0.1206
8.50594,47.35399,0.0691
8.50684,47.35399,0.091399997
8.50774,47.35399,0.507600009
8.50863,47.35399,1.23269999
8.50953,47.35399,1.914199948
8.51043,47.35399,2.472500086
8.51133,47.35399,2.642800093
8.51223,47.35399,2.230200052
8.51313,47.35399,1.554800034
8.51402,47.35399,0.851800025
8.51492,47.35399,0.26030001
8.51582,47.35399,0.0274
8.51672,47.35399,0
8.51762,47.35399,0
8.51852,47.35399,0
8.51941,47.35399,0
8.52031,47.35399,0
8.52121,47.35399,0
8.52211,47.35399,0
8.52301,47.35399,0
8.52391,47.35399,0.097099997
8.5248,47.35399,0.532000005
8.5257,47.35399,1.421000004
8.5266,47.35399,2.773400068
8.5275,47.35399,4.153699875
8.5284,47.35399,5.061600208
8.5293,47.35399,5.302700043
8.53019,47.35399,4.778299809
8.53109,47.35399,3.954099894
8.53199,47.35399,2.708899975
8.53289,47.35399,1.760200024
8.53379,47.35399,0.935800016
8.53469,47.35399,0.447699994
8.53558,47.35399,0.107600003
8.53648,47.35399,0.0133
8.53738,47.35399,0
8.53828,47.35399,0
8.53918,47.35399,0
8.54008,47.35399,0
8.54097,47.35399,0
8.54187,47.35399,0
8.54277,47.35399,0
8.54367,47.35399,0
8.54457,47.35399,0
8.54547,47.35399,0
8.54636,47.35399,0
8.54726,47.35399,0
8.54816,47.35399,0
8.54906,47.35399,0
8.54996,47.35399,0
8.55086,47.35399,0
8.55175,47.35399,0
8.55265,47.35399,0.018300001
8.55355,47.35399,0.089000002
8.55445,47.35399,0.245299995
8.55535,47.35399,0.767799973
8.55625,47.35399,1.531399965
8.55714,47.35399,2.515599966
8.55804,47.35399,3.448400021
8.55894,47.35399,4.177400112
8.55984,47.35399,4.37169981
8.56074,47.35399,4.088500023
8.56163,47.35399,3.467000008
8.56253,47.35399,2.670200109
8.56343,47.35399,1.839599967
8.56433,47.35399,1.292999983
8.56523,47.35399,0.939100027
8.56613,47.35399,0.949699998
8.56702,47.35399,1.228099942
8.56792,47.35399,1.488199949
8.56882,47.35399,1.570299983
8.56972,47.35399,1.366299987
8.57062,47.35399,0.949299991
8.57152,47.35399,0.462500006
8.57241,47.35399,0.254200011
8.57331,47.35399,0.404399991
8.57421,47.35399,0.460700005
8.57511,47.35399,0.634899974
8.57601,47.35399,0.784099996
8.57691,47.35399,0.98119998
8.5778,47.35399,1.089100003
8.5787,47.35399,1.164000034
8.5796,47.35399,1.135200024
8.5805,47.35399,1.026499987
8.5814,47.35399,0.878600001
8.5823,47.35399,0.887700021
8.58319,47.35399,0.850300014
8.58409,47.35399,0.848399997
8.58499,47.35399,0.727900028
8.58589,47.35399,0.535000026
8.58679,47.35399,0.287699997
8.58769,47.35399,0.156000003
8.58858,47.35399,0.031399999
8.58948,47.35399,0.0189
8.59038,47.35399,0
8.59128,47.35399,0
8.59308,47.35399,0.0091
8.59397,47.35399,0.017100001
8.59487,47.35399,0.070600003
8.59577,47.35399,0.314799994
8.59667,47.35399,0.684099972
8.59757,47.35399,1.114500046
8.59847,47.35399,1.471500039
8.59936,47.35399,1.684499979
8.60026,47.35399,1.9648
8.60116,47.35399,2.3901999
8.60206,47.35399,2.187900066
8.60296,47.35399,1.880200028
8.60386,47.35399,1.460600019
8.60475,47.35399,0.940900028
8.48797,47.35339,0
8.48887,47.35339,0
8.48977,47.35339,0
8.49067,47.35339,0
8.49157,47.35339,0
8.49246,47.35339,0
8.49336,47.35339,0
8.49426,47.35339,0
8.49516,47.35339,0
8.49606,47.35339,0
8.49696,47.35339,0
8.49785,47.35339,0
8.49875,47.35339,0
8.49965,47.35339,0.106399998
8.50055,47.35339,0.198899999
8.50145,47.35339,0.289400011
8.50235,47.35339,0.327899992
8.50324,47.35339,0.289400011
8.50414,47.35339,0.198899999
8.50504,47.35339,0.106399998
8.50594,47.35339,0.0063
8.50684,47.35339,0.073299997
8.50774,47.35339,0.25999999
8.50863,47.35339,0.621100008
8.50953,47.35339,1.050300002
8.51043,47.35339,1.337299943
8.51133,47.35339,1.294800043
8.51223,47.35339,1.21239996
8.51313,47.35339,0.730300009
8.51402,47.35339,0.337799996
8.51492,47.35339,0.064000003
8.51582,47.35339,0
8.51672,47.35339,0
8.51762,47.35339,0
8.51852,47.35339,0
8.51941,47.35339,0
8.52031,47.35339,0
8.52121,47.35339,0
8.52211,47.35339,0
8.52301,47.35339,0
8.52391,47.35339,0.0251
8.5248,47.35339,0.31400001
8.5257,47.35339,1.123399973
8.5266,47.35339,2.251399994
8.5275,47.35339,3.635699987
8.5284,47.35339,4.694600105
8.5293,47.35339,5.196800232
8.53019,47.35339,4.970499992
8.53109,47.35339,4.125500202
8.53199,47.35339,3.071899891
8.53289,47.35339,2.153599977
8.53379,47.35339,1.254799962
8.53469,47.35339,0.675999999
8.53558,47.35339,0.263099998
8.53648,47.35339,0.052200001
8.53738,47.35339,0.0063
8.53828,47.35339,0
8.53918,47.35339,0
8.54008,47.35339,0
8.54097,47.35339,0
8.54187,47.35339,0
8.54277,47.35339,0
8.54367,47.35339,0
8.54457,47.35339,0
8.54547,47.35339,0
8.54636,47.35339,0
8.54726,47.35339,0
8.54816,47.35339,0
8.54906,47.35339,0
8.54996,47.35339,0
8.55086,47.35339,0
8.55175,47.35339,0
8.55265,47.35339,0
8.55355,47.35339,0.018300001
8.55445,47.35339,0.063199997
8.55535,47.35339,0.205699995
8.55625,47.35339,0.558499992
8.55714,47.35339,1.186200023
8.55804,47.35339,1.858899951
8.55894,47.35339,2.416500092
8.55984,47.35339,2.868000031
8.56074,47.35339,2.886899948
8.56163,47.35339,2.652499914
8.56253,47.35339,2.197000027
8.56343,47.35339,1.78579998
8.56433,47.35339,1.416399956
8.56523,47.35339,1.2148
8.56613,47.35339,1.366600037
8.56702,47.35339,1.684700012
8.56792,47.35339,2.006999969
8.56882,47.35339,2.156899929
8.56972,47.35339,1.930799961
8.57062,47.35339,1.41779995
8.57152,47.35339,0.842199981
8.57241,47.35339,0.350800008
8.57331,47.35339,0.156800002
8.57421,47.35339,0.142399997
8.57511,47.35339,0.252400011
8.57601,47.35339,0.303600013
8.57691,47.35339,0.593100011
8.5778,47.35339,0.73119998
8.5787,47.35339,0.839600027
8.5796,47.35339,0.900900006
8.5805,47.35339,0.871500015
8.5814,47.35339,0.826900005
8.5823,47.35339,0.940900028
8.58319,47.35339,0.952499986
8.58409,47.35339,1.008599997
8.58499,47.35339,0.90170002
8.58589,47.35339,0.667599976
8.58679,47.35339,0.3917
8.59308,47.35339,0
8.59397,47.35339,0.0091
8.59487,47.35339,0.0133
8.59577,47.35339,0.060800001
8.59667,47.35339,0.162100002
8.59757,47.35339,0.379299998
8.59847,47.35339,0.525300026
8.59936,47.35339,0.646200001
8.60026,47.35339,0.834599972
8.60116,47.35339,0.962000012
8.60206,47.35339,1.077600002
8.60296,47.35339,0.956900001
8.60386,47.35339,0.684000015
8.48977,47.35278,0
8.49067,47.35278,0
8.49157,47.35278,0
8.49246,47.35278,0
8.49336,47.35278,0
8.49426,47.35278,0
8.49516,47.35278,0
8.49606,47.35278,0
8.49696,47.35278,0
8.49785,47.35278,0
8.49875,47.35278,0
8.49965,47.35278,0.073200002
8.50055,47.35278,0.136700004
8.50145,47.35278,0.198899999
8.50235,47.35278,0.225299999
8.50324,47.35278,0.198899999
8.50414,47.35278,0.136700004
8.50504,47.35278,0.073200002
8.50594,47.35278,0
8.50684,47.35278,0.0407
8.50774,47.35278,0.103500001
8.50863,47.35278,0.264200002
8.50953,47.35278,0.468199998
8.51043,47.35278,0.622500002
8.51133,47.35278,0.581700027
8.51223,47.35278,0.4921
8.51313,47.35278,0.216299996
8.51402,47.35278,0.045699999
8.51492,47.35278,0
8.51582,47.35278,0
8.51672,47.35278,0
8.51762,47.35278,0
8.51852,47.35278,0
8.51941,47.35278,0
8.52031,47.35278,0
8.52121,47.35278,0
8.52211,47.35278,0
8.52301,47.35278,0
8.52391,47.35278,0
8.5248,47.35278,0.256700009
8.5257,47.35278,0.861899972
8.5266,47.35278,1.937899947
8.5275,47.35278,3.279900074
8.5284,47.35278,4.492599964
8.5293,47.35278,5.183899879
8.53019,47.35278,5.257900238
8.53109,47.35278,4.600699902
8.53199,47.35278,3.654799938
8.53289,47.35278,2.605999947
8.53379,47.35278,1.818500042
8.53469,47.35278,0.968999982
8.53558,47.35278,0.486699998
8.53648,47.35278,0.108599998
8.53738,47.35278,0.018300001
8.53828,47.35278,0
8.53918,47.35278,0
8.54008,47.35278,0
8.54097,47.35278,0
8.54187,47.35278,0
8.54277,47.35278,0
8.54367,47.35278,0
8.54457,47.35278,0
8.54547,47.35278,0
8.54636,47.35278,0
8.54726,47.35278,0
8.54816,47.35278,0
8.54906,47.35278,0
8.54996,47.35278,0
8.55086,47.35278,0
8.55175,47.35278,0
8.55265,47.35278,0
8.55355,47.35278,0
8.55445,47.35278,0
8.55535,47.35278,0.0126
8.55625,47.35278,0.171499997
8.55714,47.35278,0.361200005
8.55804,47.35278,0.791199982
8.55894,47.35278,1.238399982
8.55984,47.35278,1.534199953
8.56074,47.35278,1.66929996
8.56163,47.35278,1.826300025
8.56253,47.35278,1.711500049
8.56343,47.35278,1.628499985
8.56433,47.35278,1.491299987
8.56523,47.35278,1.323199987
8.56613,47.35278,1.638700008
8.56702,47.35278,1.911900043
8.56792,47.35278,2.282999992
8.56882,47.35278,2.455699921
8.56972,47.35278,2.233299971
8.57062,47.35278,1.632500052
8.57152,47.35278,0.997200012
8.57241,47.35278,0.330000013
8.57331,47.35278,0.176599994
8.57421,47.35278,0.113399997
8.57511,47.35278,0.177100003
8.57601,47.35278,0.262699991
8.57691,47.35278,0.441799998
8.5778,47.35278,0.601300001
8.5787,47.35278,0.667200029
8.5796,47.35278,0.697700024
8.5805,47.35278,0.704400003
8.5814,47.35278,0.769999981
8.5823,47.35278,0.806400001
8.58319,47.35278,0.907400012
8.58409,47.35278,0.987100005
8.58499,47.35278,0.934000015
8.58589,47.35278,0.715499997
8.59487,47.35278,0
8.59577,47.35278,0.0063
8.59667,47.35278,0
8.59757,47.35278,0.049699999
8.59847,47.35278,0.097999997
8.59936,47.35278,0.128900006
8.60026,47.35278,0.187399998
8.60116,47.35278,0.324600011
8.60206,47.35278,0.305200011
8.60296,47.35278,0.355199993
8.60386,47.35278,0.232199997
8.49067,47.35217,0
8.49157,47.35217,0
8.49246,47.35217,0
8.49336,47.35217,0
8.49426,47.35217,0
8.49516,47.35217,0
8.49606,47.35217,0
8.49696,47.35217,0
8.49785,47.35217,0
8.49875,47.35217,0
8.49965,47.35217,0
8.50055,47.35217,0.073200002
8.50145,47.35217,0.106399998
8.50235,47.35217,0.1206
8.50324,47.35217,0.106399998
8.50414,47.35217,0.073200002
8.50504,47.35217,0
8.50594,47.35217,0
8.50684,47.35217,0.0091
8.50774,47.35217,0.044500001
8.50863,47.35217,0.073899999
8.50953,47.35217,0.099299997
8.51043,47.35217,0.155300006
8.51133,47.35217,0.145799994
8.51223,47.35217,0.049699999
8.51313,47.35217,0
8.51402,47.35217,0
8.51492,47.35217,0
8.51582,47.35217,0
8.51672,47.35217,0
8.51762,47.35217,0
8.51852,47.35217,0
8.51941,47.35217,0
8.52031,47.35217,0
8.52121,47.35217,0
8.52211,47.35217,0
8.52301,47.35217,0
8.52391,47.35217,0
8.5248,47.35217,0.182899997
8.5257,47.35217,0.894500017
8.5266,47.35217,1.85710001
8.5275,47.35217,3.272799969
8.5284,47.35217,4.470099926
8.5293,47.35217,5.361199856
8.53019,47.35217,5.409599781
8.53109,47.35217,5.107900143
8.53199,47.35217,4.2645998
8.53289,47.35217,3.259299994
8.53379,47.35217,2.299799919
8.53469,47.35217,1.360000014
8.53558,47.35217,0.710799992
8.53648,47.35217,0.213599995
8.53738,47.35217,0.0266
8.53828,47.35217,0
8.53918,47.35217,0
8.54008,47.35217,0
8.54097,47.35217,0
8.54187,47.35217,0
8.54277,47.35217,0
8.54367,47.35217,0
8.54457,47.35217,0
8.54547,47.35217,0
8.54636,47.35217,0
8.54726,47.35217,0
8.54816,47.35217,0
8.54906,47.35217,0
8.54996,47.35217,0
8.55086,47.35217,0
8.55175,47.35217,0
8.55265,47.35217,0
8.55355,47.35217,0
8.55445,47.35217,0
8.55535,47.35217,0
8.55625,47.35217,0
8.55714,47.35217,0.0823
8.55804,47.35217,0.285400003
8.55894,47.35217,0.398799986
8.55984,47.35217,0.675999999
8.56074,47.35217,0.910899997
8.56163,47.35217,1.135699987
8.56253,47.35217,1.414800048
8.56343,47.35217,1.546300054
8.56433,47.35217,1.547899961
8.56523,47.35217,1.575500011
8.56613,47.35217,1.720199943
8.56702,47.35217,1.8671
8.56792,47.35217,2.207700014
8.56882,47.35217,2.288800001
8.56972,47.35217,2.10800004
8.57062,47.35217,1.558400035
8.57152,47.35217,0.957499981
8.57241,47.35217,0.4824
8.57331,47.35217,0.219500005
8.57421,47.35217,0.259799987
8.57511,47.35217,0.424499989
8.57601,47.35217,0.647499979
8.57691,47.35217,0.73180002
8.5778,47.35217,0.760999978
8.5787,47.35217,0.720000029
8.5796,47.35217,0.653500021
8.5805,47.35217,0.535000026
8.5814,47.35217,0.481599987
8.5823,47.35217,0.624800026
8.58319,47.35217,0.708100021
8.58409,47.35217,0.782999992
8.58499,47.35217,0.736599982
8.60116,47.35217,0.046999998
8.60206,47.35217,0.053599998
8.60296,47.35217,0.115599997
8.60386,47.35217,0.041000001
8.49157,47.35156,0
8.49246,47.35156,0
8.49336,47.35156,0
8.49426,47.35156,0
8.49516,47.35156,0
8.49606,47.35156,0
8.49696,47.35156,0
8.49785,47.35156,0
8.49875,47.35156,0
8.49965,47.35156,0
8.50055,47.35156,0
8.50145,47.35156,0
8.50235,47.35156,0.050299998
8.50324,47.35156,0
8.50414,47.35156,0
8.50504,47.35156,0
8.50594,47.35156,0
8.50684,47.35156,0
8.50774,47.35156,0.0091
8.50863,47.35156,0.0133
8.50953,47.35156,0.0339
8.51043,47.35156,0.0196
8.51133,47.35156,0.0091
8.51223,47.35156,0
8.51313,47.35156,0
8.51402,47.35156,0
8.51492,47.35156,0
8.51582,47.35156,0
8.51672,47.35156,0
8.51762,47.35156,0
8.51852,47.35156,0
8.51941,47.35156,0
8.52031,47.35156,0
8.52121,47.35156,0
8.52211,47.35156,0
8.52301,47.35156,0.036600001
8.52391,47.35156,0.172099993
8.5248,47.35156,0.377900004
8.5257,47.35156,1.047399998
8.5266,47.35156,1.909399986
8.5275,47.35156,3.302900076
8.5284,47.35156,4.396699905
8.5293,47.35156,5.292500019
8.53019,47.35156,5.598999977
8.53109,47.35156,5.39139986
8.53199,47.35156,4.671599865
8.53289,47.35156,3.821500063
8.53379,47.35156,2.69749999
8.53469,47.35156,1.754500031
8.53558,47.35156,0.930100024
8.53648,47.35156,0.318599999
8.53738,47.35156,0.067900002
8.53828,47.35156,0.0126
8.53918,47.35156,0
8.54008,47.35156,0
8.54097,47.35156,0
8.54187,47.35156,0
8.54277,47.35156,0
8.54367,47.35156,0
8.54457,47.35156,0
8.54547,47.35156,0
8.54636,47.35156,0
8.54726,47.35156,0
8.54816,47.35156,0
8.54906,47.35156,0
8.54996,47.35156,0
8.55086,47.35156,0
8.55175,47.35156,0
8.55265,47.35156,0
8.55355,47.35156,0
8.55445,47.35156,0
8.55535,47.35156,0
8.55625,47.35156,0
8.55714,47.35156,0
8.55804,47.35156,0.0274
8.55894,47.35156,0.141599998
8.55984,47.35156,0.232800007
8.56074,47.35156,0.425799996
8.56163,47.35156,0.82980001
8.56253,47.35156,1.116000056
8.56343,47.35156,1.403900027
8.56433,47.35156,1.550799966
8.56523,47.35156,1.529899955
8.56613,47.35156,1.621199965
8.56702,47.35156,1.788800001
8.56792,47.35156,1.922500014
8.56882,47.35156,1.922000051
8.56972,47.35156,1.663400054
8.57062,47.35156,1.203699946
8.57152,47.35156,0.694899976
8.57241,47.35156,0.367599994
8.57331,47.35156,0.328700006
8.57421,47.35156,0.65079999
8.57511,47.35156,0.993900001
8.57601,47.35156,1.241899967
8.57691,47.35156,1.322000027
8.5778,47.35156,1.210899949
8.5787,47.35156,0.924499989
8.5796,47.35156,0.686500013
8.5805,47.35156,0.432900012
8.5814,47.35156,0.303799987
8.5823,47.35156,0.370799989
8.58319,47.35156,0.395300001
8.49246,47.35095,0
8.49336,47.35095,0
8.49426,47.35095,0
8.49516,47.35095,0
8.49606,47.35095,0
8.49696,47.35095,0
8.49785,47.35095,0
8.49875,47.35095,0
8.49965,47.35095,0
8.50055,47.35095,0
8.50145,47.35095,0
8.50235,47.35095,0
8.50324,47.35095,0
8.50414,47.35095,0
8.50504,47.35095,0
8.50594,47.35095,0
8.50684,47.35095,0
8.50774,47.35095,0
8.50863,47.35095,0
8.50953,47.35095,0.0063
8.51043,47.35095,0
8.51133,47.35095,0
8.51223,47.35095,0
8.51313,47.35095,0
8.51402,47.35095,0
8.51492,47.35095,0
8.51582,47.35095,0
8.51672,47.35095,0
8.51762,47.35095,0
8.51852,47.35095,0
8.51941,47.35095,0
8.52031,47.35095,0
8.52121,47.35095,0
8.52211,47.35095,0.036600001
8.52301,47.35095,0.141499996
8.52391,47.35095,0.412400007
8.5248,47.35095,0.842700005
8.5257,47.35095,1.393100023
8.5266,47.35095,2.479099989
8.5275,47.35095,3.286600113
8.5284,47.35095,4.326300144
8.5293,47.35095,5.036900043
8.53019,47.35095,5.311200142
8.53109,47.35095,5.318399906
8.53199,47.35095,4.893899918
8.53289,47.35095,4.109399796
8.53379,47.35095,3.225699902
8.53469,47.35095,2.03489995
8.53558,47.35095,1.090499997
8.53648,47.35095,0.426299989
8.53738,47.35095,0.0392
8.53828,47.35095,0
8.53918,47.35095,0
8.54008,47.35095,0
8.54097,47.35095,0
8.54187,47.35095,0
8.54277,47.35095,0
8.54367,47.35095,0
8.54457,47.35095,0
8.54547,47.35095,0
8.54636,47.35095,0
8.54726,47.35095,0
8.54816,47.35095,0
8.54906,47.35095,0
8.54996,47.35095,0
8.55086,47.35095,0
8.55175,47.35095,0
8.55265,47.35095,0
8.55355,47.35095,0
8.55445,47.35095,0
8.55535,47.35095,0
8.55625,47.35095,0
8.55714,47.35095,0
8.55804,47.35095,0
8.55894,47.35095,0
8.55984,47.35095,0.034299999
8.56074,47.35095,0.200200006
8.56163,47.35095,0.456200004
8.56253,47.35095,0.861100018
8.56343,47.35095,1.230200052
8.56433,47.35095,1.424299955
8.56523,47.35095,1.469499946
8.56613,47.35095,1.48029995
8.56702,47.35095,1.451799989
8.56792,47.35095,1.424200058
8.56882,47.35095,1.370200038
8.56972,47.35095,1.077600002
8.57062,47.35095,0.764100015
8.57152,47.35095,0.522800028
8.57241,47.35095,0.325599998
8.57331,47.35095,0.558799982
8.57421,47.35095,1.057299972
8.57511,47.35095,1.505100012
8.57601,47.35095,1.825000048
8.57691,47.35095,1.869099975
8.5778,47.35095,1.60619998
8.5787,47.35095,1.176599979
8.5796,47.35095,0.70480001
8.5805,47.35095,0.381199986
8.5814,47.35095,0.210899994
8.49336,47.35034,0
8.49426,47.35034,0
8.49516,47.35034,0
8.49606,47.35034,0
8.49696,47.35034,0
8.49785,47.35034,0
8.49875,47.35034,0
8.49965,47.35034,0
8.50055,47.35034,0
8.50145,47.35034,0
8.50235,47.35034,0
8.50324,47.35034,0
8.50414,47.35034,0
8.50504,47.35034,0
8.50594,47.35034,0
8.50684,47.35034,0
8.50774,47.35034,0
8.50863,47.35034,0
8.50953,47.35034,0
8.51043,47.35034,0
8.51133,47.35034,0
8.51223,47.35034,0
8.51313,47.35034,0
8.51402,47.35034,0
8.51492,47.35034,0
8.51582,47.35034,0
8.51672,47.35034,0
8.51762,47.35034,0
8.51852,47.35034,0
8.51941,47.35034,0
8.52031,47.35034,0
8.52121,47.35034,0
8.52211,47.35034,0.053199999
8.52301,47.35034,0.337900013
8.52391,47.35034,0.756200016
8.5248,47.35034,1.399700046
8.5257,47.35034,1.990399957
8.5266,47.35034,2.832700014
8.5275,47.35034,3.636399984
8.5284,47.35034,4.252999783
8.5293,47.35034,4.481699944
8.53019,47.35034,4.877799988
8.53109,47.35034,4.979100227
8.53199,47.35034,4.7979002
8.53289,47.35034,4.277900219
8.53379,47.35034,3.410200119
8.53469,47.35034,2.372100115
8.53558,47.35034,1.271900058
8.53648,47.35034,0.492500007
8.53738,47.35034,0.074900001
8.53828,47.35034,0
8.53918,47.35034,0
8.54008,47.35034,0
8.54097,47.35034,0
8.54187,47.35034,0
8.54277,47.35034,0
8.54367,47.35034,0
8.54457,47.35034,0
8.54547,47.35034,0
8.54636,47.35034,0
8.54726,47.35034,0
8.54816,47.35034,0
8.54906,47.35034,0
8.54996,47.35034,0
8.55086,47.35034,0
8.55175,47.35034,0
8.55265,47.35034,0
8.55355,47.35034,0
8.55445,47.35034,0
8.55535,47.35034,0
8.55625,47.35034,0
8.55714,47.35034,0
8.55804,47.35034,0
8.55894,47.35034,0
8.55984,47.35034,0
8.56074,47.35034,0.092799999
8.56163,47.35034,0.279500008
8.56253,47.35034,0.600199997
8.56343,47.35034,0.921999991
8.56433,47.35034,1.132400036
8.56523,47.35034,1.290099978
8.56613,47.35034,1.287500024
8.56702,47.35034,1.305400014
8.56792,47.35034,1.217900038
8.56882,47.35034,1.004099965
8.56972,47.35034,0.755999982
8.57062,47.35034,0.468899995
8.57152,47.35034,0.1646
8.57241,47.35034,0.279900014
8.57331,47.35034,0.710200012
8.57421,47.35034,1.29460001
8.57511,47.35034,1.854900002
8.57601,47.35034,2.191099882
8.57691,47.35034,2.150399923
8.5778,47.35034,1.77489996
8.5787,47.35034,1.203199983
8.5796,47.35034,0.653500021
8.5805,47.35034,0.271400005
8.49336,47.34973,0
8.49426,47.34973,0
8.49516,47.34973,0
8.49606,47.34973,0
8.49696,47.34973,0
8.49785,47.34973,0
8.49875,47.34973,0
8.49965,47.34973,0
8.50055,47.34973,0
8.50145,47.34973,0
8.50235,47.34973,0
8.50324,47.34973,0
8.50414,47.34973,0
8.50504,47.34973,0
8.50594,47.34973,0
8.50684,47.34973,0
8.50774,47.34973,0
8.50863,47.34973,0
8.50953,47.34973,0
8.51043,47.34973,0
8.51133,47.34973,0
8.51223,47.34973,0
8.51313,47.34973,0
8.51402,47.34973,0
8.51492,47.34973,0
8.51582,47.34973,0
8.51672,47.34973,0
8.51762,47.34973,0
8.51852,47.34973,0
8.51941,47.34973,0
8.52031,47.34973,0
8.52121,47.34973,0.0251
8.52211,47.34973,0.110600002
8.52301,47.34973,0.413399994
8.52391,47.34973,1.058200002
8.5248,47.34973,1.797099948
8.5257,47.34973,2.588500023
8.5266,47.34973,3.346699953
8.5275,47.34973,3.841300011
8.5284,47.34973,4.138500214
8.5293,47.34973,4.133500099
8.53019,47.34973,4.219799995
8.53109,47.34973,4.545300007
8.53199,47.34973,4.565700054
8.53289,47.34973,4.284699917
8.53379,47.34973,3.521899939
8.53469,47.34973,2.505700111
8.53558,47.34973,1.368999958
8.53648,47.34973,0.538600028
8.53738,47.34973,0.115400001
8.53828,47.34973,0
8.53918,47.34973,0
8.54008,47.34973,0
8.54097,47.34973,0
8.54187,47.34973,0
8.54277,47.34973,0
8.54367,47.34973,0
8.54457,47.34973,0
8.54547,47.34973,0
8.54636,47.34973,0
8.54726,47.34973,0
8.54816,47.34973,0
8.54906,47.34973,0
8.54996,47.34973,0
8.55086,47.34973,0
8.55175,47.34973,0
8.55265,47.34973,0
8.55355,47.34973,0
8.55445,47.34973,0
8.55535,47.34973,0
8.55625,47.34973,0
8.55714,47.34973,0
8.55804,47.34973,0
8.55894,47.34973,0
8.55984,47.34973,0
8.56074,47.34973,0.0091
8.56163,47.34973,0.125300005
8.56253,47.34973,0.334100008
8.56343,47.34973,0.592499971
8.56433,47.34973,0.843599975
8.56523,47.34973,1.055400014
8.56613,47.34973,1.133599997
8.56702,47.34973,1.127900004
8.56792,47.34973,0.966199994
8.56882,47.34973,0.837800026
8.56972,47.34973,0.491299987
8.57062,47.34973,0.267699987
8.57152,47.34973,0.160699993
8.57241,47.34973,0.320600003
8.57331,47.34973,0.711099982
8.57421,47.34973,1.288200021
8.57511,47.34973,1.828600049
8.57601,47.34973,2.147200108
8.57691,47.34973,2.068399906
8.5778,47.34973,1.64349997
8.49426,47.34913,0
8.49516,47.34913,0
8.49606,47.34913,0
8.49696,47.34913,0
8.49785,47.34913,0
8.49875,47.34913,0
8.49965,47.34913,0
8.50055,47.34913,0
8.50145,47.34913,0
8.50235,47.34913,0
8.50324,47.34913,0
8.50414,47.34913,0
8.50504,47.34913,0
8.50594,47.34913,0
8.50684,47.34913,0
8.50774,47.34913,0
8.50863,47.34913,0
8.50953,47.34913,0
8.51043,47.34913,0
8.51133,47.34913,0
8.51223,47.34913,0
8.51313,47.34913,0
8.51402,47.34913,0
8.51492,47.34913,0
8.51582,47.34913,0
8.51672,47.34913,0
8.51762,47.34913,0
8.51852,47.34913,0
8.51941,47.34913,0
8.52031,47.34913,0
8.52121,47.34913,0
8.52211,47.34913,0.122400001
8.52301,47.34913,0.443100005
8.52391,47.34913,1.120200038
8.5248,47.34913,2.031399965
8.5257,47.34913,2.86619997
8.5266,47.34913,3.679500103
8.5275,47.34913,3.948499918
8.5284,47.34913,4.179100037
8.5293,47.34913,3.979099989
8.53019,47.34913,3.856300116
8.53109,47.34913,4.13079977
8.53199,47.34913,4.243700027
8.53289,47.34913,3.951100111
8.53379,47.34913,3.448400021
8.53469,47.34913,2.474299908
8.53558,47.34913,1.382799983
8.53648,47.34913,0.549899995
8.53738,47.34913,0.058800001
8.53828,47.34913,0
8.53918,47.34913,0
8.54008,47.34913,0
8.54097,47.34913,0
8.54187,47.34913,0
8.54277,47.34913,0
8.54367,47.34913,0
8.54457,47.34913,0
8.54547,47.34913,0
8.54636,47.34913,0
8.54726,47.34913,0
8.54816,47.34913,0
8.54906,47.34913,0
8.54996,47.34913,0
8.55086,47.34913,0
8.55175,47.34913,0
8.55265,47.34913,0
8.55355,47.34913,0
8.55445,47.34913,0
8.55535,47.34913,0
8.55625,47.34913,0
8.55714,47.34913,0
8.55804,47.34913,0
8.55894,47.34913,0
8.55984,47.34913,0
8.56074,47.34913,0
8.56163,47.34913,0.018300001
8.56253,47.34913,0.111900002
8.56343,47.34913,0.288899988
8.56433,47.34913,0.442799985
8.56523,47.34913,0.724399984
8.56613,47.34913,0.881799996
8.56702,47.34913,0.977400005
8.56792,47.34913,0.910600007
8.56882,47.34913,0.703800023
8.56972,47.34913,0.443399996
8.57062,47.34913,0.207699999
8.57152,47.34913,0.094499998
8.57241,47.34913,0.181600004
8.57331,47.34913,0.563899994
8.57421,47.34913,1.022600055
8.57511,47.34913,1.465800047
8.57601,47.34913,1.71239996
8.49606,47.34852,0
8.49696,47.34852,0
8.49785,47.34852,0
8.49875,47.34852,0
8.49965,47.34852,0
8.50055,47.34852,0
8.50145,47.34852,0
8.50235,47.34852,0
8.50324,47.34852,0
8.50414,47.34852,0
8.50504,47.34852,0
8.50594,47.34852,0
8.50684,47.34852,0
8.50774,47.34852,0
8.50863,47.34852,0
8.50953,47.34852,0
8.51043,47.34852,0
8.51133,47.34852,0
8.51223,47.34852,0
8.51313,47.34852,0
8.51402,47.34852,0
8.51492,47.34852,0
8.51582,47.34852,0
8.51672,47.34852,0
8.51762,47.34852,0
8.51852,47.34852,0
8.51941,47.34852,0
8.52031,47.34852,0
8.52121,47.34852,0
8.52211,47.34852,0.055399999
8.52301,47.34852,0.446200013
8.52391,47.34852,0.986000001
8.5248,47.34852,1.942100048
8.5257,47.34852,2.942500114
8.5266,47.34852,3.81340003
8.5275,47.34852,4.194699764
8.5284,47.34852,4.196899891
8.5293,47.34852,3.908900023
8.53019,47.34852,3.861099958
8.53109,47.34852,3.80250001
8.53199,47.34852,4.011700153
8.53289,47.34852,3.876199961
8.53379,47.34852,3.382800102
8.53469,47.34852,2.359699965
8.53558,47.34852,1.394000053
8.53648,47.34852,0.524699986
8.53738,47.34852,0.082900003
8.53828,47.34852,0.0189
8.53918,47.34852,0
8.54008,47.34852,0
8.54097,47.34852,0
8.54187,47.34852,0
8.54277,47.34852,0
8.54367,47.34852,0
8.54457,47.34852,0
8.54547,47.34852,0
8.54636,47.34852,0
8.54726,47.34852,0
8.54816,47.34852,0
8.54906,47.34852,0
8.54996,47.34852,0
8.55086,47.34852,0
8.55175,47.34852,0
8.55265,47.34852,0
8.55355,47.34852,0
8.55445,47.34852,0
8.55535,47.34852,0
8.55625,47.34852,0
8.55714,47.34852,0
8.55804,47.34852,0
8.55894,47.34852,0
8.55984,47.34852,0
8.56074,47.34852,0
8.56163,47.34852,0
8.56253,47.34852,0.0274
8.56343,47.34852,0.1149
8.56433,47.34852,0.254900008
8.56523,47.34852,0.467099994
8.56613,47.34852,0.632300019
8.56702,47.34852,0.744199991
8.56792,47.34852,0.725499988
8.56882,47.34852,0.579299986
8.56972,47.34852,0.378800005
8.57062,47.34852,0.185399994
8.57152,47.34852,0.076800004
8.57241,47.34852,0.111199997
8.57331,47.34852,0.345200002
8.49606,47.34791,0
8.49696,47.34791,0
8.49785,47.34791,0
8.49875,47.34791,0
8.49965,47.34791,0
8.50055,47.34791,0
8.50145,47.34791,0
8.50235,47.34791,0
8.50324,47.34791,0
8.50414,47.34791,0
8.50504,47.34791,0
8.50594,47.34791,0
8.50684,47.34791,0
8.50774,47.34791,0
8.50863,47.34791,0
8.50953,47.34791,0
8.51043,47.34791,0
8.51133,47.34791,0
8.51223,47.34791,0
8.51313,47.34791,0
8.51402,47.34791,0
8.51492,47.34791,0
8.51582,47.34791,0
8.51672,47.34791,0
8.51762,47.34791,0
8.51852,47.34791,0
8.51941,47.34791,0
8.52031,47.34791,0
8.52121,47.34791,0
8.52211,47.34791,0
8.52301,47.34791,0.189700007
8.52391,47.34791,0.842899978
8.5248,47.34791,1.564599991
8.5257,47.34791,2.631500006
8.5266,47.34791,3.568599939
8.5275,47.34791,4.199399948
8.5284,47.34791,4.221700192
8.5293,47.34791,4.18599987
8.53019,47.34791,3.971600056
8.53109,47.34791,4.03579998
8.53199,47.34791,4.136199951
8.53289,47.34791,3.956500053
8.53379,47.34791,3.533799887
8.53469,47.34791,2.378599882
8.53558,47.34791,1.431100011
8.53648,47.34791,0.488599986
8.53738,47.34791,0.131400004
8.53828,47.34791,0
8.53918,47.34791,0
8.54008,47.34791,0
8.54097,47.34791,0
8.54187,47.34791,0
8.54277,47.34791,0
8.54367,47.34791,0
8.54457,47.34791,0
8.54547,47.34791,0
8.54636,47.34791,0
8.54726,47.34791,0
8.54816,47.34791,0
8.54906,47.34791,0
8.54996,47.34791,0
8.55086,47.34791,0
8.55175,47.34791,0
8.55265,47.34791,0
8.55355,47.34791,0
8.55445,47.34791,0
8.55535,47.34791,0
8.55625,47.34791,0
8.55714,47.34791,0
8.55804,47.34791,0
8.55894,47.34791,0
8.55984,47.34791,0
8.56074,47.34791,0
8.56163,47.34791,0
8.56253,47.34791,0
8.56343,47.34791,0.018300001
8.56433,47.34791,0.073600002
8.56523,47.34791,0.222800002
8.56613,47.34791,0.374900013
8.56792,47.34791,0.48120001
8.56882,47.34791,0.397899985
8.57152,47.34791,0.0133
8.49785,47.3473,0
8.49875,47.3473,0
8.49965,47.3473,0
8.50055,47.3473,0
8.50145,47.3473,0
8.50235,47.3473,0
8.50324,47.3473,0
8.50414,47.3473,0
8.50504,47.3473,0
8.50594,47.3473,0
8.50684,47.3473,0
8.50774,47.3473,0
8.50863,47.3473,0
8.50953,47.3473,0
8.51043,47.3473,0
8.51133,47.3473,0
8.51223,47.3473,0
8.51313,47.3473,0
8.51402,47.3473,0
8.51492,47.3473,0
8.51582,47.3473,0
8.51672,47.3473,0
8.51762,47.3473,0
8.51852,47.3473,0
8.51941,47.3473,0
8.52031,47.3473,0
8.52121,47.3473,0
8.52211,47.3473,0
8.52301,47.3473,0.077699997
8.52391,47.3473,0.50819999
8.5248,47.3473,1.156700015
8.5257,47.3473,2.208600044
8.5266,47.3473,3.193200111
8.5275,47.3473,3.97329998
8.5284,47.3473,4.266600132
8.5293,47.3473,4.361299992
8.53019,47.3473,4.268000126
8.53109,47.3473,4.359200001
8.53199,47.3473,4.496399879
8.53289,47.3473,4.419700146
8.53379,47.3473,3.957799912
8.53469,47.3473,2.786200047
8.53558,47.3473,1.702499986
8.53648,47.3473,0.666599989
8.53738,47.3473,0.197600007
8.53828,47.3473,0
8.53918,47.3473,0
8.54008,47.3473,0
8.54097,47.3473,0
8.54187,47.3473,0
8.54277,47.3473,0
8.54367,47.3473,0
8.54457,47.3473,0
8.54547,47.3473,0
8.54636,47.3473,0
8.54726,47.3473,0
8.54816,47.3473,0
8.54906,47.3473,0
8.54996,47.3473,0
8.55086,47.3473,0
8.55175,47.3473,0
8.55265,47.3473,0
8.55355,47.3473,0
8.55445,47.3473,0
8.55535,47.3473,0
8.55625,47.3473,0
8.55714,47.3473,0
8.55804,47.3473,0
8.55894,47.3473,0
8.55984,47.3473,0
8.56074,47.3473,0
8.56163,47.3473,0
8.56253,47.3473,0
8.56343,47.3473,0
8.56433,47.3473,0.0091
8.56523,47.3473,0.075400002
8.49785,47.34669,0
8.49875,47.34669,0
8.49965,47.34669,0
8.50055,47.34669,0
8.50145,47.34669,0
8.50235,47.34669,0
8.50324,47.34669,0
8.50414,47.34669,0
8.50504,47.34669,0
8.50594,47.34669,0
8.50684,47.34669,0
8.50774,47.34669,0
8.50863,47.34669,0
8.50953,47.34669,0
8.51043,47.34669,0
8.51133,47.34669,0
8.51223,47.34669,0
8.51313,47.34669,0
8.51402,47.34669,0
8.51492,47.34669,0
8.51582,47.34669,0
8.51672,47.34669,0
8.51762,47.34669,0
8.51852,47.34669,0
8.51941,47.34669,0
8.52031,47.34669,0
8.52121,47.34669,0.054900002
8.52211,47.34669,0.152999997
8.52301,47.34669,0.240899995
8.52391,47.34669,0.423999995
8.5248,47.34669,1.044499993
8.5257,47.34669,1.883399963
8.5266,47.34669,2.771199942
8.5275,47.34669,3.684400082
8.5284,47.34669,4.274700165
8.5293,47.34669,4.425000191
8.53019,47.34669,4.425899982
8.53109,47.34669,4.798299789
8.53199,47.34669,4.964099884
8.53289,47.34669,4.935800076
8.53379,47.34669,4.415200233
8.53469,47.34669,3.405499935
8.53558,47.34669,2.15440011
8.53648,47.34669,1.114199996
8.53738,47.34669,0.269400001
8.53828,47.34669,0.062899999
8.53918,47.34669,0
8.54008,47.34669,0
8.54097,47.34669,0
8.54187,47.34669,0
8.54277,47.34669,0
8.54367,47.34669,0
8.54457,47.34669,0
8.54547,47.34669,0
8.54636,47.34669,0
8.54726,47.34669,0
8.54816,47.34669,0
8.54906,47.34669,0
8.54996,47.34669,0
8.55086,47.34669,0
8.55175,47.34669,0
8.55265,47.34669,0
8.55355,47.34669,0
8.55445,47.34669,0
8.55535,47.34669,0
8.55625,47.34669,0
8.55714,47.34669,0
8.55804,47.34669,0
8.55894,47.34669,0
8.55984,47.34669,0
8.56074,47.34669,0
8.56163,47.34669,0
8.56253,47.34669,0
8.56343,47.34669,0
8.56433,47.34669,0
8.49875,47.34608,0
8.49965,47.34608,0
8.50055,47.34608,0
8.50145,47.34608,0
8.50235,47.34608,0
8.50324,47.34608,0
8.50414,47.34608,0
8.50504,47.34608,0
8.50594,47.34608,0
8.50684,47.34608,0
8.50774,47.34608,0
8.50863,47.34608,0
8.50953,47.34608,0
8.51043,47.34608,0
8.51133,47.34608,0
8.51223,47.34608,0
8.51313,47.34608,0
8.51402,47.34608,0
8.51492,47.34608,0
8.51582,47.34608,0
8.51672,47.34608,0
8.51762,47.34608,0
8.51852,47.34608,0
8.51941,47.34608,0
8.52031,47.34608,0.054900002
8.52121,47.34608,0.203099996
8.52211,47.34608,0.398900002
8.52301,47.34608,0.556100011
8.52391,47.34608,0.82130003
8.5248,47.34608,1.126099944
8.5257,47.34608,1.826900005
8.5266,47.34608,2.610899925
8.5275,47.34608,3.327199936
8.5284,47.34608,3.980000019
8.5293,47.34608,4.345900059
8.53019,47.34608,4.370999813
8.53109,47.34608,4.952300072
8.53199,47.34608,5.17689991
8.53289,47.34608,5.361899853
8.53379,47.34608,4.861800194
8.53469,47.34608,3.903399944
8.53558,47.34608,2.627500057
8.53648,47.34608,1.506500006
8.53738,47.34608,0.55400002
8.53828,47.34608,0.104000002
8.53918,47.34608,0
8.54008,47.34608,0
8.54097,47.34608,0
8.54187,47.34608,0
8.54277,47.34608,0
8.54367,47.34608,0
8.54457,47.34608,0
8.54547,47.34608,0
8.54636,47.34608,0
8.54726,47.34608,0
8.54816,47.34608,0
8.54906,47.34608,0
8.54996,47.34608,0
8.55086,47.34608,0
8.55175,47.34608,0
8.55265,47.34608,0
8.55355,47.34608,0
8.55445,47.34608,0
8.55535,47.34608,0
8.55625,47.34608,0
8.55714,47.34608,0
8.55804,47.34608,0
8.55894,47.34608,0
8.55984,47.34608,0
8.56074,47.34608,0
8.56163,47.34608,0
8.56253,47.34608,0
8.49965,47.34547,0
8.50055,47.34547,0
8.50145,47.34547,0
8.50235,47.34547,0
8.50324,47.34547,0
8.50414,47.34547,0
8.50504,47.34547,0
8.50594,47.34547,0
8.50684,47.34547,0
8.50774,47.34547,0
8.50863,47.34547,0
8.50953,47.34547,0
8.51043,47.34547,0
8.51133,47.34547,0
8.51223,47.34547,0
8.51313,47.34547,0
8.51402,47.34547,0
8.51492,47.34547,0
8.51582,47.34547,0
8.51672,47.34547,0
8.51762,47.34547,0
8.51852,47.34547,0
8.51941,47.34547,0
8.52031,47.34547,0.107299998
8.52121,47.34547,0.379999995
8.52211,47.34547,0.764299989
8.52301,47.34547,1.14349997
8.52391,47.34547,1.467499971
8.5248,47.34547,1.726400018
8.5257,47.34547,2.227799892
8.5266,47.34547,2.677999973
8.5275,47.34547,3.141200066
8.5284,47.34547,3.657000065
8.5293,47.34547,4.113299847
8.53019,47.34547,4.348700047
8.53109,47.34547,4.752099991
8.53199,47.34547,5.083799839
8.53289,47.34547,5.291200161
8.53379,47.34547,4.851200104
8.53469,47.34547,3.974400043
8.53558,47.34547,2.913599968
8.53648,47.34547,1.776600003
8.53738,47.34547,0.854799986
8.53828,47.34547,0.291500002
8.53918,47.34547,0.0823
8.54008,47.34547,0
8.54097,47.34547,0
8.54187,47.34547,0
8.54277,47.34547,0
8.54367,47.34547,0
8.54457,47.34547,0
8.54547,47.34547,0
8.54636,47.34547,0
8.54726,47.34547,0
8.54816,47.34547,0
8.54906,47.34547,0
8.54996,47.34547,0
8.55086,47.34547,0
8.55175,47.34547,0
8.55265,47.34547,0
8.55355,47.34547,0
8.55445,47.34547,0
8.55535,47.34547,0
8.55625,47.34547,0
8.55714,47.34547,0
8.55804,47.34547,0
8.55894,47.34547,0
8.55984,47.34547,0
8.56074,47.34547,0
8.56163,47.34547,0
8.49875,47.34486,0
8.49965,47.34486,0
8.50055,47.34486,0
8.50145,47.34486,0
8.50235,47.34486,0
8.50324,47.34486,0
8.50414,47.34486,0
8.50504,47.34486,0
8.50594,47.34486,0
8.50684,47.34486,0
8.50774,47.34486,0
8.50863,47.34486,0
8.50953,47.34486,0
8.51043,47.34486,0
8.51133,47.34486,0
8.51223,47.34486,0
8.51313,47.34486,0
8.51402,47.34486,0
8.51492,47.34486,0
8.51582,47.34486,0
8.51672,47.34486,0
8.51762,47.34486,0
8.51852,47.34486,0
8.51941,47.34486,0.037700001
8.52031,47.34486,0.180700004
8.52121,47.34486,0.58039999
8.52211,47.34486,1.121299982
8.52301,47.34486,1.66869998
8.52391,47.34486,2.058599949
8.5248,47.34486,2.442600012
8.5257,47.34486,2.767800093
8.5266,47.34486,3.187999964
8.5275,47.34486,3.417999983
8.5284,47.34486,3.79369998
8.5293,47.34486,3.930799961
8.53019,47.34486,4.063099861
8.53109,47.34486,4.329699993
8.53199,47.34486,4.558499813
8.53289,47.34486,4.665100098
8.53379,47.34486,4.503499985
8.53469,47.34486,3.782200098
8.53558,47.34486,2.924799919
8.53648,47.34486,2.12590003
8.53738,47.34486,1.02820003
8.53828,47.34486,0.544799984
8.53918,47.34486,0.229499996
8.54008,47.34486,0.054900002
8.54097,47.34486,0
8.54187,47.34486,0
8.54277,47.34486,0
8.54367,47.34486,0
8.54457,47.34486,0
8.54547,47.34486,0
8.54636,47.34486,0
8.54726,47.34486,0
8.54816,47.34486,0
8.54906,47.34486,0
8.54996,47.34486,0
8.55086,47.34486,0
8.55175,47.34486,0
8.55265,47.34486,0
8.55355,47.34486,0
8.55445,47.34486,0
8.55535,47.34486,0
8.55625,47.34486,0
8.55714,47.34486,0
8.55804,47.34486,0
8.55894,47.34486,0
8.55984,47.34486,0
8.56074,47.34486,0
8.49785,47.34426,0
8.49875,47.34426,0
8.49965,47.34426,0
8.50055,47.34426,0
8.50145,47.34426,0
8.50235,47.34426,0
8.50324,47.34426,0
8.50414,47.34426,0
8.50504,47.34426,0
8.50594,47.34426,0
8.50684,47.34426,0
8.50774,47.34426,0
8.50863,47.34426,0
8.50953,47.34426,0
8.51043,47.34426,0
8.51133,47.34426,0
8.51223,47.34426,0
8.51313,47.34426,0
8.51402,47.34426,0
8.51492,47.34426,0
8.51582,47.34426,0
8.51672,47.34426,0
8.51762,47.34426,0
8.51852,47.34426,0
8.51941,47.34426,0.0189
8.52031,47.34426,0.175300002
8.52121,47.34426,0.639299989
8.52211,47.34426,1.247099996
8.52301,47.34426,1.917299986
8.52391,47.34426,2.576299906
8.5248,47.34426,3.025700092
8.5257,47.34426,3.322000027
8.5266,47.34426,3.694999933
8.5275,47.34426,3.763099909
8.5284,47.34426,3.993400097
8.5293,47.34426,3.968699932
8.53019,47.34426,3.980099916
8.53109,47.34426,3.928900003
8.53199,47.34426,3.964999914
8.53289,47.34426,3.969099998
8.53379,47.34426,3.662400007
8.53469,47.34426,3.350699902
8.53558,47.34426,2.853399992
8.53648,47.34426,2.229700089
8.53738,47.34426,1.476199985
8.53828,47.34426,0.925199986
8.53918,47.34426,0.366299987
8.54008,47.34426,0.146300003
8.54097,47.34426,0.018300001
8.54187,47.34426,0
8.54277,47.34426,0
8.54367,47.34426,0
8.54457,47.34426,0
8.54547,47.34426,0
8.54636,47.34426,0
8.54726,47.34426,0
8.54816,47.34426,0
8.54906,47.34426,0
8.54996,47.34426,0
8.55086,47.34426,0
8.55175,47.34426,0
8.55265,47.34426,0
8.55355,47.34426,0
8.55445,47.34426,0
8.55535,47.34426,0
8.55625,47.34426,0
8.55714,47.34426,0
8.55804,47.34426,0
8.55894,47.34426,0
8.49785,47.34365,0
8.49875,47.34365,0
8.49965,47.34365,0
8.50055,47.34365,0
8.50145,47.34365,0
8.50235,47.34365,0
8.50324,47.34365,0
8.50414,47.34365,0
8.50504,47.34365,0
8.50594,47.34365,0
8.50684,47.34365,0
8.50774,47.34365,0
8.50863,47.34365,0
8.50953,47.34365,0
8.51043,47.34365,0
8.51133,47.34365,0
8.51223,47.34365,0
8.51313,47.34365,0
8.51402,47.34365,0
8.51492,47.34365,0
8.51582,47.34365,0
8.51672,47.34365,0
8.51762,47.34365,0
8.51852,47.34365,0
8.51941,47.34365,0
8.52031,47.34365,0.170200005
8.52121,47.34365,0.600499988
8.52211,47.34365,1.195600033
8.52301,47.34365,1.886199951
8.52391,47.34365,2.583300114
8.5248,47.34365,3.187299967
8.5257,47.34365,3.759599924
8.5266,47.34365,4.131100178
8.5275,47.34365,4.317599773
8.5284,47.34365,4.430699825
8.5293,47.34365,4.26970005
8.53019,47.34365,3.940700054
8.53109,47.34365,3.631500006
8.53199,47.34365,3.40899992
8.53289,47.34365,3.098700047
8.53379,47.34365,3.161299944
8.53469,47.34365,2.901400089
8.53558,47.34365,2.648699999
8.53648,47.34365,2.234999895
8.53738,47.34365,1.772099972
8.53828,47.34365,1.185799956
8.53918,47.34365,0.555199981
8.54008,47.34365,0.156200007
8.54097,47.34365,0.051800001
8.54187,47.34365,0
8.54277,47.34365,0
8.54367,47.34365,0
8.54457,47.34365,0
8.54547,47.34365,0
8.54636,47.34365,0
8.54726,47.34365,0
8.54816,47.34365,0
8.54906,47.34365,0
8.54996,47.34365,0
8.55086,47.34365,0
8.55175,47.34365,0
8.55265,47.34365,0
8.55355,47.34365,0
8.55445,47.34365,0
8.55535,47.34365,0
8.55625,47.34365,0
8.55714,47.34365,0
8.55804,47.34365,0
8.49875,47.34304,0
8.49965,47.34304,0
8.50055,47.34304,0
8.50145,47.34304,0
8.50235,47.34304,0
8.50324,47.34304,0
8.50414,47.34304,0
8.50504,47.34304,0
8.50594,47.34304,0
8.50684,47.34304,0
8.50774,47.34304,0
8.50863,47.34304,0
8.50953,47.34304,0
8.51043,47.34304,0
8.51133,47.34304,0
8.51223,47.34304,0
8.51313,47.34304,0
8.51402,47.34304,0
8.51492,47.34304,0
8.51582,47.34304,0
8.51672,47.34304,0
8.51762,47.34304,0
8.51852,47.34304,0
8.51941,47.34304,0
8.52031,47.34304,0.0274
8.52121,47.34304,0.338999987
8.52211,47.34304,0.915499985
8.52301,47.34304,1.594400048
8.52391,47.34304,2.259200096
8.5248,47.34304,3.028599977
8.5257,47.34304,3.761100054
8.5266,47.34304,4.24119997
8.5275,47.34304,4.473999977
8.5284,47.34304,4.572199821
8.5293,47.34304,4.407599926
8.53019,47.34304,4.216899872
8.53109,47.34304,3.722700119
8.53199,47.34304,3.403800011
8.53289,47.34304,2.855099916
8.53379,47.34304,2.872800112
8.53469,47.34304,2.444099903
8.53558,47.34304,2.436700106
8.53648,47.34304,2.231600046
8.53738,47.34304,1.861099958
8.53828,47.34304,1.271700025
8.53918,47.34304,0.683499992
8.54008,47.34304,0.226099998
8.54097,47.34304,0.076399997
8.54187,47.34304,0.0126
8.54277,47.34304,0
8.54367,47.34304,0
8.54457,47.34304,0
8.54547,47.34304,0
8.54636,47.34304,0
8.54726,47.34304,0
8.54816,47.34304,0
8.54906,47.34304,0
8.54996,47.34304,0
8.55086,47.34304,0
8.55175,47.34304,0
8.55265,47.34304,0
8.55355,47.34304,0
8.55445,47.34304,0
8.55535,47.34304,0
8.55625,47.34304,0
8.55714,47.34304,0
8.49965,47.34243,0
8.50055,47.34243,0
8.50145,47.34243,0
8.50235,47.34243,0
8.50324,47.34243,0
8.50414,47.34243,0
8.50504,47.34243,0
8.50594,47.34243,0
8.50684,47.34243,0
8.50774,47.34243,0
8.50863,47.34243,0
8.50953,47.34243,0
8.51043,47.34243,0
8.51133,47.34243,0
8.51223,47.34243,0
8.51313,47.34243,0
8.51402,47.34243,0
8.51492,47.34243,0
8.51582,47.34243,0
8.51672,47.34243,0
8.51762,47.34243,0
8.51852,47.34243,0
8.51941,47.34243,0
8.52031,47.34243,0
8.52121,47.34243,0.174899995
8.52211,47.34243,0.537699997
8.52301,47.34243,1.031100035
8.52391,47.34243,1.738899946
8.5248,47.34243,2.496999979
8.5257,47.34243,3.369199991
8.5266,47.34243,4.04279995
8.5275,47.34243,4.447999954
8.5284,47.34243,4.54309988
8.5293,47.34243,4.424399853
8.53019,47.34243,4.355400085
8.53109,47.34243,4.096199989
8.53199,47.34243,3.780600071
8.53289,47.34243,3.430900097
8.53379,47.34243,2.950099945
8.53469,47.34243,2.5006001
8.53558,47.34243,2.334500074
8.53648,47.34243,2.050899982
8.53738,47.34243,1.682500005
8.53828,47.34243,1.175999999
8.53918,47.34243,0.594799995
8.54008,47.34243,0.276199996
8.54097,47.34243,0.0779
8.54187,47.34243,0.0274
8.54277,47.34243,0
8.54367,47.34243,0
8.54457,47.34243,0
8.54547,47.34243,0
8.54636,47.34243,0
8.54726,47.34243,0
8.54816,47.34243,0
8.54906,47.34243,0
8.54996,47.34243,0
8.55086,47.34243,0
8.55175,47.34243,0
8.55265,47.34243,0
8.55355,47.34243,0
8.55445,47.34243,0
8.55535,47.34243,0
8.49965,47.34182,0
8.50055,47.34182,0
8.50145,47.34182,0
8.50235,47.34182,0
8.50324,47.34182,0
8.50414,47.34182,0
8.50504,47.34182,0
8.50594,47.34182,0
8.50684,47.34182,0
8.50774,47.34182,0
8.50863,47.34182,0
8.50953,47.34182,0
8.51043,47.34182,0
8.51133,47.34182,0
8.51223,47.34182,0
8.51313,47.34182,0
8.51402,47.34182,0
8.51492,47.34182,0
8.51582,47.34182,0
8.51672,47.34182,0.0063
8.51762,47.34182,0.0063
8.51852,47.34182,0
8.51941,47.34182,0
8.52031,47.34182,0
8.52121,47.34182,0
8.52211,47.34182,0.195899993
8.52301,47.34182,0.614899993
8.52391,47.34182,1.376799941
8.5248,47.34182,2.228100061
8.5257,47.34182,3.238300085
8.5266,47.34182,3.931799889
8.5275,47.34182,4.396800041
8.5284,47.34182,4.301400185
8.5293,47.34182,4.530099869
8.53019,47.34182,4.471600056
8.53109,47.34182,4.691699982
8.53199,47.34182,4.419700146
8.53289,47.34182,3.987400055
8.53379,47.34182,3.384299994
8.53469,47.34182,2.753000021
8.53558,47.34182,2.085599899
8.53648,47.34182,1.802399993
8.53738,47.34182,1.355800033
8.53828,47.34182,0.955299973
8.53918,47.34182,0.5273
8.54008,47.34182,0.195299998
8.54097,47.34182,0.099200003
8.54187,47.34182,0.039900001
8.54277,47.34182,0
8.54367,47.34182,0
8.54457,47.34182,0
8.54547,47.34182,0
8.54636,47.34182,0
8.54726,47.34182,0
8.54816,47.34182,0
8.54906,47.34182,0
8.54996,47.34182,0
8.55086,47.34182,0
8.55175,47.34182,0
8.55265,47.34182,0
8.55355,47.34182,0
8.55445,47.34182,0
8.49965,47.34121,0
8.50055,47.34121,0
8.50145,47.34121,0
8.50235,47.34121,0
8.50324,47.34121,0
8.50414,47.34121,0
8.50504,47.34121,0
8.50594,47.34121,0
8.50684,47.34121,0
8.50774,47.34121,0
8.50863,47.34121,0
8.50953,47.34121,0
8.51043,47.34121,0
8.51133,47.34121,0
8.51223,47.34121,0
8.51313,47.34121,0
8.51402,47.34121,0
8.51492,47.34121,0.0091
8.51582,47.34121,0.022500001
8.51672,47.34121,0.0284
8.51762,47.34121,0.110100001
8.51852,47.34121,0.110399999
8.51941,47.34121,0.0091
8.52031,47.34121,0
8.52121,47.34121,0
8.52211,47.34121,0.085699998
8.52301,47.34121,0.434500009
8.52391,47.34121,1.175300002
8.5248,47.34121,2.125299931
8.5257,47.34121,3.178200006
8.5266,47.34121,3.984999895
8.5275,47.34121,4.388599873
8.5284,47.34121,4.304500103
8.5293,47.34121,4.383999825
8.53019,47.34121,4.679399967
8.53109,47.34121,5.023600101
8.53199,47.34121,4.878600121
8.53289,47.34121,4.50369978
8.53379,47.34121,3.77579999
8.53469,47.34121,2.91050005
8.53558,47.34121,2.038199902
8.53648,47.34121,1.478700042
8.53738,47.34121,1.132099986
8.53828,47.34121,0.82889998
8.53918,47.34121,0.54549998
8.54008,47.34121,0.258599997
8.54097,47.34121,0.166899994
8.54187,47.34121,0.086000003
8.54277,47.34121,0.028000001
8.54367,47.34121,0
8.54457,47.34121,0
8.54547,47.34121,0
8.54636,47.34121,0
8.54726,47.34121,0
8.54816,47.34121,0
8.54906,47.34121,0
8.54996,47.34121,0
8.55086,47.34121,0
8.55175,47.34121,0
8.55265,47.34121,0
8.55355,47.34121,0
8.49965,47.3406,0
8.50055,47.3406,0
8.50145,47.3406,0
8.50235,47.3406,0
8.50324,47.3406,0
8.50414,47.3406,0
8.50504,47.3406,0
8.50594,47.3406,0
8.50684,47.3406,0
8.50774,47.3406,0
8.50863,47.3406,0
8.50953,47.3406,0
8.51043,47.3406,0
8.51133,47.3406,0
8.51223,47.3406,0
8.51313,47.3406,0
8.51402,47.3406,0.0091
8.51492,47.3406,0.0262
8.51582,47.3406,0.160799995
8.51672,47.3406,0.366600007
8.51762,47.3406,0.441599995
8.51852,47.3406,0.501399994
8.51941,47.3406,0.494800001
8.52031,47.3406,0.137199998
8.52121,47.3406,0.0189
8.52211,47.3406,0.054000001
8.52301,47.3406,0.528199971
8.52391,47.3406,1.32280004
8.5248,47.3406,2.496700048
8.5257,47.3406,3.487600088
8.5266,47.3406,4.254799843
8.5275,47.3406,4.345900059
8.5284,47.3406,4.417500019
8.5293,47.3406,4.402900219
8.53019,47.3406,4.817699909
8.53109,47.3406,5.197800159
8.53199,47.3406,5.433499813
8.53289,47.3406,4.893099785
8.53379,47.3406,3.917599916
8.53469,47.3406,2.97420001
8.53558,47.3406,2.054699898
8.53648,47.3406,1.396499991
8.53738,47.3406,1.096099973
8.53828,47.3406,0.928499997
8.53918,47.3406,0.682099998
8.54008,47.3406,0.483700007
8.54097,47.3406,0.286799997
8.54187,47.3406,0.170900002
8.54277,47.3406,0.044500001
8.54367,47.3406,0.0091
8.54457,47.3406,0
8.54547,47.3406,0
8.54636,47.3406,0
8.54726,47.3406,0
8.54816,47.3406,0
8.54906,47.3406,0
8.54996,47.3406,0
8.55086,47.3406,0
8.55175,47.3406,0
8.50055,47.33999,0
8.50145,47.33999,0
8.50235,47.33999,0
8.50324,47.33999,0
8.50414,47.33999,0
8.50504,47.33999,0
8.50594,47.33999,0
8.50684,47.33999,0
8.50774,47.33999,0
8.50863,47.33999,0
8.50953,47.33999,0
8.51043,47.33999,0
8.51133,47.33999,0
8.51223,47.33999,0
8.51313,47.33999,0
8.51402,47.33999,0.0133
8.51492,47.33999,0.175300002
8.51582,47.33999,0.459500015
8.51672,47.33999,0.836700022
8.51762,47.33999,1.280799985
8.51852,47.33999,1.349599957
8.51941,47.33999,1.19659996
8.52031,47.33999,0.866999984
8.52121,47.33999,0.423599988
8.52211,47.33999,0.243699998
8.52301,47.33999,0.754999995
8.52391,47.33999,1.680899978
8.5248,47.33999,2.992799997
8.5257,47.33999,4.063099861
8.5266,47.33999,4.699800015
8.5275,47.33999,4.618899822
8.5284,47.33999,4.546299934
8.5293,47.33999,4.532000065
8.53019,47.33999,4.711100101
8.53109,47.33999,5.298600197
8.53199,47.33999,5.454899788
8.53289,47.33999,4.860799789
8.53379,47.33999,3.925400019
8.53469,47.33999,2.907700062
8.53558,47.33999,1.964699984
8.53648,47.33999,1.63349998
8.53738,47.33999,1.251799941
8.53828,47.33999,1.190799952
8.53918,47.33999,1.017099977
8.54008,47.33999,0.733799994
8.54097,47.33999,0.476099998
8.54187,47.33999,0.247600004
8.54277,47.33999,0.092200004
8.54367,47.33999,0.0133
8.54457,47.33999,0
8.54547,47.33999,0
8.54636,47.33999,0
8.54726,47.33999,0
8.54816,47.33999,0
8.54906,47.33999,0
8.54996,47.33999,0
8.55086,47.33999,0
8.50145,47.33939,0
8.50235,47.33939,0
8.50324,47.33939,0
8.50414,47.33939,0
8.50504,47.33939,0
8.50594,47.33939,0
8.50684,47.33939,0
8.50774,47.33939,0
8.50863,47.33939,0
8.50953,47.33939,0
8.51043,47.33939,0
8.51133,47.33939,0
8.51223,47.33939,0
8.51313,47.33939,0.0063
8.51402,47.33939,0.0579
8.51492,47.33939,0.350199997
8.51582,47.33939,1.008200049
8.51672,47.33939,1.736799955
8.51762,47.33939,2.237099886
8.51852,47.33939,2.384599924
8.51941,47.33939,2.121299982
8.52031,47.33939,1.495700002
8.52121,47.33939,0.925300002
8.52211,47.33939,0.583299994
8.52301,47.33939,0.909399986
8.52391,47.33939,2.063899994
8.5248,47.33939,3.545599937
8.5257,47.33939,4.683100224
8.5266,47.33939,5.36070013
8.5275,47.33939,5.300000191
8.5284,47.33939,4.757599831
8.5293,47.33939,4.454599857
8.53019,47.33939,4.799099922
8.53109,47.33939,5.11950016
8.53199,47.33939,5.162499905
8.53289,47.33939,4.666500092
8.53379,47.33939,3.628499985
8.53469,47.33939,2.664599895
8.53558,47.33939,2.04399991
8.53648,47.33939,1.724799991
8.53738,47.33939,1.605999947
8.53828,47.33939,1.5352
8.53918,47.33939,1.36619997
8.54008,47.33939,0.9921
8.54097,47.33939,0.666800022
8.54187,47.33939,0.3301
8.54277,47.33939,0.172199994
8.54367,47.33939,0.040199999
8.54457,47.33939,0.0063
8.54547,47.33939,0
8.54636,47.33939,0
8.54726,47.33939,0
8.54816,47.33939,0
8.54906,47.33939,0
8.50235,47.33878,0
8.50324,47.33878,0
8.50414,47.33878,0
8.50504,47.33878,0
8.50594,47.33878,0
8.50684,47.33878,0
8.50774,47.33878,0
8.50863,47.33878,0
8.50953,47.33878,0
8.51043,47.33878,0
8.51133,47.33878,0
8.51223,47.33878,0
8.51313,47.33878,0.018300001
8.51402,47.33878,0.302100003
8.51492,47.33878,0.820599973
8.51582,47.33878,1.813500047
8.51672,47.33878,2.67930007
8.51762,47.33878,3.266599894
8.51852,47.33878,3.401400089
8.51941,47.33878,3.104000092
8.52031,47.33878,2.297699928
8.52121,47.33878,1.542099953
8.52211,47.33878,0.998899996
8.52301,47.33878,1.233899951
8.52391,47.33878,2.336800098
8.5248,47.33878,4.041999817
8.5257,47.33878,5.463500023
8.5266,47.33878,6.159900188
8.5275,47.33878,5.999400139
8.5284,47.33878,5.467400074
8.5293,47.33878,4.810400009
8.53019,47.33878,4.832099915
8.53109,47.33878,4.923600197
8.53199,47.33878,4.956699848
8.53289,47.33878,4.261600018
8.53379,47.33878,3.494499922
8.53469,47.33878,2.476999998
8.53558,47.33878,2.030900002
8.53648,47.33878,1.835500002
8.53738,47.33878,1.843600035
8.53828,47.33878,1.766800046
8.53918,47.33878,1.561699986
8.54008,47.33878,1.162299991
8.54097,47.33878,0.747099996
8.54187,47.33878,0.458299994
8.54277,47.33878,0.217299998
8.54367,47.33878,0.101300001
8.54457,47.33878,0.031599998
8.54547,47.33878,0.0091
8.54636,47.33878,0
8.54726,47.33878,0
8.54816,47.33878,0
8.50324,47.33817,0
8.50414,47.33817,0
8.50504,47.33817,0
8.50594,47.33817,0
8.50684,47.33817,0
8.50774,47.33817,0
8.50863,47.33817,0
8.50953,47.33817,0
8.51043,47.33817,0
8.51133,47.33817,0
8.51223,47.33817,0
8.51313,47.33817,0.134100005
8.51402,47.33817,0.772000015
8.51492,47.33817,1.806800008
8.51582,47.33817,3.133300066
8.51672,47.33817,3.938800097
8.51762,47.33817,4.519100189
8.51852,47.33817,4.333300114
8.51941,47.33817,3.800499916
8.52031,47.33817,2.8671
8.52121,47.33817,1.985399961
8.52211,47.33817,1.321499944
8.52301,47.33817,1.400200009
8.52391,47.33817,2.622999907
8.5248,47.33817,4.242599964
8.5257,47.33817,5.719200134
8.5266,47.33817,6.408299923
8.5275,47.33817,6.287499905
8.5284,47.33817,5.713399887
8.5293,47.33817,5.168700218
8.53019,47.33817,4.697800159
8.53109,47.33817,4.852900028
8.53199,47.33817,4.768400192
8.53289,47.33817,4.019100189
8.53379,47.33817,3.224600077
8.53469,47.33817,2.402100086
8.53558,47.33817,2.006599903
8.53648,47.33817,1.880100012
8.53738,47.33817,1.80250001
8.53828,47.33817,1.784999967
8.53918,47.33817,1.57280004
8.54008,47.33817,1.272799969
8.54097,47.33817,0.822799981
8.54187,47.33817,0.467700005
8.54277,47.33817,0.252799988
8.54367,47.33817,0.126900002
8.54457,47.33817,0.059
8.54547,47.33817,0.035399999
8.54636,47.33817,0.0091
8.54726,47.33817,0
8.50324,47.33756,0
8.50414,47.33756,0
8.50504,47.33756,0
8.50594,47.33756,0
8.50684,47.33756,0
8.50774,47.33756,0
8.50863,47.33756,0
8.50953,47.33756,0
8.51043,47.33756,0
8.51133,47.33756,0.018300001
8.51223,47.33756,0.0392
8.51313,47.33756,0.58069998
8.51402,47.33756,1.646000028
8.51492,47.33756,2.909100056
8.51582,47.33756,4.179999828
8.51672,47.33756,5.243199825
8.51762,47.33756,5.566800117
8.51852,47.33756,5.282599926
8.51941,47.33756,4.441500187
8.52031,47.33756,3.447900057
8.52121,47.33756,2.437000036
8.52211,47.33756,1.664399982
8.52301,47.33756,1.425899982
8.52391,47.33756,2.455699921
8.5248,47.33756,3.836499929
8.5257,47.33756,5.41989994
8.5266,47.33756,6.107900143
8.5275,47.33756,6.133900166
8.5284,47.33756,5.520999908
8.5293,47.33756,5.293799877
8.53019,47.33756,4.861100197
8.53109,47.33756,4.925499916
8.53199,47.33756,4.82490015
8.53289,47.33756,4.247799873
8.53379,47.33756,3.168499947
8.53469,47.33756,2.461699963
8.53558,47.33756,2.055500031
8.53648,47.33756,1.827700019
8.53738,47.33756,1.707499981
8.53828,47.33756,1.659800053
8.53918,47.33756,1.528699994
8.54008,47.33756,1.255100012
8.54097,47.33756,0.896300018
8.54187,47.33756,0.540000021
8.54277,47.33756,0.288399994
8.54367,47.33756,0.158600003
8.54457,47.33756,0.104699999
8.54547,47.33756,0.0515
8.50235,47.33695,0
8.50324,47.33695,0
8.50414,47.33695,0
8.50504,47.33695,0
8.50594,47.33695,0
8.50684,47.33695,0
8.50774,47.33695,0
8.50863,47.33695,0
8.50953,47.33695,0
8.51043,47.33695,0.018300001
8.51133,47.33695,0.034200002
8.51223,47.33695,0.106299996
8.51313,47.33695,1.043900013
8.51402,47.33695,2.353499889
8.51492,47.33695,3.870100021
8.51582,47.33695,5.31619978
8.51672,47.33695,6.346600056
8.51762,47.33695,6.304500103
8.51852,47.33695,5.841700077
8.51941,47.33695,4.697800159
8.52031,47.33695,3.633399963
8.52121,47.33695,2.62770009
8.52211,47.33695,1.875699997
8.52301,47.33695,1.516299963
8.52391,47.33695,2.155499935
8.5248,47.33695,3.200700045
8.5257,47.33695,4.488800049
8.5266,47.33695,5.240600109
8.5275,47.33695,5.338699818
8.5284,47.33695,5.172399998
8.5293,47.33695,5.033800125
8.53019,47.33695,4.845799923
8.53109,47.33695,5.015200138
8.53199,47.33695,4.777699947
8.53289,47.33695,4.166800022
8.53379,47.33695,3.342999935
8.53469,47.33695,2.510499954
8.53558,47.33695,1.979099989
8.53648,47.33695,1.695199966
8.53738,47.33695,1.630100012
8.53828,47.33695,1.526100039
8.53918,47.33695,1.432899952
8.54008,47.33695,1.210999966
8.54097,47.33695,0.902800024
8.54187,47.33695,0.597000003
8.54277,47.33695,0.333200008
8.54367,47.33695,0.1866
8.54457,47.33695,0.0973
8.50235,47.33634,0
8.50324,47.33634,0
8.50414,47.33634,0
8.50504,47.33634,0
8.50594,47.33634,0
8.50684,47.33634,0
8.50774,47.33634,0
8.50863,47.33634,0
8.50953,47.33634,0
8.51043,47.33634,0.0266
8.51133,47.33634,0.049699999
8.51223,47.33634,0.372299999
8.51313,47.33634,1.36559999
8.51402,47.33634,2.713200092
8.51492,47.33634,4.415500164
8.51582,47.33634,5.757599831
8.51672,47.33634,6.391799927
8.51762,47.33634,6.355100155
8.51852,47.33634,5.8197999
8.51941,47.33634,4.631999969
8.52031,47.33634,3.717499971
8.52121,47.33634,2.720999956
8.52211,47.33634,1.755300045
8.52301,47.33634,1.182399988
8.52391,47.33634,1.493499994
8.5248,47.33634,2.118799925
8.5257,47.33634,3.104799986
8.5266,47.33634,3.971600056
8.5275,47.33634,4.179999828
8.5284,47.33634,4.327199936
8.5293,47.33634,4.494900227
8.53019,47.33634,4.530099869
8.53109,47.33634,4.629300117
8.53199,47.33634,4.37869978
8.53289,47.33634,3.876899958
8.53379,47.33634,3.180700064
8.53469,47.33634,2.370500088
8.53558,47.33634,1.92110002
8.53648,47.33634,1.686499953
8.53738,47.33634,1.578600049
8.53828,47.33634,1.502799988
8.53918,47.33634,1.368000031
8.54008,47.33634,1.16170001
8.54097,47.33634,0.891900003
8.54187,47.33634,0.619099975
8.54277,47.33634,0.394400001
8.54367,47.33634,0.179900005
8.50235,47.33573,0
8.50324,47.33573,0
8.50414,47.33573,0
8.50504,47.33573,0
8.50594,47.33573,0
8.50684,47.33573,0
8.50774,47.33573,0
8.50863,47.33573,0
8.50953,47.33573,0.0126
8.51043,47.33573,0.030200001
8.51133,47.33573,0.056299999
8.51223,47.33573,0.309199989
8.51313,47.33573,1.244500041
8.51402,47.33573,2.6171
8.51492,47.33573,4.160699844
8.51582,47.33573,5.505400181
8.51672,47.33573,6.059599876
8.51762,47.33573,5.812699795
8.51852,47.33573,5.21570015
8.51941,47.33573,4.197500229
8.52031,47.33573,3.17840004
8.52121,47.33573,2.461400032
8.52211,47.33573,1.700700045
8.52301,47.33573,0.996299982
8.52391,47.33573,0.861699998
8.5248,47.33573,1.215399981
8.5257,47.33573,1.783900023
8.5266,47.33573,2.560199976
8.5275,47.33573,3.098999977
8.5284,47.33573,3.509000063
8.5293,47.33573,3.825799942
8.53019,47.33573,4.105899811
8.53109,47.33573,4.204100132
8.53199,47.33573,3.896300077
8.53289,47.33573,3.321000099
8.53379,47.33573,2.704099894
8.53469,47.33573,2.245699883
8.53558,47.33573,1.918099999
8.53648,47.33573,1.783300042
8.53738,47.33573,1.69630003
8.53828,47.33573,1.598199964
8.53918,47.33573,1.363499999
8.54008,47.33573,1.150699973
8.54097,47.33573,0.846899986
8.54187,47.33573,0.58829999
8.50324,47.33512,0
8.50414,47.33512,0
8.50504,47.33512,0
8.50594,47.33512,0
8.50684,47.33512,0
8.50774,47.33512,0
8.50863,47.33512,0
8.50953,47.33512,0
8.51043,47.33512,0.0266
8.51133,47.33512,0.087399997
8.51223,47.33512,0.2315
8.51313,47.33512,1.076300025
8.51402,47.33512,2.185899973
8.51492,47.33512,3.530600071
8.51582,47.33512,4.517399788
8.51672,47.33512,4.968100071
8.51762,47.33512,4.802199841
8.51852,47.33512,4.267000198
8.51941,47.33512,3.382400036
8.52031,47.33512,2.748899937
8.52121,47.33512,2.067699909
8.52211,47.33512,1.315700054
8.52301,47.33512,0.680299997
8.52391,47.33512,0.276899993
8.5248,47.33512,0.317799985
8.5257,47.33512,0.802299976
8.5266,47.33512,1.508399963
8.5275,47.33512,1.956599951
8.5284,47.33512,2.717000008
8.5293,47.33512,3.090600014
8.53019,47.33512,3.361399889
8.53109,47.33512,3.440299988
8.53199,47.33512,3.109100103
8.53289,47.33512,2.540299892
8.53379,47.33512,2.144299984
8.53469,47.33512,1.842800021
8.53558,47.33512,1.891199946
8.53648,47.33512,1.970000029
8.53738,47.33512,1.939200044
8.53828,47.33512,1.828600049
8.53918,47.33512,1.489599943
8.54008,47.33512,1.127300024
8.54097,47.33512,0.721499979
8.54187,47.33512,0.479600012
8.50324,47.33452,0
8.50414,47.33452,0
8.50504,47.33452,0
8.50594,47.33452,0
8.50684,47.33452,0
8.50774,47.33452,0
8.50863,47.33452,0
8.50953,47.33452,0
8.51043,47.33452,0.018300001
8.51133,47.33452,0.113600001
8.51223,47.33452,0.31189999
8.51313,47.33452,0.983900011
8.51402,47.33452,1.968600035
8.51492,47.33452,3.035599947
8.51582,47.33452,3.79460001
8.51672,47.33452,4.040800095
8.51762,47.33452,3.708300114
8.51852,47.33452,3.052700043
8.51941,47.33452,2.456599951
8.52031,47.33452,1.971400023
8.52121,47.33452,1.413200021
8.52211,47.33452,0.732500017
8.52301,47.33452,0.392800003
8.52391,47.33452,0.146300003
8.5248,47.33452,0.044
8.5257,47.33452,0.194999993
8.5266,47.33452,0.807500005
8.5275,47.33452,1.277999997
8.5284,47.33452,1.965499997
8.5293,47.33452,2.504400015
8.53019,47.33452,2.752599955
8.53109,47.33452,2.556499958
8.53199,47.33452,2.185300112
8.53289,47.33452,1.671700001
8.53379,47.33452,1.575099945
8.53469,47.33452,1.709499955
8.53558,47.33452,2.060899973
8.53648,47.33452,2.246400118
8.53738,47.33452,2.325299978
8.53828,47.33452,2.0546
8.53918,47.33452,1.599499941
8.54008,47.33452,1.120800018
8.54097,47.33452,0.631099999
8.50235,47.33391,0
8.50324,47.33391,0
8.50414,47.33391,0
8.50504,47.33391,0
8.50594,47.33391,0
8.50684,47.33391,0
8.50774,47.33391,0
8.50863,47.33391,0
8.50953,47.33391,0
8.51043,47.33391,0.036600001
8.51133,47.33391,0.167300001
8.51223,47.33391,0.600499988
8.51313,47.33391,1.387099981
8.51402,47.33391,2.32130003
8.51492,47.33391,3.049799919
8.51582,47.33391,3.548799992
8.51672,47.33391,3.374300003
8.51762,47.33391,2.89260006
8.51852,47.33391,2.157200098
8.51941,47.33391,1.723799944
8.52031,47.33391,1.242699981
8.52121,47.33391,0.797200024
8.52211,47.33391,0.352200001
8.52301,47.33391,0.146300003
8.52391,47.33391,0
8.5248,47.33391,0
8.5257,47.33391,0.149100006
8.5266,47.33391,0.539200008
8.5275,47.33391,0.959100008
8.5284,47.33391,1.449900031
8.5293,47.33391,1.886399984
8.53019,47.33391,1.977300048
8.53109,47.33391,1.739099979
8.53199,47.33391,1.310099959
8.53289,47.33391,1.084900022
8.53379,47.33391,1.208600044
8.53469,47.33391,1.647099972
8.53558,47.33391,2.302200079
8.53648,47.33391,2.6098001
8.53738,47.33391,2.63470006
8.53828,47.33391,2.280999899
8.53918,47.33391,1.639899969
8.54008,47.33391,1.075899959
8.50235,47.3333,0
8.50324,47.3333,0
8.50414,47.3333,0
8.50504,47.3333,0
8.50594,47.3333,0
8.50684,47.3333,0
8.50774,47.3333,0
8.50863,47.3333,0
8.50953,47.3333,0
8.51043,47.3333,0.087499999
8.51133,47.3333,0.3046
8.51223,47.3333,1.105800033
8.51313,47.3333,2.290600061
8.51402,47.3333,3.454200029
8.51492,47.3333,4.001200199
8.51582,47.3333,4.146399975
8.51672,47.3333,3.567300081
8.51762,47.3333,2.702800035
8.51852,47.3333,1.753499985
8.51941,47.3333,1.128000021
8.52031,47.3333,0.548099995
8.52121,47.3333,0.318800002
8.52211,47.3333,0.0337
8.52301,47.3333,0
8.52391,47.3333,0
8.5248,47.3333,0
8.5257,47.3333,0.064000003
8.5266,47.3333,0.309199989
8.5275,47.3333,0.656199992
8.5284,47.3333,0.971199989
8.5293,47.3333,1.157999992
8.53019,47.3333,1.119099975
8.53109,47.3333,0.989300013
8.53199,47.3333,0.62470001
8.53289,47.3333,0.686200023
8.53379,47.3333,1.096600056
8.53469,47.3333,1.789600015
8.53558,47.3333,2.501600027
8.53648,47.3333,2.890399933
8.53738,47.3333,2.819400072
8.53828,47.3333,2.340800047
8.53918,47.3333,1.537999988
8.50145,47.33269,0
8.50235,47.33269,0
8.50324,47.33269,0
8.50414,47.33269,0
8.50504,47.33269,0
8.50594,47.33269,0
8.50684,47.33269,0
8.50774,47.33269,0
8.50863,47.33269,0
8.50953,47.33269,0.0251
8.51043,47.33269,0.1228
8.51133,47.33269,0.694700003
8.51223,47.33269,2.029200077
8.51313,47.33269,3.634299994
8.51402,47.33269,5.007400036
8.51492,47.33269,5.904300213
8.51582,47.33269,5.574399948
8.51672,47.33269,4.389999866
8.51762,47.33269,3.052400112
8.51852,47.33269,1.822999954
8.51941,47.33269,0.855599999
8.52031,47.33269,0.370599985
8.52121,47.33269,0.138500005
8.52211,47.33269,0
8.52301,47.33269,0
8.52391,47.33269,0
8.5248,47.33269,0
8.5257,47.33269,0
8.5266,47.33269,0.118900001
8.5275,47.33269,0.323700011
8.5284,47.33269,0.477800012
8.5293,47.33269,0.622600019
8.53019,47.33269,0.543299973
8.53109,47.33269,0.407000005
8.53199,47.33269,0.369899988
8.53289,47.33269,0.654999971
8.53379,47.33269,1.107499957
8.53469,47.33269,1.799000025
8.53558,47.33269,2.50270009
8.53648,47.33269,2.77850008
8.53738,47.33269,2.657399893
8.53828,47.33269,2.07949996
8.50145,47.33208,0
8.50235,47.33208,0
8.50324,47.33208,0
8.50414,47.33208,0
8.50504,47.33208,0
8.50594,47.33208,0
8.50684,47.33208,0
8.50774,47.33208,0
8.50863,47.33208,0
8.50953,47.33208,0.0063
8.51043,47.33208,0.253500015
8.51133,47.33208,1.147199988
8.51223,47.33208,2.772500038
8.51313,47.33208,4.768700123
8.51402,47.33208,6.485499859
8.51492,47.33208,7.297999859
8.51582,47.33208,6.844099998
8.51672,47.33208,5.387599945
8.51762,47.33208,3.42869997
8.51852,47.33208,1.836899996
8.51941,47.33208,0.883400023
8.52031,47.33208,0.278899997
8.52121,47.33208,0.0091
8.52211,47.33208,0
8.52301,47.33208,0
8.52391,47.33208,0
8.5248,47.33208,0
8.5257,47.33208,0
8.5266,47.33208,0
8.5275,47.33208,0.054900002
8.5284,47.33208,0.160400003
8.5293,47.33208,0.215700001
8.53019,47.33208,0.153500006
8.53109,47.33208,0.192300007
8.53199,47.33208,0.211999997
8.53289,47.33208,0.52759999
8.53379,47.33208,1.010100007
8.53469,47.33208,1.58920002
8.53558,47.33208,2.181299925
8.53648,47.33208,2.307399988
8.53738,47.33208,2.163599968
8.50235,47.33147,0
8.50324,47.33147,0
8.50414,47.33147,0
8.50504,47.33147,0
8.50594,47.33147,0
8.50684,47.33147,0
8.50774,47.33147,0
8.50863,47.33147,0
8.50953,47.33147,0.0251
8.51043,47.33147,0.33829999
8.51133,47.33147,1.344699979
8.51223,47.33147,3.256500006
8.51313,47.33147,5.376599789
8.51402,47.33147,7.378900051
8.51492,47.33147,8.112600327
8.51582,47.33147,7.486499786
8.51672,47.33147,5.757699966
8.51762,47.33147,3.624700069
8.51852,47.33147,1.782999992
8.51941,47.33147,0.821200013
8.52031,47.33147,0.207200006
8.52121,47.33147,0.0189
8.52211,47.33147,0
8.52301,47.33147,0
8.52391,47.33147,0
8.5248,47.33147,0
8.5257,47.33147,0
8.5266,47.33147,0
8.5275,47.33147,0
8.5284,47.33147,0
8.5293,47.33147,0.037700001
8.53019,47.33147,0.0251
8.53109,47.33147,0.0063
8.53199,47.33147,0.105700001
8.53289,47.33147,0.424499989
8.53379,47.33147,0.827799976
8.53469,47.33147,1.207800031
8.53558,47.33147,1.535899997
8.53648,47.33147,1.642099977
8.53738,47.33147,1.481099963
8.50145,47.33086,0
8.50235,47.33086,0
8.50324,47.33086,0
8.50414,47.33086,0
8.50504,47.33086,0
8.50594,47.33086,0
8.50684,47.33086,0
8.50774,47.33086,0
8.50863,47.33086,0
8.50953,47.33086,0.0691
8.51043,47.33086,0.448199987
8.51133,47.33086,1.395400047
8.51223,47.33086,3.220099926
8.51313,47.33086,5.345600128
8.51402,47.33086,7.156599998
8.51492,47.33086,7.82159996
8.51582,47.33086,7.175899982
8.51672,47.33086,5.5072999
8.51762,47.33086,3.571399927
8.51852,47.33086,1.806499958
8.51941,47.33086,1.041000009
8.52031,47.33086,0.358799994
8.52121,47.33086,0.086300001
8.52211,47.33086,0
8.52301,47.33086,0
8.52391,47.33086,0
8.5248,47.33086,0
8.5257,47.33086,0
8.5266,47.33086,0
8.5275,47.33086,0
8.5284,47.33086,0
8.5293,47.33086,0
8.53019,47.33086,0
8.53109,47.33086,0
8.53199,47.33086,0.064000003
8.53289,47.33086,0.228499994
8.53379,47.33086,0.496399999
8.50235,47.33025,0
8.50324,47.33025,0
8.50414,47.33025,0
8.50504,47.33025,0
8.50594,47.33025,0
8.50684,47.33025,0
8.50774,47.33025,0
8.50863,47.33025,0
8.50953,47.33025,0
8.51043,47.33025,0.195500001
8.51133,47.33025,1.142699957
8.51223,47.33025,2.647000074
8.51313,47.33025,4.392399788
8.51402,47.33025,5.867300034
8.51492,47.33025,6.540299892
8.51582,47.33025,6.114200115
8.51672,47.33025,4.81829977
8.51762,47.33025,3.193700075
8.51852,47.33025,2.011899948
8.51941,47.33025,1.316699982
8.52031,47.33025,0.746100008
8.52121,47.33025,0.380899996
8.52211,47.33025,0.054900002
8.52301,47.33025,0
8.52391,47.33025,0
8.5248,47.33025,0
8.5257,47.33025,0
8.5266,47.33025,0
8.5275,47.33025,0
8.5284,47.33025,0
8.5293,47.33025,0
8.53019,47.33025,0
8.53109,47.33025,0
8.53199,47.33025,0
8.50235,47.32965,0
8.50324,47.32965,0
8.50414,47.32965,0
8.50504,47.32965,0
8.50594,47.32965,0
8.50684,47.32965,0
8.50774,47.32965,0
8.50863,47.32965,0
8.50953,47.32965,0
8.51043,47.32965,0.119499996
8.51133,47.32965,0.726199985
8.51223,47.32965,1.868100047
8.51313,47.32965,3.112200022
8.51402,47.32965,4.473899841
8.51492,47.32965,5.349599838
8.51582,47.32965,5.227900028
8.51672,47.32965,4.658100128
8.51762,47.32965,3.639600039
8.51852,47.32965,2.590500116
8.51941,47.32965,1.836599946
8.52031,47.32965,1.183300018
8.52121,47.32965,0.698099971
8.52211,47.32965,0.317600012
8.52301,47.32965,0
8.52391,47.32965,0
8.5248,47.32965,0
8.5257,47.32965,0
8.5266,47.32965,0
8.5275,47.32965,0
8.5284,47.32965,0
8.5293,47.32965,0
8.53019,47.32965,0
8.53109,47.32965,0
8.53199,47.32965,0
8.50324,47.32904,0
8.50414,47.32904,0
8.50504,47.32904,0
8.50594,47.32904,0
8.50684,47.32904,0
8.50774,47.32904,0
8.50863,47.32904,0
8.50953,47.32904,0
8.51043,47.32904,0.050299998
8.51133,47.32904,0.282000005
8.51223,47.32904,1.033400059
8.51313,47.32904,2.164400101
8.51402,47.32904,3.380100012
8.51492,47.32904,4.29309988
8.51582,47.32904,4.568600178
8.51672,47.32904,4.504199982
8.51762,47.32904,4.472099781
8.51852,47.32904,3.417000055
8.51941,47.32904,2.572099924
8.52031,47.32904,1.692600012
8.52121,47.32904,1.028100014
8.52211,47.32904,0.488400012
8.52301,47.32904,0.037700001
8.52391,47.32904,0
8.5248,47.32904,0
8.5257,47.32904,0
8.5266,47.32904,0
8.5275,47.32904,0
8.5284,47.32904,0
8.5293,47.32904,0
8.53019,47.32904,0
8.53109,47.32904,0
8.53199,47.32904,0
8.50235,47.32843,0
8.50324,47.32843,0
8.50414,47.32843,0
8.50504,47.32843,0
8.50594,47.32843,0
8.50684,47.32843,0
8.50774,47.32843,0
8.50863,47.32843,0.036600001
8.50953,47.32843,0.144700006
8.51043,47.32843,0.233899996
8.51133,47.32843,0.427700013
8.51223,47.32843,0.684700012
8.51313,47.32843,1.496299982
8.51402,47.32843,2.627399921
8.51492,47.32843,3.608400106
8.51582,47.32843,4.990399837
8.51672,47.32843,5.648600101
8.51762,47.32843,5.635799885
8.51852,47.32843,4.817900181
8.51941,47.32843,3.618900061
8.52031,47.32843,2.020499945
8.52121,47.32843,1.208999991
8.52211,47.32843,0.597199976
8.52301,47.32843,0.163399994
8.52391,47.32843,0
8.5248,47.32843,0
8.5257,47.32843,0
8.5266,47.32843,0
8.5275,47.32843,0
8.5284,47.32843,0
8.5293,47.32843,0
8.53019,47.32843,0
8.50235,47.32782,0
8.50324,47.32782,0
8.50414,47.32782,0
8.50504,47.32782,0
8.50594,47.32782,0
8.50684,47.32782,0
8.50774,47.32782,0.036600001
8.50863,47.32782,0.205500007
8.50953,47.32782,0.428299993
8.51043,47.32782,0.714699984
8.51133,47.32782,1.077200055
8.51223,47.32782,1.445299983
8.51313,47.32782,1.983100057
8.51402,47.32782,2.806299925
8.51492,47.32782,4.39470005
8.51582,47.32782,5.761400223
8.51672,47.32782,6.939400196
8.51762,47.32782,7.018199921
8.51852,47.32782,6.01060009
8.51941,47.32782,4.568799973
8.52031,47.32782,2.75
8.52121,47.32782,1.193699956
8.52211,47.32782,0.546999991
8.52301,47.32782,0.031399999
8.52391,47.32782,0
8.5248,47.32782,0
8.5257,47.32782,0
8.5266,47.32782,0
8.5275,47.32782,0
8.5284,47.32782,0
8.50235,47.32721,0
8.50324,47.32721,0
8.50414,47.32721,0
8.50504,47.32721,0
8.50594,47.32721,0
8.50684,47.32721,0
8.50774,47.32721,0.098899998
8.50863,47.32721,0.445899993
8.50953,47.32721,0.943199992
8.51043,47.32721,1.511800051
8.51133,47.32721,1.91929996
8.51223,47.32721,2.118000031
8.51313,47.32721,2.58039999
8.51402,47.32721,3.210400105
8.51492,47.32721,4.972799778
8.51582,47.32721,6.539700031
8.51672,47.32721,7.792099953
8.51762,47.32721,7.875199795
8.51852,47.32721,6.776199818
8.51941,47.32721,4.735199928
8.52031,47.32721,2.697999954
8.52121,47.32721,0.910399973
8.52211,47.32721,0.388700008
8.52301,47.32721,0.0189
8.52391,47.32721,0
8.5248,47.32721,0
8.5257,47.32721,0
8.5266,47.32721,0
8.50235,47.3266,0
8.50324,47.3266,0
8.50414,47.3266,0
8.50504,47.3266,0
8.50594,47.3266,0
8.50684,47.3266,0.0251
8.50774,47.3266,0.235400006
8.50863,47.3266,0.681500018
8.50953,47.3266,1.366999984
8.51043,47.3266,2.075299978
8.51133,47.3266,2.646100044
8.51223,47.3266,2.921799898
8.51313,47.3266,3.227900028
8.51402,47.3266,3.907099962
8.51492,47.3266,5.213099957
8.51582,47.3266,6.543000221
8.51672,47.3266,7.664000034
8.51762,47.3266,7.802999973
8.51852,47.3266,6.572100163
8.51941,47.3266,4.498000145
8.52031,47.3266,2.497100115
8.52121,47.3266,0.901300013
8.52211,47.3266,0.115800001
8.52301,47.3266,0.0126
8.52391,47.3266,0
8.5248,47.3266,0
8.50145,47.32599,0
8.50235,47.32599,0
8.50324,47.32599,0
8.50414,47.32599,0
8.50504,47.32599,0
8.50594,47.32599,0
8.50684,47.32599,0.031399999
8.50774,47.32599,0.251700014
8.50863,47.32599,0.828499973
8.50953,47.32599,1.600200057
8.51043,47.32599,2.354899883
8.51133,47.32599,2.954099894
8.51223,47.32599,3.325400114
8.51313,47.32599,3.27519989
8.51402,47.32599,3.420099974
8.51492,47.32599,4.706399918
8.51582,47.32599,5.832099915
8.51672,47.32599,6.71570015
8.51762,47.32599,6.632400036
8.51852,47.32599,5.296999931
8.51941,47.32599,3.595700026
8.52031,47.32599,1.83099997
8.52121,47.32599,0.359800011
8.52211,47.32599,0.054000001
8.52301,47.32599,0
8.52391,47.32599,0
8.5248,47.32599,0
8.50145,47.32538,0
8.50235,47.32538,0
8.50324,47.32538,0
8.50414,47.32538,0
8.50504,47.32538,0
8.50594,47.32538,0
8.50684,47.32538,0.031399999
8.50774,47.32538,0.235100001
8.50863,47.32538,0.724399984
8.50953,47.32538,1.407699943
8.51043,47.32538,2.125099897
8.51133,47.32538,2.673000097
8.51223,47.32538,2.95449996
8.51313,47.32538,2.960500002
8.51402,47.32538,2.763400078
8.51492,47.32538,3.438999891
8.51582,47.32538,4.209700108
8.51672,47.32538,4.727099895
8.51762,47.32538,4.599999905
8.51852,47.32538,3.762700081
8.51941,47.32538,2.487600088
8.52031,47.32538,1.301699996
8.52121,47.32538,0.143299997
8.52211,47.32538,0.018300001
8.52301,47.32538,0
8.52391,47.32538,0
8.5248,47.32538,0
8.50145,47.32477,0
8.50235,47.32477,0
8.50324,47.32477,0
8.50414,47.32477,0
8.50504,47.32477,0
8.50594,47.32477,0
8.50684,47.32477,0
8.50774,47.32477,0.112300001
8.50863,47.32477,0.448399991
8.50953,47.32477,1.030200005
8.51043,47.32477,1.558899999
8.51133,47.32477,1.911800027
8.51223,47.32477,2.122200012
8.51313,47.32477,2.099299908
8.51402,47.32477,1.899099946
8.51492,47.32477,2.039700031
8.51582,47.32477,2.658600092
8.51672,47.32477,2.932399988
8.51762,47.32477,2.914299965
8.51852,47.32477,2.279799938
8.51941,47.32477,1.487100005
8.50145,47.32417,0
8.50235,47.32417,0
8.50324,47.32417,0
8.50414,47.32417,0
8.50504,47.32417,0
8.50594,47.32417,0
8.50684,47.32417,0
8.50774,47.32417,0.045699999
8.50863,47.32417,0.213499993
8.50953,47.32417,0.49090001
8.51043,47.32417,0.814199984
8.51133,47.32417,1.058899999
8.51223,47.32417,1.169199944
8.51313,47.32417,1.128299952
8.51402,47.32417,1.077100039
8.51492,47.32417,1.0079
8.51582,47.32417,1.191699982
8.51672,47.32417,1.220900059
8.51762,47.32417,1.498200059
8.50235,47.32356,0
8.50324,47.32356,0
8.50414,47.32356,0
8.50504,47.32356,0
8.50594,47.32356,0
8.50684,47.32356,0
8.50774,47.32356,0
8.50863,47.32356,0.045699999
8.50953,47.32356,0.148800001
8.51043,47.32356,0.290600002
8.51133,47.32356,0.351900011
8.51223,47.32356,0.382999986
8.51313,47.32356,0.400900006
8.50235,47.32295,0
8.50324,47.32295,0
8.50414,47.32295,0
8.50504,47.32295,0
8.50594,47.32295,0
8.50684,47.32295,0
8.50774,47.32295,0
8.50863,47.32295,0
8.50953,47.32295,0
8.51043,47.32295,0.031399999
8.50235,47.32234,0
8.50324,47.32234,0
8.50414,47.32234,0
8.50504,47.32234,0
8.50594,47.32234,0
8.50324,47.32173,0
8.50414,47.32173,0
8.50504,47.32173,0
